SVCCD,Description,PRICE1,As of Date
1010014,"NI-EKG, 12 LEADS    ",561.75,7/2/2019
1010015,NI-STRESS TEST      ,3688.25,7/2/2019
1010023,NI-EVENT REC HKP    ,237.25,7/2/2019
1010045,NI-HOLTER RECRD TO48,675.25,7/2/2019
1010048,NI-HOLTER RECRD GT48,675.25,7/2/2019
1020030,EEG 41-60 MIN       ,2043.5,7/2/2019
1020032,EEG AWAKE DROWSY    ,2043.5,7/2/2019
1061480,NI-CARDIOVERSION    ,1852.25,7/2/2019
1110801,OR LEV 1 INI 15 MIN ,8333,7/2/2019
1110802,OR LEV 2 INI 15 MIN ,11110.5,7/2/2019
1110803,OR LEV 3 INI 15 MIN ,13888,7/2/2019
1110804,OR LEV 4 INI 15 MIN ,16666,7/2/2019
1110805,OR LEV 5 INI 15 MIN ,19443.5,7/2/2019
1110811,OR LEV 1 EA ADD MIN ,81.5,7/2/2019
1110812,OR LEV 2 EA ADD MIN ,108.5,7/2/2019
1110813,OR LEV 3 EA ADD MIN ,136,7/2/2019
1110814,OR LEV 4 EA ADD MIN ,163.5,7/2/2019
1110815,OR LEV 5 EA ADD MIN ,190.5,7/2/2019
1110821,AD PROCEDURE OR LV 1,2500,7/2/2019
1110822,AD PROCEDURE OR LV 2,3333,7/2/2019
1110823,AD PROCEDURE OR LV 3,4166.5,7/2/2019
1110824,AD PROCEDURE OR LV 4,4999.5,7/2/2019
1110825,AD PROCEDURE OR LV 5,5833,7/2/2019
1110841,PAIN MGMT IN PROC L1,1317,7/2/2019
1110864,LITHOTRIPSY         ,18320.5,7/2/2019
1120001,PACU LEV 1 INI 15 MN,3819.5,7/2/2019
1120002,PACU LEV 2 INI 15 MN,5729.5,7/2/2019
1120003,PACU LEV 3 INI 15 MN,7639,7/2/2019
1120004,PACU LEV 4 INI 15 MN,9549,7/2/2019
1120011,PACU LEV 1 EA ADD MN,17,7/2/2019
1120012,PACU LEV 2 EA ADD MN,25.5,7/2/2019
1120013,PACU LEV 3 EA ADD MN,34,7/2/2019
1120014,PACU LEV 4 EA ADD MN,42,7/2/2019
1131111,ANES LV 1 INI 15 MIN,2182.5,7/2/2019
1131112,ANES LV 2 INI 15 MIN,3273.5,7/2/2019
1131113,ANES LV 3 INI 15 MIN,4365,7/2/2019
1131114,ANES LV 4 INI 15 MIN,5456,7/2/2019
1131121,ANES LV 1 EA ADD MIN,35.5,7/2/2019
1131122,ANES LV 2 EA ADD MIN,53,7/2/2019
1131123,ANES LV 3 EA ADD MIN,70.5,7/2/2019
1131124,ANES LV 4 EA ADD MIN,88,7/2/2019
1160111,GI LAB LEV 1 1ST 15 ,4549,7/2/2019
1160112,GI LAB LEV 2 1ST 15 ,6824,7/2/2019
1160113,GI LAB LEV 3 1ST 15 ,9098.5,7/2/2019
1160121,GI LEV 1 EA ADD MIN ,6.8,7/2/2019
1160122,GI LEV 2 EA ADD MIN ,10.5,7/2/2019
1160123,GI LEV 3 EA ADD MIN ,14,7/2/2019
1160131,AD PROCEDURE GI LV 1,1365,7/2/2019
1160132,AD PROCEDURE GI LV 2,2047,7/2/2019
1160133,AD PROCEDURE GI LV 3,2729.5,7/2/2019
1210006,AMOXIC 400MG/5ML 5ML,8.7,7/2/2019
1210011,RHOPHYLAC 100UNT    ,776.75,7/2/2019
1210027,ALTEPLASE RECOM 1MG ,479,7/2/2019
1210031,NICARDIP 25/10ML INJ,13.25,7/2/2019
1210072,FLUTICASO 110MCG PUF,19.5,7/2/2019
1210077,ALBUTEROL 90MCG PUFF,15.25,7/2/2019
1210083,HYDROMORPH UP TO 4MG,59.75,7/2/2019
1210090,LEVETIRACET 10MG INJ,5.6,7/2/2019
1210095,FLU VAC NOPRSV ANTIG,214.5,7/2/2019
1210121,ACETYLCYS 10%INH 10M,68,7/2/2019
1210130,MORPHINE UP TO 10MG ,52.75,7/2/2019
1210145,CEFEPIME 500MG INJ  ,153.25,7/2/2019
1210146,CEFOTAXIME NA 1GM   ,99,7/2/2019
1210148,ALTEPLASE RECOM 1MG ,330.5,7/2/2019
1210149,CEFOXITIN 1GM INJ   ,227,7/2/2019
1210176,FOSPHENYTOIN 50MG   ,21.75,7/2/2019
1210183,ENOXAPARIN 10MG INJ ,171.75,7/2/2019
1210185,ENOXAPARIN 10MG INJ ,129.25,7/2/2019
1210186,ENOXAPARIN 10MG INJ ,87.25,7/2/2019
1210187,ENOXAPARIN 10MG INJ ,86.75,7/2/2019
1210194,CEFAZOLIN 500MG INJ ,116,7/2/2019
1210195,CEFTRIAXONE 250MGINJ,165.75,7/2/2019
1210196,CEFTRIAXONE 250MGINJ,64.5,7/2/2019
1210206,PHENYTOIN NA 50MGINJ,18.25,7/2/2019
1210210,MEROPENEM 100MG INJ ,28,7/2/2019
1210211,ACYCLOVIR 5MG INJ   ,3.4,7/2/2019
1210224,LEVOFLOXAC 250MG INJ,344.75,7/2/2019
1210225,LEVOFLOXAC 250MG INJ,205.75,7/2/2019
1210226,BOTULIN TOXI B 100U ,18.5,7/2/2019
1210232,IVIG (GAMMAGD) 500MG,278.25,7/2/2019
1210233,KETOROLAC 15MG INJ  ,20.25,7/2/2019
1210236,AMPICILLIN 500MG INJ,141,7/2/2019
1210237,AMPICILLIN 500MG INJ,282,7/2/2019
1210238,FLUCONAZOL 200MG INJ,176.75,7/2/2019
1210262,FUROSEMIDE 20MG INJ ,7.7,7/2/2019
1210263,FUROSEMIDE 20MG INJ ,36,7/2/2019
1210266,MEGESTROL 400MG/10ML,145.5,7/2/2019
1210267,MEPERID HCL 100MGINJ,69.75,7/2/2019
1210268,MEPERID HCL 100MGINJ,55.25,7/2/2019
1210294,PIPER/TAZOB 1G/.125G,407.5,7/2/2019
1210342,AMIODARONE 30MG INJ ,12.75,7/2/2019
1210352,MULTIVIT INJ 10ML   ,302.5,7/2/2019
1210361,MORPHINE SR 15MG CAP,17.75,7/2/2019
1210368,DIPHENHYD 25MG/10 UD,2,7/2/2019
1210462,FLUO.25-PROP.5%OS 5M,13.5,7/2/2019
1210474,PANTOPRAZ 40MG PKT  ,23.5,7/2/2019
1210487,VANCOMYCIN 500MG INJ,170.5,7/2/2019
1210507,DEXAMETH 0.25MG ORAL,0.8,7/2/2019
1210537,MIDAZOL  HCL 1MG INJ,8,7/2/2019
1210538,MIDAZOL  HCL 1MG INJ,16,7/2/2019
1210539,HEPARIN 1000U INJ   ,4.1,7/2/2019
1210540,HEPARIN 1000U INJ   ,32.75,7/2/2019
1210552,PHYTONADIONE 1MG INJ,177.5,7/2/2019
1210739,POTASSI CHL 2MEQ INJ,1.9,7/2/2019
1210740,MORPHINE UP TO 10MG ,52.75,7/2/2019
1210752,VIT D3 1000UNT TAB  ,10,7/2/2019
1210757,TRANEXAMIC 1000MG IJ,337.25,7/2/2019
1210796,CEFEPIME 500MG INJ  ,234.25,7/2/2019
1210822,ALBUMIN 25% 50ML IV ,571.75,7/2/2019
1210890,MORPH 20MG/ML OR 1ML,19.5,7/2/2019
1210903,MAGNES SULF 500MGINJ,6.1,7/2/2019
1210925,TENECTEPLASE 1MG INJ,367,7/2/2019
1210961,REGADENOSON 0.1MG IJ,446.5,7/2/2019
1210969,NORM SALINE 250ML IV,133.75,7/2/2019
1210975,MICAFUNGIN 1MG INJ  ,644.75,7/2/2019
1211046,METHOTREXATE NA 50MG,86.25,7/2/2019
1211109,ACETYLCYS 20%INH 30M,65.25,7/2/2019
1211123,METHYLPRED 125MG INJ,70.25,7/2/2019
1211140,ROPIVACAINE 1MG INJ ,0.5,7/2/2019
1211142,CEFOXITIN 1GM INJ   ,25.75,7/2/2019
1211184,LEVOFLOXAC 250MG INJ,194.5,7/2/2019
1211188,APAP 160MG/5ML 5ML  ,1,7/2/2019
1211208,K & NA PHOS PWD PKT ,15.25,7/2/2019
1211507,DRONEDRARONE 400MG  ,53.75,7/2/2019
1211543,PENICI G POT .6MUINJ,21.25,7/2/2019
1211643,ATROPINE 0.01MG INJ ,1.1,7/2/2019
1211644,ATROPINE 0.01MG INJ ,1.1,7/2/2019
1212096,DABIGATRAN 75MG TAB ,42,7/2/2019
1212114,CROTALID POLY IM 1GM,10525.75,7/2/2019
1212118,ADRENL/EPINEP 0.1MG ,18.75,7/2/2019
1212136,PEN G BENZ INJ 100K ,32.5,7/2/2019
1212192,ACETAMINO 10MG INJ  ,2,7/2/2019
1212217,INSULIN 1 UNT INJ   ,2,7/2/2019
1212221,INSULIN 1 UNT INJ   ,2,7/2/2019
1212223,INSULIN 1 UNT INJ   ,1.7,7/2/2019
1212224,INSULIN 1 UNT INJ   ,1.7,7/2/2019
1212226,INSULIN 1 UNT INJ   ,0.2,7/2/2019
1212227,INSULIN 1 UNT INJ   ,2,7/2/2019
1212283,RIVAROXABAN 10MG TAB,43.25,7/2/2019
1212310,ONDANSETRON 4MG ODT ,19.5,7/2/2019
1212361,H-COD7.5-APAP325 15M,18.25,7/2/2019
1212449,ESTROGEN VAG CR 30GM,1060.5,7/2/2019
1212517,HEPATITIS B GLOB 1ML,270.5,7/2/2019
1212534,MOME/FORM 100/5 PUF ,15.25,7/2/2019
1212535,MOME/FORM 200/5 PUF ,15.25,7/2/2019
1212538,ESTRADIOL VAL 10MG  ,47,7/2/2019
1212545,PIPER/TAZOB 1G/.125G,7.2,7/2/2019
1212556,BUPIVACAINE LIPO 1MG,4.2,7/2/2019
1212811,MEDROXYPROG 1MG INJ ,528.75,7/2/2019
1212812,METHYLNALTR .1MG INJ,314.25,7/2/2019
1212825,DOXYCYC MON 100MG TB,18.25,7/2/2019
1212867,ASA/CA CARB/AL/MG325,1,7/2/2019
1212882,MICONAZOLE 2%PWD 45G,10.5,7/2/2019
1212886,NALOXONE HCL 1MG INJ,46.75,7/2/2019
1213038,APIXABAN 2.5MG TAB  ,17.5,7/2/2019
1213039,APIXABAN 5MG TAB    ,14,7/2/2019
1213102,MESALAMIN 800MG DRTB,21,7/2/2019
1213181,PRENAT VIT/MIN/FE/FA,3,7/2/2019
1213262,IRON SUCROSE 1MG INJ,31.75,7/2/2019
1213385,NA/K/MG SULF 177ML  ,199.5,7/2/2019
1213476,CANAGLIFLOZ 300MG TB,33.25,7/2/2019
1213527,HYDROMORPH UP TO 4MG,67,7/2/2019
1213544,FLU VAC QUAD 3YR-ADU,186.5,7/2/2019
1213711,ADENOSINE 1MG INJ   ,349.25,7/2/2019
1214003,ADENOSINE 1MG INJ   ,47.25,7/2/2019
1214009,PROPOFOL 10MG INJ   ,7.1,7/2/2019
1214010,PROPOFOL 10MG INJ   ,3.9,7/2/2019
1214282,TBO-FILGRASTIM 1MCG ,1,7/2/2019
1214284,PREDNISONE 1MG ORAL ,0.4,7/2/2019
1214285,PREDNISONE 1MG ORAL ,0.1,7/2/2019
1214286,PREDNISONE 1MG ORAL ,0.1,7/2/2019
1214310,SUGAMMED 100MG/ML 5M,100,7/2/2019
1214394,LIDOCAINE 4% PATCH  ,3,7/2/2019
1214651,ALOGLIPTIN 12.5MG TB,25,7/2/2019
1214941,BUP3-KETO1.2-KETA1.2,200,7/2/2019
1215001,PATIENTS OWN MED    ,21.75,7/2/2019
1216944,ACETAMINOPHEN 325MGS,1,7/2/2019
1216945,ACETAMINOPH 500MG TB,1,7/2/2019
1216946,ACETAMINO 120MG SUPP,1,7/2/2019
1216947,ACETAMINOPHEN 325MG ,1,7/2/2019
1216948,ACETAMINOPHEN 650MGS,1,7/2/2019
1216950,ACETAZOLAMIDE 250MG ,9.8,7/2/2019
1216966,ALLOPURINOL 100MG TB,4.9,7/2/2019
1216967,ALLOPURINOL 300MG TB,12,7/2/2019
1216969,ALPRAZOLAM 0.25MG TB,12.5,7/2/2019
1216971,ALPRAZOLAM 0.5MG TAB,14.75,7/2/2019
1216980,AMITRIPTYLINE 25MGTB,7.3,7/2/2019
1216981,AMITRIPTYLINE 10MG T,3.3,7/2/2019
1216982,AMITRIPTYLIN 50MG TB,14,7/2/2019
1216983,AMLODIPINE 5MG TAB  ,33.75,7/2/2019
1216984,AMMONIA AROMATIC INH,1,7/2/2019
1216990,AMOX500-KCLAV125MGTB,56.25,7/2/2019
1216991,AMOX875-CLAV125MG TB,15.25,7/2/2019
1216993,AMOXICILLIN 250MG CP,4.9,7/2/2019
1216995,AMOX 200MG/5ML 5ML  ,14.75,7/2/2019
1216997,ANASTROZOLE 1MG TAB ,110.5,7/2/2019
1216998,LTA PRE-ATTACHED KIT,161.5,7/2/2019
1217006,ASCORBIC AC 500MG TB,1.1,7/2/2019
1217008,ASPIRIN 300MG SUPP  ,7.3,7/2/2019
1217009,ASPIRIN 325MG TAB   ,1,7/2/2019
1217010,ASPIRIN 81MG CHEW   ,1,7/2/2019
1217011,ASPIRIN 81MG DR TAB ,1,7/2/2019
1217012,ASPI25-DIPYR200 SRCP,41.75,7/2/2019
1217013,ATENOLOL 25MG TAB   ,15.75,7/2/2019
1217014,ATENOLOL 50MG TAB   ,16.5,7/2/2019
1217016,ATORVASTATIN 10MG TB,49.75,7/2/2019
1217020,ATROPINE SUL1%OS 5ML,50.25,7/2/2019
1217026,AZITHROMYCIN 250MGTB,116.75,7/2/2019
1217028,AZTREONAM 1GM SOLR  ,77.75,7/2/2019
1217031,BUPIVAVAINE .5% 30ML,233.5,7/2/2019
1217032,BACITRACIN 50000U IM,283.5,7/2/2019
1217034,BACLOFEN 10MG TAB   ,11,7/2/2019
1217044,BENZ20-MENTH.5%SP56G,55.25,7/2/2019
1217046,BENZONATATE 100MG CP,20.25,7/2/2019
1217048,BENZTROPINE ME 1MGTB,14.75,7/2/2019
1217052,BETAMET/BETAMET 6MG/,117.75,7/2/2019
1217059,BISACODYL 5MG DR TAB,0.5,7/2/2019
1217060,BISACODYL 10MG SUPP ,3.7,7/2/2019
1217071,BUMETANIDE 1MG/4ML  ,69,7/2/2019
1217073,BUMETANIDE 1MG TAB  ,7.7,7/2/2019
1217075,BUPIVACAINE .25%30ML,216.75,7/2/2019
1217083,BUPIV/EPI .5-1:20000,96.75,7/2/2019
1217085,BUPROPION 100MG SRTB,33.5,7/2/2019
1217089,BUSPIRONE 10MG TAB  ,28,7/2/2019
1217095,CALCITRIOL .25MCG CP,14.75,7/2/2019
1217100,TAMSULOSIN 0.4MG CAP,46.5,7/2/2019
1217103,TEMAZEPAM 15MG CAP  ,14.25,7/2/2019
1217105,TERAZOSIN 1MG CAP   ,31.75,7/2/2019
1217120,THIAMINE 100MG TAB  ,6.2,7/2/2019
1217141,TOPIRAMATE 25MG TAB ,36.25,7/2/2019
1217143,TRAMADOL 50MG TAB   ,15.25,7/2/2019
1217147,TRAZODONE 50MG TAB  ,8.3,7/2/2019
1217154,GUAIFENE SR 600MG TB,9,7/2/2019
1217157,TRIAMT/HCTZ 75-50MGT,18.25,7/2/2019
1217165,TROPICAMID 1%OS 15ML,185.5,7/2/2019
1217168,TUBERCU 5U/.1ML .1ML,127.5,7/2/2019
1217171,VALACYCLOVI 500MG TB,75.5,7/2/2019
1217179,VASOPRESSIN 20U/ML  ,194.5,7/2/2019
1217180,VECURONIUM 10MG INJ ,133.5,7/2/2019
1217181,VENLAFAXI 37.5MG TAB,38.25,7/2/2019
1217182,VENLAFAXI 75MG SR CP,66.25,7/2/2019
1217187,VERAPAMIL 80MG TAB  ,11.75,7/2/2019
1217189,VERAPAMIL 240MG CRTB,32.25,7/2/2019
1217192,FLUOXETINE 10MG CAP ,11,7/2/2019
1217193,VERAPAMIL 180MG CRTB,23.5,7/2/2019
1217198,WARFARIN 1MG TAB    ,19,7/2/2019
1217199,WARFARIN 2.5MG TAB  ,14.25,7/2/2019
1217200,WARFARIN 5MG TAB    ,21.5,7/2/2019
1217201,WARFARIN 7.5MG TAB  ,20.25,7/2/2019
1217208,ZINC SULF 220MG CAP ,0.5,7/2/2019
1217211,ZIPRASIDONE 20MG CAP,98,7/2/2019
1217212,ZOLPIDEM 5MG TAB    ,3,7/2/2019
1217213,FUROSEMIDE 20MG TAB ,2.8,7/2/2019
1217214,FUROSEMIDE 40MG TAB ,4.5,7/2/2019
1217215,GABAPENTIN 300MG CAP,23.5,7/2/2019
1217216,GABAPENTIN 100MG CAP,12,7/2/2019
1217217,GABAPENTIN 400MG CAP,33.5,7/2/2019
1217223,GEMFIBROZIL 600MG TB,20.25,7/2/2019
1217229,GLIMEPIRIDE 2MG TAB ,12.5,7/2/2019
1217230,GLIPIZIDE 5MG SR TAB,42.75,7/2/2019
1217232,GLIPIZIDE 5MG TAB   ,7.3,7/2/2019
1217233,GLYBURIDE 5MG TAB   ,10.5,7/2/2019
1217236,GLYCERIN 2.1GM SUPP ,2.2,7/2/2019
1217237,GLYCERIN 1.2GM SUPP ,7.7,7/2/2019
1217245,HALOPERIDOL 1MG TAB ,7.3,7/2/2019
1217260,CALCIUM CL 10% 10ML ,15.75,7/2/2019
1217261,FLUOXETINE 20MG CAP ,40,7/2/2019
1217266,CAPTOPRIL 12.5MG TAB,14.25,7/2/2019
1217270,CARBAMAZEPINE 200MGT,7.3,7/2/2019
1217275,CARBOPROST 250MCG/ML,980.75,7/2/2019
1217279,CARVEDILOL 6.25MG TB,31.75,7/2/2019
1217280,CARVEDILOL 25MG TAB ,36.5,7/2/2019
1217294,CEFUROXIME 250MG TAB,65.5,7/2/2019
1217299,CEPHALEX 125/5 100ML,133.5,7/2/2019
1217300,CETIRIZINE 10MG TAB ,36.5,7/2/2019
1217302,CHARCOAL/SORBITOL50G,114,7/2/2019
1217304,CHLORDIAZEPOXIDE 25M,4.5,7/2/2019
1217317,CHOLESTYRAMINE 4GMPK,24,7/2/2019
1217318,CILOSTAZOL 100MG TAB,8.3,7/2/2019
1217322,HYDROXYZINE PAM 25MG,3.7,7/2/2019
1217324,CIPROFLOXACI 500MGTB,15.25,7/2/2019
1217328,CITALOPRAM 20MG TAB ,5,7/2/2019
1217335,CLINDAMYCIN 150MG CP,23.5,7/2/2019
1217336,CLINDAMY 75/5ML 100M,391,7/2/2019
1217338,CLINDAMYCIN600MG/4ML,2.7,7/2/2019
1217339,CLONAZEPAM 0.5MG TAB,15.75,7/2/2019
1217340,CLONIDINE-TTS-1 .1MG,263.25,7/2/2019
1217341,CLONIDINE-TTS-2 .2MG,391.5,7/2/2019
1217343,CLONIDINE 0.1MG TAB ,4.5,7/2/2019
1217344,CLONIDINE 0.2MG TAB ,6.5,7/2/2019
1217346,CLOPIDOGREL 75MG TAB,77.25,7/2/2019
1217349,CLOTRIMAZ 1%CRM 15GM,19.5,7/2/2019
1217354,ACET/CODEI 300/30 TB,7.3,7/2/2019
1217362,COLCHICINE 0.6MG TAB,6.5,7/2/2019
1217365,COLLAGENA 250OIN 15G,322.25,7/2/2019
1217370,CYCLOBENZAPRINE 10MG,27,7/2/2019
1217372,CYPROHEPTADINE 4MGTB,8.3,7/2/2019
1217377,DANTROLENE 25MG CAP ,2.2,7/2/2019
1217390,DIAZEPAM 5MG TAB    ,6.5,7/2/2019
1217400,DIGOXIN 0.125MG TAB ,4.9,7/2/2019
1217401,DIGOXIN 0.25MG TAB  ,5.4,7/2/2019
1217403,DILTIAZEM 60MG TAB  ,14,7/2/2019
1217406,DILTIAZE 180MG SR CP,22.75,7/2/2019
1217412,HYDRALAZINE 25MG TAB,7.3,7/2/2019
1217414,HYDRALAZINE 50MG TAB,11,7/2/2019
1217416,HCTZ 25MG TAB       ,2.8,7/2/2019
1217427,HYDROCORT 1%CR 30GM ,53,7/2/2019
1217431,HYDROXYZINE 10MG/5ML,8.3,7/2/2019
1217443,HYOSCYAMI.125MG SLTB,4.9,7/2/2019
1217444,IBUPROF 20MG/ML 5ML ,1,7/2/2019
1217445,IBUPROFEN 200MG TAB ,1,7/2/2019
1217447,IBUPROFEN 600MG TAB ,7.7,7/2/2019
1217449,IMIPRAMINE 25MG TAB ,15.25,7/2/2019
1217453,INDOMETHACIN 25MG CP,7.7,7/2/2019
1217469,ISOSORBIDE DI 20MGTB,4.9,7/2/2019
1217471,ISOSORBI MON 20MG TB,8.3,7/2/2019
1217472,ISOSORBIDE MON 60MG ,27,7/2/2019
1217473,ISOSORB MON 30MGERTB,26.25,7/2/2019
1217479,KETAMINE 200MG/20ML ,4.7,7/2/2019
1217480,KETAMINE 500MG/10ML ,312,7/2/2019
1217482,KETOCONAZ 2%CRM 15GM,180,7/2/2019
1217486,KETOROLAC 10MG TAB  ,139,7/2/2019
1217487,LABETALOL 100MG/20ML,115.5,7/2/2019
1217489,LACTULOSE 20GM/30ML ,44.75,7/2/2019
1217493,LAMOTRIGINE 100MG TB,78.75,7/2/2019
1217507,LEVOTHYROX 125MCG TB,14.25,7/2/2019
1217509,LEVOTHYROXI 50MCG TB,11,7/2/2019
1217513,LEVOTHYROXIN 75MCGTB,12,7/2/2019
1217516,LIDOCAINE 2% GEL 5ML,31.75,7/2/2019
1217522,LIDOCAINE2%100MG/5ML,138.5,7/2/2019
1217527,LIDOCAINE-MPF1% 30ML,11.75,7/2/2019
1217529,LIDOCAINE 2% INJ 10M,136.75,7/2/2019
1217530,LISINOPRIL 5MG TAB  ,19,7/2/2019
1217534,LIDOCAIN 1%/EPI 30ML,78.75,7/2/2019
1217538,LIDO2.5-PRIL2.5CR 5G,95.25,7/2/2019
1217543,LINEZOLID 600MG TAB ,50,7/2/2019
1217547,LISINOPRIL 10MG TAB ,19,7/2/2019
1217549,LITHIUM CARB 150MGCP,3.3,7/2/2019
1217550,LOPERAMIDE 2MG CAP  ,14,7/2/2019
1217555,LOSARTAN 50MG TAB   ,32.75,7/2/2019
1217561,MAGNESIUM CITR 300ML,1,7/2/2019
1217562,MAGNESIUM HYDRO 30ML,2,7/2/2019
1217564,MAGNESIUM OX 400MGTB,1,7/2/2019
1217565,MAGNES SUL 40MG/ML  ,4.2,7/2/2019
1217569,DINOPROS 10MG VG INS,3409.6,7/2/2019
1217573,DIPHENHYDRAMI25MG CP,2.2,7/2/2019
1217575,DIPHENO2.5-ATR.025TB,9.3,7/2/2019
1217588,DOCUSATE NA 100MG CP,2.2,7/2/2019
1217589,DONEPEZIL 5MG TAB   ,99,7/2/2019
1217596,DOXEPIN 25MG CAP    ,8.3,7/2/2019
1217600,DOXYCYCLINE 100MG IV,301,7/2/2019
1217609,ENALAPRIL 5MG TAB   ,20.25,7/2/2019
1217610,ENALAPRILAT1.25MG/ML,53,7/2/2019
1217613,EPINEP 1:1000 1MLAMP,65.75,7/2/2019
1217615,EPINEP 1MG/ML 30MLVL,0.8,7/2/2019
1217619,ERGOCALCI 50000UN CP,33.5,7/2/2019
1217624,ERYTHR OP5MG/GM 1GM ,56.25,7/2/2019
1217630,ESCITALOPRAM 10MG TB,48,7/2/2019
1217632,ESMOLOL 10MG/ML 10ML,268.5,7/2/2019
1217634,ESTRADIOL 1MG TAB   ,6.5,7/2/2019
1217649,ETOMIDATE 2MG/ML 10M,252.25,7/2/2019
1217651,FAMOTIDINE 20MG/2ML ,43.75,7/2/2019
1217652,FAMOTIDINE 20MG TAB ,1,7/2/2019
1217672,FOLIC ACID 1MG TAB  ,1,7/2/2019
1217673,FOLIC ACID 50MG/10ML,449.25,7/2/2019
1217684,FENTANYL 25MCG/HR PT,159.75,7/2/2019
1217685,FENTANYL 50MCG/HR PT,262,7/2/2019
1217686,FENTANYL 75MCG/HR PT,347.5,7/2/2019
1217687,FENTANY 100MCG/HR PT,311.25,7/2/2019
1217691,FERR SULF 325MG TAB ,3.3,7/2/2019
1217696,FLUCONAZOLE 100MG TB,131,7/2/2019
1217697,FLUDROCORTIS .1MG TB,15.75,7/2/2019
1217698,FLUMAZENIL 0.5MG/5ML,150.5,7/2/2019
1217711,MEDROXYPROGES 10MGTB,9.3,7/2/2019
1217716,MELOXICAM 7.5MG TAB ,46.5,7/2/2019
1217741,HYDROCORT 25MG SUPP ,17.5,7/2/2019
1217742,BUT50-APAP325-CF40TB,12.5,7/2/2019
1217743,ARTIFIC TEARS OS15ML,12,7/2/2019
1217751,BENZ20-BENZE.2%SP56G,289,7/2/2019
1217757,BISMUTH SU 262MG CHW,3.3,7/2/2019
1217762,CAL CARB 500MG TAB  ,0.5,7/2/2019
1217771,CARVEDILO 3.125MG TB,31.75,7/2/2019
1217788,EPHEDRINE 50MG INJ  ,74.75,7/2/2019
1217796,SOD PHOS ENEMA 135ML,34.75,7/2/2019
1217798,MINERAL OIL EN 135ML,39.25,7/2/2019
1217802,GOLYTELY 4L         ,19.5,7/2/2019
1217808,HYDROCORT 20MG TAB  ,3.7,7/2/2019
1217810,HYDROMORPHONE 2MG TA,9.3,7/2/2019
1217811,HYDROXYCHLOR 200MGTB,24,7/2/2019
1217818,LISINOPRIL 20MG TAB ,21.5,7/2/2019
1217825,METFORMIN 500MG TAB ,14.25,7/2/2019
1217826,METFORMIN 850MG TAB ,23.5,7/2/2019
1217828,METHYLPR 4MG TB DOSP,148.75,7/2/2019
1217829,METOLAZONE 5MG TAB  ,33.5,7/2/2019
1217830,METOPROLOL 50MG SRTB,20.75,7/2/2019
1217833,MISOPROSTO 100MCG TB,16.5,7/2/2019
1217839,MUPIROCIN 2%OIN 22GM,37.75,7/2/2019
1217846,NITROFUR MAC 100MG  ,35,7/2/2019
1217847,NITROGLY. 50MG/250ML,254.25,7/2/2019
1217851,OXYCODONE 20MG SR TB,55.25,7/2/2019
1217855,PENICILLIN 250MG TAB,4.5,7/2/2019
1217873,PIOGLITAZONE 15MG TB,8.9,7/2/2019
1217878,POTASS CHL 20MEQ/15M,7.7,7/2/2019
1217879,PRIMIDONE 250MG TAB ,21,7/2/2019
1217882,PROPRANOLOL 20MG TAB,5.4,7/2/2019
1217893,RANITIDIN 75MG/5ML  ,52,7/2/2019
1217904,SULFASALAZIN 500MGTB,4.9,7/2/2019
1217909,TERAZOSIN 5MG CAP   ,31.75,7/2/2019
1217926,TRIAM/HCTZ 25 TAB   ,7.3,7/2/2019
1217934,TROLAMINE 10%CR 60GM,44.75,7/2/2019
1217939,VITAMIN E 400IU CAP ,1,7/2/2019
1217940,WARFARIN 2MG TAB    ,20.25,7/2/2019
1217941,SERTRALINE 100MG TAB,42.75,7/2/2019
1217952,LEVOFLOXIN 500MG TAB,8,7/2/2019
1217957,EZETIMIBE 10MG TAB  ,52.5,7/2/2019
1217972,METFORMIN 500MG SRTB,14.75,7/2/2019
1217975,METHADONE 10MG TAB  ,9,7/2/2019
1217978,METHOCARBAM 500MG TB,7.3,7/2/2019
1217979,METHYLDOPA 250MG TAB,7.3,7/2/2019
1217982,METHYLENE BLUE1%10ML,241,7/2/2019
1217986,METOCLOPRAMID 10MGTB,6.2,7/2/2019
1217990,METOPROLOL 50MG TAB ,11.75,7/2/2019
1217991,METOPROLO 1MG/ML 5ML,166.25,7/2/2019
1218002,MIDODRINE 2.5MG TAB ,1.9,7/2/2019
1218003,MINERAL OIL 30ML    ,12,7/2/2019
1218007,MIRTAZAPINE 15MG TAB,40.5,7/2/2019
1218014,CEFOXITIN 1GM INJ   ,231.25,7/2/2019
1218028,PHENYLEPH.5% SPR 15M,49.75,7/2/2019
1218033,MONTELUKAST 10MG TAB,60.75,7/2/2019
1218037,MORPHINE 15MG TAB   ,3.7,7/2/2019
1218062,NAPROXEN 500MG TAB  ,25.75,7/2/2019
1218068,NEO/POLY/DEX.1%OS 5M,95.25,7/2/2019
1218070,NEO/BAC/POLY OIN 60G,46.5,7/2/2019
1218075,NEOMY-POLY B 1ML IRR,211.75,7/2/2019
1218076,NEOMYCIN 500MG TAB  ,38.75,7/2/2019
1218083,NICOTINE 14MG/24HR P,49.25,7/2/2019
1218084,NICOTINE 21MG/24HR P,49.25,7/2/2019
1218087,NIFEDIP OSM 30MGSRTB,26.25,7/2/2019
1218089,NIFEDIPINE 10MG CAP ,16.5,7/2/2019
1218098,NITROGLYC .2MG/HR PT,79.5,7/2/2019
1218099,NITROGLYCER 0.4MG/HR,32.75,7/2/2019
1218100,NITROGLYC 0.1MG/HR P,29,7/2/2019
1218102,NITROGLYCE .4MG SLTB,68.5,7/2/2019
1218107,NOREPINEP 1MG/ML 4ML,185,7/2/2019
1218112,NYSTAT 100K UN/ML 5M,10,7/2/2019
1218113,NYSTAT 100KU/G CR15G,50.25,7/2/2019
1218116,NYS100K-TRI.1CRM 15G,58,7/2/2019
1218118,OFLOXACIN .3%OS 5ML ,408.25,7/2/2019
1218126,ORPHENADR UP TO 60MG,454.25,7/2/2019
1218127,OSELTAMIVIR 75MG CAP,138.5,7/2/2019
1218131,OXYBUTYNIN 5MG TAB  ,12,7/2/2019
1218132,OXYBUTYNIN 5MG SR TB,61.25,7/2/2019
1218133,OXYCODONE 5MG TAB   ,16.25,7/2/2019
1218143,CEFDINIR 300MG CAP  ,89.25,7/2/2019
1218147,PANTOPRAZO 40MG ECTB,68,7/2/2019
1218151,PAROXETINE 20MG TAB ,41,7/2/2019
1218156,POT CL20MEQ MIC CRTB,1.1,7/2/2019
1218165,PHENAZOPYRID 100MGTB,9.8,7/2/2019
1218172,PHENYTOIN 125MG/5ML ,14,7/2/2019
1218184,POLYETH GLY 3350 PKT,32.25,7/2/2019
1218187,POTASS BI 25MEQ EFTB,6.5,7/2/2019
1218194,K PHOS DI 3MM/ML 15M,38.25,7/2/2019
1218197,POVIDONE-IODIN 1OZOT,46,7/2/2019
1218201,PRAMIPEXOLE 1MG TAB ,41.75,7/2/2019
1218204,PRAVASTATIN 20MG TAB,48.75,7/2/2019
1218205,PRAZOSIN 1MG CAP    ,5.4,7/2/2019
1218208,PREDNIS ACE 1%OS 5ML,126.25,7/2/2019
1218211,PRIMIDONE 50MG TAB  ,9.8,7/2/2019
1218216,PROMETHAZINE 25MG SP,59.75,7/2/2019
1218222,PROPARACAIN.5%OS 15M,127.5,7/2/2019
1218228,PROPYLTHIOURA 50MGTB,2.8,7/2/2019
1218230,PSEUDOPHED 30MG TAB ,1,7/2/2019
1218234,PYRIDOXINE 50MG TAB ,1,7/2/2019
1218235,QUETIAPINE 100MG TAB,66.25,7/2/2019
1218236,QUETIAPINE 25MG TAB ,38.25,7/2/2019
1218250,RIFAMPIN 150MG CAP  ,33.75,7/2/2019
1218256,RISPERIDONE 1MG TAB ,75.5,7/2/2019
1218259,ROCURON 10MG/ML 5ML ,441,7/2/2019
1218261,ROPINIROLE 0.5MG TAB,41.75,7/2/2019
1218267,SCOPOLAMINE 1.5MG PT,105.75,7/2/2019
1218270,SENNA/DOCUS 8.6-50TB,2.2,7/2/2019
1218272,SERTRALINE 50MG TAB ,41,7/2/2019
1218275,SILVER NITRATE APPLI,14.75,7/2/2019
1218277,SILV SULF 1%CRM 400G,308,7/2/2019
1218278,SILV SULF 1%CRM 50GM,97.5,7/2/2019
1218279,SIMETHICONE 80MG CHW,3.3,7/2/2019
1218280,SIMETH 40MG/.6ML .6M,1,7/2/2019
1218284,SIMVASTATIN 20MG TAB,3,7/2/2019
1218290,SOD BICARB 8.4% 50ML,192,7/2/2019
1218292,SOD BICARB 10GR TAB ,14.75,7/2/2019
1218293,SOD BICARB 4.2% 10ML,430,7/2/2019
1218296,SOD CHLOR 23.4% 30ML,71.75,7/2/2019
1218299,SOD CHL .9% 3ML NEB ,7.7,7/2/2019
1218305,SOD POLYSTY 15G/60ML,100.75,7/2/2019
1218309,SOTALOL 80MG TAB    ,35,7/2/2019
1218310,SPIRONOLACTON 25MGTB,8.3,7/2/2019
1218313,SUCRALFATE 1GM TAB  ,15.25,7/2/2019
1218319,SULFA-TMP 800-160 TB,21.5,7/2/2019
1218321,SULFAME-TMP 200-40/5,15.25,7/2/2019
1218324,SUMATRIPTAN 50MG TAB,57.25,7/2/2019
1218339,ZINC OX 40% OINT 60G,52.5,7/2/2019
1218341,GI COCKTAIL         ,11,7/2/2019
1218387,OXCARBAZEPI 300MG TB,36.5,7/2/2019
1218390,MECLIZINE 25MG TAB  ,1,7/2/2019
1218392,ATORVASTATIN 20MG TB,10,7/2/2019
1218393,OLANZAPINE 5MG TAB  ,135.25,7/2/2019
1218403,IBUPROFEN 800MG TAB ,7.3,7/2/2019
1218408,METHIMAZOLE 5MG TAB ,28.75,7/2/2019
1218409,DIPHENHYDR 50MG CAP ,3.1,7/2/2019
1218416,BUEDSON .5MG/2ML INH,85.25,7/2/2019
1218501,CARVEDILOL 12.5MG TB,31.75,7/2/2019
1218520,CLEOCIN 600MG PREMIX,215.5,7/2/2019
1218546,CELECOXIB 200MG CAP ,62.5,7/2/2019
1218601,MIDAZOLAM 2MG/ML 1ML,20.75,7/2/2019
1218614,MINERAL OIL 10ML    ,28,7/2/2019
1218619,CARB25-LEVO100MGSRTB,15.75,7/2/2019
1218630,POVI-IODINE 5%OS 30M,131,7/2/2019
1218636,AMLODIPINE 10MG TAB ,5,7/2/2019
1218639,AZITHROM 40MG/ML 30M,306.75,7/2/2019
1218666,DEXTROSE 50% 50ML   ,192,7/2/2019
1218725,FLECAINIDE 50MG TAB ,34.5,7/2/2019
1218736,METRONIDAZO 500MG TB,14.25,7/2/2019
1218754,BACIT/POLYM OIN 15GM,72.75,7/2/2019
1218767,BACITRACI 1GM UD PKT,8.3,7/2/2019
1218776,ZIDOVUDINE 10MG/ML  ,4.9,7/2/2019
1218823,LIDO 4% TOP SOLN 50 ,106.75,7/2/2019
1218886,H-COD10/APAP325MG TB,21.75,7/2/2019
1218891,DILTIAZE 120MG SR CP,20.25,7/2/2019
1218893,DILTIAZE 240MG SR CP,22.5,7/2/2019
1218957,VITAMIN A 10000IU CP,0.5,7/2/2019
1218963,BUMETANID 2.5MG/10ML,88,7/2/2019
1218977,K BICAR/NABICA/CIT A,2.2,7/2/2019
1218988,NEO/POLY/HC SUSP 10 ,275,7/2/2019
1218991,DIBUCAINE 1%OIN 30GM,49.75,7/2/2019
1218993,BACITR 500U/GM 30GM ,59.75,7/2/2019
1219026,CEPHALEXIN 500MG CAP,34.5,7/2/2019
1219034,ACYCLOVIR 400MG TAB ,37.25,7/2/2019
1219037,LABETALOL 200MG TAB ,14,7/2/2019
1219044,ETHAMBUTOL 400MG TAB,25,7/2/2019
1219218,CIPROFLOXA .3% 5ML  ,401.5,7/2/2019
1219221,CISATRACUR 20MG/10ML,482,7/2/2019
1219226,CLINDAMYCI 900MG/6ML,1.3,7/2/2019
1219232,CLOBETAS .05% CR 45G,297.25,7/2/2019
1219238,CLOTRIM VAG 1%CRM45G,10,7/2/2019
1219253,CYCLOPENTO 1% OP SOL,58.5,7/2/2019
1219266,DILTIAZEM 125MG/25ML,305.25,7/2/2019
1219285,ENALAPRILAT 2.5MG/2M,159.75,7/2/2019
1219287,EPINEP 2.25% INH 0.5,14.75,7/2/2019
1219310,FAT EMULS 20% 500ML ,262.75,7/2/2019
1219353,GENTAMICIN UPTO 80MG,153.75,7/2/2019
1219360,GLYCOPYR 0.2MG/ML 2M,71.75,7/2/2019
1219369,GUAIFE 20MG/MLOR 10M,2,7/2/2019
1219401,HYDROXYUREA 500MG CP,25.25,7/2/2019
1219419,LEVOTHYROX 112MCG TB,13,7/2/2019
1219427,LIDOCAI 1.5%/EPI 30M,16.25,7/2/2019
1219445,MENTHOL/CAMPHOR LOT ,62.5,7/2/2019
1219454,METRONID 500MG/100ML,239.5,7/2/2019
1219478,OSELTAMI 12MG/ML 1ML,47.75,7/2/2019
1219499,PHENOL/PHEN SOD 180M,38.25,7/2/2019
1219503,PHOSPHORUS NEU 250MG,15.25,7/2/2019
1219520,POLY10K-TRIM.1%OS10M,189.75,7/2/2019
1219557,SENNO9-PSYLL500MG CP,20.5,7/2/2019
1219565,OPTHAL IRR EXTR 120M,48.75,7/2/2019
1219632,FE/GLY/C/TH/12/DE TB,2,7/2/2019
1219647,DM-GUAIF 20-200/10ML,2,7/2/2019
1219649,OXYMETAZLN HCL.05%30,54.75,7/2/2019
1219666,SALINE.65%NAS SP 45M,36.5,7/2/2019
1219677,CLOT1/BETA.05%CR 45G,299,7/2/2019
1219721,GENTAMYC 0.3%OS 5ML ,110,7/2/2019
1219736,CALC OYSTSHL 500MG T,2.2,7/2/2019
1219754,DICYCLOMINE 10MG CAP,4.9,7/2/2019
1219779,LEVOFLOXACN 750MG TB,10,7/2/2019
1219780,LIDOCAINE 1% 50ML   ,84.25,7/2/2019
1219820,PRAMIPEXOLE .25MG TB,37.25,7/2/2019
1219829,SENNOSIDES 8.6MG TAB,1.9,7/2/2019
1219867,MAG HYD400MG/5ML 30M,1.4,7/2/2019
1219877,KCL 10MEQ/100ML     ,228.75,7/2/2019
1219895,CLOT1/BETA.05%CR 15G,237.5,7/2/2019
1219898,DILTIAZEM 25MG/5ML V,116.75,7/2/2019
1219953,TRIAMCINOLN.1%CR15GM,51,7/2/2019
1219960,NITROGLYCRN 2%OINTPK,15.75,7/2/2019
1219966,DIPHENHYD 2%CR 30GM ,57.25,7/2/2019
1221001,D5NS+KCL 20MEQ 1000M,195.25,7/2/2019
1221004,D10W 1000ML         ,147.75,7/2/2019
1221008,D5.45NS/KCL20 1000ML,195.25,7/2/2019
1221009,D5.45NS/KCL40 1000ML,195.25,7/2/2019
1221028,STERILE WATER 1000ML,15.5,7/2/2019
1221029,STERILE WATER 20ML  ,34.5,7/2/2019
1221044,SOD CHLOR .45%1000ML,134.5,7/2/2019
1221046,SOD CHLOR .45% 500ML,146.75,7/2/2019
1221058,PROCALAME 3% 1000ML ,632.75,7/2/2019
1221065,MANNITOL 20% 500ML  ,1060.75,7/2/2019
1221086,NS W/ KCL 20MEQ/1000,195.25,7/2/2019
1221087,NS W/ KCL 40MEQ/1000,195.25,7/2/2019
1221088,KCL 20MEQ/.45%NS1000,204.75,7/2/2019
1221091,D5W/0.9%NSS+40MEQ 1L,131.25,7/2/2019
1221104,SOD CHLOR 3% 500ML  ,171.25,7/2/2019
1221109,D5W/0.45%NACL 1000ML,142.25,7/2/2019
1221112,D5-0.2% NACL 500ML  ,76.75,7/2/2019
1221149,SOD CHLOR .9% 50ML  ,154.75,7/2/2019
1221150,SOD CHLOR .9% 100ML ,227,7/2/2019
1221194,AA5 D25W-LYTES-CA 1L,154.5,7/2/2019
1221223,NICARDIP 20MG/200 NS,860.5,7/2/2019
1240002,LD ORLVL 2 INI 15MIN,2176,7/2/2019
1240003,LD ORLVL 3 INI 15MIN,2901.5,7/2/2019
1240004,LD ORLVL 4 INI 15MIN,3626.5,7/2/2019
1240012,LD ORLVL 2 EA ADDMIN,55.5,7/2/2019
1240013,LD ORLVL 3 EA ADDMIN,74.5,7/2/2019
1240014,LD ORLVL 4 EA ADDMIN,93,7/2/2019
125120,R&B M/S SEMI PRIVATE,1665,7/2/2019
125207,R&B SEMI PVT TELEM  ,2335,7/2/2019
1314000,PHLEBOTOMY THERAPEUT,1408.5,7/2/2019
1314001,FFP THAWING         ,529.5,7/2/2019
1314006,RBC PRETREAT CHEM   ,529.5,7/2/2019
1314016,CATECHOL FRACTNTD   ,1605,7/2/2019
1314026,CARBAMAZEPINE TOTAL ,926,7/2/2019
1314028,CYCLOSPORINE        ,1148,7/2/2019
1314036,HALOPERIDOL         ,41.5,7/2/2019
1314039,LITHIUM             ,420.5,7/2/2019
1314041,PHENOBARBITAL       ,728.5,7/2/2019
1314042,PHENYTOIN TOTAL     ,843,7/2/2019
1314047,QUINIDINE           ,928,7/2/2019
1314049,TACROLIMUS          ,692.5,7/2/2019
1314050,THEOPHYLLINE        ,899.5,7/2/2019
1314054,DRUG UNSPEC QUANT   ,871,7/2/2019
1314082,SPEC CHAIN CUSTODY  ,175,7/2/2019
1314083,BLOOD TYPING ABO    ,294,7/2/2019
1314084,BLOOD TYPING RH D   ,294,7/2/2019
1314087,BLD TYPING OTHER AG ,529.5,7/2/2019
1314091,COMPATIB TEST IS    ,828,7/2/2019
1314092,COMPATIB TEST INCUB ,529.5,7/2/2019
1314093,COMPATIB TEST AHG   ,828,7/2/2019
1314103,ADRENOCORT ACTH     ,2455.5,7/2/2019
1314105,ALBUMIN SERUM       ,315,7/2/2019
1314106,ALBUMIN FLUID       ,150.5,7/2/2019
1314109,ELECTROLYTE PANEL   ,406.5,7/2/2019
1314110,COMP METAB PANEL    ,672,7/2/2019
1314112,LIPID PANEL         ,722.5,7/2/2019
1314113,RENAL FUNCTION PANEL,538.5,7/2/2019
1314114,HEPATITIS ACUTE PANE,2021,7/2/2019
1314115,HEPATIC FUNCTION PAN,520,7/2/2019
1314116,MICROALB QNT        ,368.5,7/2/2019
1314120,ALDOLASE            ,617,7/2/2019
1314121,ALDOSTERONE         ,2590.5,7/2/2019
1314122,ALKALOIDS NOS MS    ,1325.5,7/2/2019
1314123,ALPHA 1-ANTITRYP TOT,854.5,7/2/2019
1314124,ALPHA 1-ANTITRYP PHE,1.1,7/2/2019
1314125,AFP SERUM           ,1067,7/2/2019
1314135,AMMONIA             ,926,7/2/2019
1314138,AMYLASE             ,412.5,7/2/2019
1314140,ANDROSTENEDIONE     ,1861,7/2/2019
1314143,ANGIOTENSIN CONV ENZ,928,7/2/2019
1314146,ASCORBIC ACID       ,628,7/2/2019
1314149,BETA-2 MICROGLOBULIN,1028.5,7/2/2019
1314150,BILE ACIDS TOTAL    ,1094.5,7/2/2019
1314152,BILIRUBIN TOTAL     ,319.5,7/2/2019
1314153,BILIRUBIN DIRECT    ,319.5,7/2/2019
1314157,BLD OCCULT OTHER SRC,206.5,7/2/2019
1314158,BLD OCCULT FECES EIA,1016,7/2/2019
1314161,VITAMIN D 25OH      ,1882,7/2/2019
1314163,CALCITONIN          ,1702,7/2/2019
1314164,CALCIUM TOTAL       ,327.5,7/2/2019
1314165,CALCIUM IONIZED     ,444.5,7/2/2019
1314167,CALCIUM URI QN TIMED,369,7/2/2019
1314169,CALCULUS ANAL QUANT ,818.5,7/2/2019
1314176,CARCINOEMBRYONIC AG ,1206.5,7/2/2019
1314179,CATECHOLAMINES URINE,1093,7/2/2019
1314183,CERULOPLASMIN       ,683.5,7/2/2019
1314184,CHEMILUM ASSAY NOS  ,267,7/2/2019
1314186,CHLORIDE BLOOD      ,292,7/2/2019
1314190,CHOLESTEROL TOTAL   ,276.5,7/2/2019
1314200,CHROMIUM            ,253.5,7/2/2019
1314206,CORTISOL FREE       ,1062.5,7/2/2019
1314207,CORTISOL TOTAL      ,1036.5,7/2/2019
1314213,CPK TOTAL           ,414,7/2/2019
1314214,CPK ISOENZYMES      ,851.5,7/2/2019
1314215,CPK MB FRACTION     ,734,7/2/2019
1314217,CREATININE BLOOD    ,326,7/2/2019
1314218,CREATININE UR-OTHER ,329,7/2/2019
1314219,CREATININE CLEARANCE,600.5,7/2/2019
1314223,VITAMIN B-12        ,958.5,7/2/2019
1314226,DHEA                ,1346,7/2/2019
1314227,DHEA-S              ,1414,7/2/2019
1314234,DIHYDROXY VITAMIN D ,2330.5,7/2/2019
1314236,ENZYME ACTIVITY NOS ,265.5,7/2/2019
1314240,ERYTHROPOIETIN      ,1195,7/2/2019
1314241,ESTRADIOL           ,1776,7/2/2019
1314243,ESTROGEN TOTAL      ,1378.5,7/2/2019
1314244,ESTRIOL             ,1537.5,7/2/2019
1314245,ESTRONE             ,1587,7/2/2019
1314249,FAT-LIPID FECES QUAL,323.5,7/2/2019
1314254,FERRITIN            ,866,7/2/2019
1314255,FETAL FIBRONECTIN   ,1752,7/2/2019
1314258,FOLIC ACID SERUM    ,795,7/2/2019
1314259,FOLIC ACID RBC      ,795,7/2/2019
1314265,GAMMAGLOB M-G-A-D   ,591,7/2/2019
1314266,GAMMAGLOBULIN IGE   ,923,7/2/2019
1314267,"IGG SUB 1,2,3 OR 4  ",271,7/2/2019
1314276,GASTRIN             ,1121.5,7/2/2019
1314278,"GLUCOSE, BODY FLUID ",249.5,7/2/2019
1314280,"GLUCOSE, QUANT      ",249.5,7/2/2019
1314283,"GLUCOSE TOL, 3 SPECS",553.5,7/2/2019
1314283,GTT 3 SPEC          ,553.5,7/2/2019
1314284,"GLUCOSE TOL, ADD SP ",249.5,7/2/2019
1314284,GTT ADD SP          ,249.5,7/2/2019
1314292,GGT                 ,408,7/2/2019
1314297,FOLLICLE STIM HORM  ,1182,7/2/2019
1314298,LEUTEINIZING HORMONE,1177.5,7/2/2019
1314299,GROWTH HORMONE      ,1037.5,7/2/2019
1314301,"HAPTOGLOBIN, QUANT  ",800,7/2/2019
1314306,"HEAVY METALS, QUANT ",1396,7/2/2019
1314307,HEMOGLOBIN ELECTRO  ,818.5,7/2/2019
1314324,HISTAMINE           ,1768.5,7/2/2019
1314325,HOMOCYSTEINE        ,1072.5,7/2/2019
1314328,5-HIAA              ,150.5,7/2/2019
1314329,HYDROXYPROGES 17-D  ,1326,7/2/2019
1314333,"IMMUNOASSAY, OTHER  ",696,7/2/2019
1314335,"IMMUNOASSAY, RIA    ",927,7/2/2019
1314336,"IMMUNOASSAY, NOS    ",708,7/2/2019
1314337,"INSULIN, TOTAL      ",702.5,7/2/2019
1314340,IRON                ,412,7/2/2019
1314341,IRON BINDING CAPACIT,555.5,7/2/2019
1314346,LACTIC ACID         ,679,7/2/2019
1314347,LACTATE DEHYDROLDH  ,339,7/2/2019
1314352,LEAD                ,769.5,7/2/2019
1314358,LIPASE              ,437.5,7/2/2019
1314365,MAGNESIUM           ,426,7/2/2019
1314372,METANEPHRINES       ,1026,7/2/2019
1314380,MYOGLOBIN           ,821,7/2/2019
1314381,"NEPHELOMETRY, NOS   ",583,7/2/2019
1314403,"ORGAN ACID,SIN,QUAN ",529.5,7/2/2019
1314405,"OSMOLALITY, BLOOD   ",420.5,7/2/2019
1314406,"OSMOLALITY,URINE    ",433,7/2/2019
1314410,PARATHORMONE PTH    ,2499,7/2/2019
1314414,"PHENYLALANINE, BLOOD",350,7/2/2019
1314416,"PHOSPHATASE,ACID,TOT",426,7/2/2019
1314419,"PHOSPHATASE,ALKALINE",329,7/2/2019
1314421,"PHOSPHATASE,ALK ISO ",940,7/2/2019
1314425,"PHOSPHORUS, BLOOD   ",259,7/2/2019
1314426,"PHOSPHORUS, URINE   ",329,7/2/2019
1314428,"PORPHOBILINOGEN,QUAN",536.5,7/2/2019
1314430,"PORPHYRINS,UR,QUAN  ",935,7/2/2019
1314433,POTASSIUM SER PL WB ,292,7/2/2019
1314434,"POTASSIUM, URINE    ",273.5,7/2/2019
1314435,PREALBUMIN          ,905,7/2/2019
1314440,PROGESTERONE        ,1326,7/2/2019
1314441,PROLACTIN           ,1232.5,7/2/2019
1314444,"PSA, TOTAL          ",1169,7/2/2019
1314445,"PSA, FREE           ",1169,7/2/2019
1314446,PROTEIN TOT SER PLWB,233.5,7/2/2019
1314448,PROTEINELECTR FR-QNT,678,7/2/2019
1314454,VITAMIN B-6         ,1786,7/2/2019
1314462,RENIN               ,1398,7/2/2019
1314463,VITAMIN B-2         ,1287,7/2/2019
1314464,SELENIUM            ,1631,7/2/2019
1314465,SEROTONIN           ,619.5,7/2/2019
1314466,SEX HORM BIND GLOB  ,48.5,7/2/2019
1314469,"SODIUM,SER PL OR WB ",305.5,7/2/2019
1314470,"SODIUM, URINE RANDOM",309,7/2/2019
1314471,SOMATOMEDIN         ,545,7/2/2019
1314481,"TESTOSTERONE, FREE  ",1619,7/2/2019
1314482,"TESTOSTERONE, TOTAL ",1641.5,7/2/2019
1314483,VITAMIN B-1         ,1350,7/2/2019
1314485,THYROGLOBULIN       ,1021,7/2/2019
1314486,"THYROXINE T4,TOTAL  ",437.5,7/2/2019
1314488,"THYROXINE T4, FREE  ",573,7/2/2019
1314490,THYROID STIM TSH    ,1068,7/2/2019
1314491,THYROID STIM IMMUNO ,2227,7/2/2019
1314494,TRANSFERASE AST     ,328.5,7/2/2019
1314495,TRANSFERASE ALT     ,336.5,7/2/2019
1314496,TRANSFERRIN         ,812,7/2/2019
1314497,TRIGLYCERIDES       ,365.5,7/2/2019
1314498,T3-T4 UPTAKE        ,294.5,7/2/2019
1314499,"T3,TOTAL            ",901,7/2/2019
1314500,"T3,FREE             ",1077,7/2/2019
1314501,"T3,REVERSE          ",917.5,7/2/2019
1314502,"TROPONIN,QNT        ",625.5,7/2/2019
1314506,TYROSINE            ,661,7/2/2019
1314508,"UREA NITROGEN,QUAN  ",250.5,7/2/2019
1314510,"UREA NITROGEN,URINE ",302.5,7/2/2019
1314512,"URIC ACID, BLOOD    ",287,7/2/2019
1314513,"URIC ACID,URINE RAND",302.5,7/2/2019
1314518,"VMA, URINE          ",985.5,7/2/2019
1314520,VASOPRESSIN         ,1463,7/2/2019
1314521,VITAMIN A           ,737.5,7/2/2019
1314526,ZINC                ,724,7/2/2019
1314527,C-PEPTIDE           ,631.5,7/2/2019
1314532,"ANTIBODY SCREEN, RBC",529.5,7/2/2019
1314535,DIRECT COOMBS TEST  ,259,7/2/2019
1314536,IDAT QUAL EA RGT RBC,294,7/2/2019
1314537,IDAT EACH AB TITER  ,294,7/2/2019
1314560,"PSA, SCREENING      ",1169,7/2/2019
1314562,ALLERGEN IGE QUANT  ,139.5,7/2/2019
1314565,PLATELET AB         ,1167.5,7/2/2019
1314567,ANA                 ,768.5,7/2/2019
1314569,"ASO,TITER           ",464.5,7/2/2019
1314571,C-REACTIVE PROTEIN  ,329,7/2/2019
1314572,"CRP,HIGHLY SENS     ",37.5,7/2/2019
1314573,BETA-2 GLYCOPROT AB ,1001.5,7/2/2019
1314574,"CARDIOLIPIN AB,IGG  ",1617,7/2/2019
1314575,PHOSPHOLIPID AB     ,42.57,7/2/2019
1314579,"COMPLEMENT AG, EA   ",763.5,7/2/2019
1314581,COMPLEMENT-FUNC ACT ,763.5,7/2/2019
1314583,"COMP, TOTAL CH50    ",1292,7/2/2019
1314584,PROT E-PHOR-URIN-CSF,1133.5,7/2/2019
1314588,IMM E-PHORS-URIN-CSF,557,7/2/2019
1314591,"DNA AB,NATIVE-DOUBL ",873.5,7/2/2019
1314593,DNA AB SINGLE STRAND,401,7/2/2019
1314595,ANTI-ENA            ,1140.5,7/2/2019
1314599,"FLUORESCENT AB,SCREE",766,7/2/2019
1314600,"PANCREA ELASTAS,FEC ",428.5,7/2/2019
1314601,"FLUORESCENT AB,TITER",738,7/2/2019
1314606,TUMOR AG  CA 15-3   ,922.5,7/2/2019
1314606,TUMR AG CA15-3 27-29,922.5,7/2/2019
1314607,TUMOR AG  CA 19-9   ,922.5,7/2/2019
1314608,TUMOR AG  CA 125    ,922.5,7/2/2019
1314609,HETEROPHILE AB SCREE,329,7/2/2019
1314612,"TUMOR AG, OTHER     ",804,7/2/2019
1314613,INF AGENT IMMUNO QUA,957.5,7/2/2019
1314619,"IMMUNODIFF, OUCHTER ",49.5,7/2/2019
1314620,IMMUNE COMPLEX ASSAY,86,7/2/2019
1314621,IMMUNOFIXATION ELECT,1410.5,7/2/2019
1314622,INHIBIN A           ,662.5,7/2/2019
1314623,INSULIN AB          ,1361.5,7/2/2019
1314625,ISLET CELL AB       ,708,7/2/2019
1314630,"T CELL,ABSO CD4-CD8 ",3122,7/2/2019
1314631,"T CELL, ABSO CD4    ",1779,7/2/2019
1314632,MICROSOMAL AB       ,925.5,7/2/2019
1314636,PART AGGLUT.SCREEN  ,648,7/2/2019
1314639,RHEUMATOID FACT QUAN,360.5,7/2/2019
1314646,"SYPHILIS TEST, QUAL ",271.5,7/2/2019
1314647,"SYPHILIS TEST, QUANT",33,7/2/2019
1314648,ACTINOMYCES AB      ,51,7/2/2019
1314650,ASPERGILLUS AB      ,962,7/2/2019
1314651,"BACTERUIM AB, NOS   ",72,7/2/2019
1314652,BARTONELLA AB       ,369,7/2/2019
1314655,BORRELIA BURG.CONFIR,984.5,7/2/2019
1314656,LYME DISEASE AB     ,1083,7/2/2019
1314658,BRUCELLA AB         ,39.66,7/2/2019
1314660,CANDIDA AB          ,35.5,7/2/2019
1314666,CMV AB              ,914.5,7/2/2019
1314667,"CMV AB, IGM         ",914.5,7/2/2019
1314673,ENTEROVIRUS AB      ,53.51,7/2/2019
1314674,"EPSTEIN-BARR AB, EA ",838,7/2/2019
1314675,"EPSTEIN-BARR, EBNA  ",977.5,7/2/2019
1314676,"EPSTEIN-BARR, VCA   ",1153.5,7/2/2019
1314679,"FUNGUS AB, NOS      ",855,7/2/2019
1314681,H PYLORI AB QL      ,923,7/2/2019
1314681,HELICOBACTER PYLORI ,923,7/2/2019
1314688,HERPES SIMP NON-SPEC,914.5,7/2/2019
1314689,HERPES SIMP TYPE 1  ,838.5,7/2/2019
1314690,HERPES SIMP TYPE 2  ,1231,7/2/2019
1314695,HEP B CORE TOT      ,553.5,7/2/2019
1314696,"HEP B CORE AB, IGM  ",753.5,7/2/2019
1314697,HEP B SURF AB       ,627.5,7/2/2019
1314698,HEP BE AB           ,735.5,7/2/2019
1314699,"HEP A AB, TOTAL     ",787.5,7/2/2019
1314700,"HEP A AB, IGM       ",716,7/2/2019
1314709,MUMPS AB            ,829,7/2/2019
1314710,MYCOPLASMA AB       ,802,7/2/2019
1314717,RICKETTSIA AB       ,1231,7/2/2019
1314719,RUBELLA AB          ,914.5,7/2/2019
1314720,RUBEOLA AB          ,787.5,7/2/2019
1314724,TOXOPLASMA AB       ,914.5,7/2/2019
1314725,"TOXOPLASMA AB, IGM  ",915.5,7/2/2019
1314726,"TREP. PALLIDUM,CONFI",841.5,7/2/2019
1314728,VARICELLA-ZOSTER AB ,780,7/2/2019
1314729,"VIRUS AB, NOS       ",819,7/2/2019
1314731,THYROGLOBULIN AB    ,1011.5,7/2/2019
1314732,HEPATITIS C AB TEST ,813,7/2/2019
1314733,"HEP C AB TEST,CONFIR",984.5,7/2/2019
1314744,HEPB SCR HGH RSK IND,369,7/2/2019
1314744,HIV COMB ASSAY      ,369,7/2/2019
1314744,HIV1 AG HIV1 HIV2 AB,369,7/2/2019
1314744,"IMMUNOLOGY PROC, NOS",369,7/2/2019
1314746,BLEEDING TIME       ,286,7/2/2019
1314747,"WBC DIFF, MAN       ",219,7/2/2019
1314748,BLOOD SMEAR SCAN    ,184.5,7/2/2019
1314751,"HEMATOCRIT, OTHER   ",150.5,7/2/2019
1314752,HEMOGLOBIN          ,150.5,7/2/2019
1314753,CBC W-PLT AUTO COMPD,494,7/2/2019
1314754,CBC W-PLT           ,294.5,7/2/2019
1314756,"RETIC COUNT, MANUAL ",273.5,7/2/2019
1314757,"RETIC COUNT, FLOW   ",273.5,7/2/2019
1314759,WBC COUNT           ,161,7/2/2019
1314765,FACTOR V ASSAY      ,1458.5,7/2/2019
1314767,"FACTOR VIII, AHG    ",1139,7/2/2019
1314769,FACTOR VIII RISTOCET,1458.5,7/2/2019
1314770,FACTOR VIII VW AG   ,1458.5,7/2/2019
1314772,FACTOR IX           ,922.5,7/2/2019
1314780,ANTITHROMBIN IIIACTI,753,7/2/2019
1314782,"PROTEIN C, AG       ",764.5,7/2/2019
1314783,"PROTEIN C, ACTIVITY ",879,7/2/2019
1314784,"PROTEIN S, TOTAL    ",737.5,7/2/2019
1314785,"PROTEIN S, FREE     ",879.5,7/2/2019
1314786,PROTEIN C ACTIVATED ,965,7/2/2019
1314797,"D-DIMER, QUANT      ",517,7/2/2019
1314798,FIBRINOGEN ACTIVITY ,540,7/2/2019
1314804,PLASMIN EXCEPT AG AS,254,7/2/2019
1314809,"FETAL HGB, ROSETTE  ",421,7/2/2019
1314811,HEPARIN ASSAY       ,762,7/2/2019
1314822,PROTHROMBIN TIME    ,249.5,7/2/2019
1314825,RUSSELL VIPER VEN DI,608.5,7/2/2019
1314827,SED RATE NONAUTOMATE,225.5,7/2/2019
1314829,SICKLE CELL TEST RED,351,7/2/2019
1314830,THROMBIN TIME       ,369.5,7/2/2019
1314832,THROMBOPLASTIN INHIB,615,7/2/2019
1314833,THROMBOPLAST TIMEPTT,381.5,7/2/2019
1314834,PTT SUBSTITUT       ,334.5,7/2/2019
1314842,SPECIMEN CONCENTRATI,424.5,7/2/2019
1314843,CULTURE BLOOD BACTER,656,7/2/2019
1314844,CULT STL BACT W-ISOL,600,7/2/2019
1314845,CULT STL BACT EA ADD,600,7/2/2019
1314846,CULTURE BACTERIA OTH,521.5,7/2/2019
1314849,CULT BACT ANA ANY SO,601.5,7/2/2019
1314851,CULT AEROBIC IDENTIF,514,7/2/2019
1314852,CULTURE SCREEN ONLY ,421,7/2/2019
1314854,CULT URINE-COLONY CT,513,7/2/2019
1314856,CULT FUNGUS ISOLATIO,40.5,7/2/2019
1314856,CULT SKIN FUNGI     ,40.5,7/2/2019
1314857,CULT FUNGUS ISOLATIO,534,7/2/2019
1314862,CULTURE CHLAMYDIA   ,663.5,7/2/2019
1314863,CULT MYCOBACTERIA   ,687,7/2/2019
1314877,OVA-PARASITES SMEARS,518,7/2/2019
1314881,MICROBE SUSCEPT MIC ,550,7/2/2019
1314888,"SMEAR,GRAM STAIN    ",271.5,7/2/2019
1314889,SMEAR FLUORES-ACI ST,341,7/2/2019
1314890,"SMEAR,SPECIAL STAIN ",363,7/2/2019
1314891,SMEARWET MOUNT SAL-I,271.5,7/2/2019
1314895,VIRUS INOCULAT TISSU,1405.5,7/2/2019
1314897,VIRUS INOCU SHELL VI,908,7/2/2019
1314918,CLOSTRIDIUM DIF TOXN,692.5,7/2/2019
1314920,"CRYPTOSPOR AG,EIA   ",100.5,7/2/2019
1314925,"HPYLORI,STOOL,EIA   ",692.5,7/2/2019
1314927,HBSAG               ,656.5,7/2/2019
1314929,HBEAG               ,733,7/2/2019
1314931,HISTOPLASM CAPSU AGE,469.5,7/2/2019
1314935,"RESP SYNCYTIAL AG,EI",692.5,7/2/2019
1314936,"ROTAVIRUS AG,EIA    ",692.5,7/2/2019
1314939,"AG DETEC NOS,EIA MUL",598,7/2/2019
1314946,LYME DIS DNA AMP PRO,1144.5,7/2/2019
1314955,CHLMYD TRACH DNA AMP,1358.5,7/2/2019
1314958,CYTOMEG DNA AMP PROB,861.5,7/2/2019
1314964,"HEPATITIS B,DNA AMPP",183,7/2/2019
1314965,"HEPATITIS B,DNA QNT ",2736,7/2/2019
1314967,"HEPATITIS C,RNA,AMPP",865.5,7/2/2019
1314973,"HSV, DNA, AMP PROBE ",1433,7/2/2019
1314979,"HIV-1, DNA,AMP PROBE",1312,7/2/2019
1314980,"HIV-1, DNA, QUANT   ",2982.5,7/2/2019
1315000,"N.GONORRHO,DNA,AMPPR",1358.5,7/2/2019
1315009,"DETECT AGNTNOS,DNAAM",1433,7/2/2019
1315010,"DETECT AGNT NOS,DNAQ",2736,7/2/2019
1315015,INFLU B ASSAY W-OP  ,206,7/2/2019
1315015,INFLUENZA ASSAY W-OP,206,7/2/2019
1315018,STREP A ASSAY W-OPTI,692.5,7/2/2019
1315019,AGENT NOS ASSAY W-OP,692.5,7/2/2019
1315022,"UA, AUTO W-SCOPE    ",201.5,7/2/2019
1315023,UA NONAUTO W-O SCOPE,162.5,7/2/2019
1315024,"UA, AUTO, W-O SCOPE ",143,7/2/2019
1315029,URINE PREG TEST QL  ,162,7/2/2019
1315034,"GENOTYPE,DNA,HEPAT C",4126.5,7/2/2019
1315038,CELL CTW-DIF BODYFLU,350.5,7/2/2019
1315076,NATRIURETIC PEPTIDE ,767.5,7/2/2019
1315079,CBC-PLT AUTORP CDM  ,284.5,7/2/2019
1315081,VIRUS ISOLATION GEN ,427,7/2/2019
1315084,LEUKOCY ASSES FEC QL,41.5,7/2/2019
1315089,CAPILLARY PUNCTURE  ,35.5,7/2/2019
1315091,PROT TOTL RANDOM URI,233.5,7/2/2019
1315092,PROTEIN TOT OTHR SRC,233.5,7/2/2019
1315097,INFAGT DT QLSQT GIAR,692.5,7/2/2019
1315122,SIROLIMUS           ,469.5,7/2/2019
1315123,BLD OCC NON CA SCREE,206.5,7/2/2019
1315125,"LACTOFERRIN,FEC QUAN",772.5,7/2/2019
1315133,CCP ANTIBODY        ,754,7/2/2019
1315134,TB TEST CELL IM MEAS,1758.5,7/2/2019
1315137,SMEAR COMPLEX STN   ,518,7/2/2019
1315149,"ENTEROVIRUS,DNA, PRO",1057,7/2/2019
1315157,"VENIPUNCTURE,ROUTINE",35.5,7/2/2019
1315822,GENTAMICIN          ,1041.5,7/2/2019
1315826,VANCOMYCIN          ,861.5,7/2/2019
1315834,CHLORIDE URINE RAN  ,319.5,7/2/2019
1315845,"PH FLUID,NOS        ",228,7/2/2019
1315863,AMIKACIN            ,958.5,7/2/2019
1315881,COPPER SERUM        ,789,7/2/2019
1315893,HEMOGLOBIN A1C      ,617,7/2/2019
1316335,CALPROTECTIN FECAL  ,846,7/2/2019
1316342,BASIC METABO CA TOTA,538.5,7/2/2019
1316344,SEMEN ANYL PRES-M-S ,706.5,7/2/2019
1316348,ALLERGEN IGG QT     ,316.5,7/2/2019
1316348,ALLERGEN IGG QT CSF ,316.5,7/2/2019
1316359,ACETON-KETON SERM QT,73,7/2/2019
1316361,HCG QUANT           ,645.5,7/2/2019
1316362,"GLU,HOME USE DIAGNOS",149,7/2/2019
1316364,"CRYSTAL ID,TISSUE,FL",255,7/2/2019
1316418,C DIFF AMPLI PROBE  ,887.5,7/2/2019
1316444,RESP VIRUS 12-25 TAR,386,7/2/2019
1316449,VALPROIC ACID TOTAL ,820,7/2/2019
1316450,BLD TYPE DONOR EA AG,194.5,7/2/2019
1316452,DIGOXIN TOTAL       ,803.5,7/2/2019
1316531,HIV1 AG 12 AB SCR OP,37.5,7/2/2019
1316531,HIV1 AG W HIV 1 2 AB,37.5,7/2/2019
1316533,CLOZAPINE QT        ,1130.5,7/2/2019
1316534,EVEROLIMUS QT       ,147,7/2/2019
1316537,LEVETIRACETAM QT    ,420.5,7/2/2019
1316538,MYCOPENOLATE QT     ,1148,7/2/2019
1316539,OXCARBAEPINE QT     ,37,7/2/2019
1316542,T VAGINALIS AMP     ,814.5,7/2/2019
1316545,GI PATH AMP PRB12-25,375,7/2/2019
1316600,PRS DRG IA ANAZ     ,1827.5,7/2/2019
1316673,AMPHETAMINES MS 1-2 ,988.5,7/2/2019
1316687,ANTIEPILP NOS MS 1-3,140.5,7/2/2019
1316689,ANTIEPILP NOS MS 7PL,185.5,7/2/2019
1316709,ALLG SPEC IGE REC EA,72,7/2/2019
1316801,CNS DNA AMP PR 12-25,488.09,7/2/2019
1317024,F2 GEN ANALY 20210GA,536.5,7/2/2019
1317025,F5 GENE ANALY LEID V,494.5,7/2/2019
1317044,JAK2 GEN ANALY V617F,221.5,7/2/2019
1317050,MTHFR GENE ANALY CV ,89.5,7/2/2019
1317051,MLH1 GENE ANALY FULL,162.83,7/2/2019
1317053,MLH1 DUP-DEL VARIANT,162.83,7/2/2019
1317054,MSH2 GENE ANALY FULL,162.83,7/2/2019
1317056,MSH2 DUP-DEL VARIANT,162.83,7/2/2019
1317057,MSH6 GENE ANALY FULL,162.83,7/2/2019
1317059,MSH6 DUP-DEL VARIANT,162.83,7/2/2019
1317067,PMS2 GENE ANALY FULL,162.83,7/2/2019
1317069,PMS2 DUP-DEL VARIANT,162.83,7/2/2019
1317081,HLA1 TYP LR 1 AG EA ,319,7/2/2019
1317082,HLA2 TYP LR         ,199,7/2/2019
1317094,MOLEC PATH LEV 4    ,162.83,7/2/2019
1317097,MOLEC PATH LEV 7    ,162.83,7/2/2019
1317101,APC GENE FULL SEQ   ,162.83,7/2/2019
1317103,APC GENE DUP-DEL VAR,162.83,7/2/2019
1317578,HBB FULL GENE SEQ   ,589,7/2/2019
1321045,"CYTOP EVAL,FNA,REPOR",952,7/2/2019
1321075,SURG PATH GROSS LVL1,300,7/2/2019
1321076,SURG PATH GROSS LVL2,177,7/2/2019
1321077,SURG PATH GROSS LVL3,249,7/2/2019
1321078,SURG PATH GROSS LVL4,1273,7/2/2019
1321079,SURG PATH GROSS LVL5,2022,7/2/2019
1321080,SURG PATH GROSS LVL6,2022,7/2/2019
1321081,DECALCIFY TISSUE    ,300,7/2/2019
1321082,SPECIAL STAINS GRP 1,657.5,7/2/2019
1321091,PATH CONSULT INT-1BL,606.5,7/2/2019
1321118,"FLOWCYTOMET-TC,1 MRK",370.5,7/2/2019
1321119,"FLOWCYTOMETRY-TC,ADD",370.5,7/2/2019
1321126,CYTOCELL ENH X CR-VG,952,7/2/2019
1321188,1ST SEP ID AB       ,1015.5,7/2/2019
1321189,ICC ADD AB PER SLIDE,33.5,7/2/2019
1321195,TUMOR IHC QT UTO    ,856.5,7/2/2019
1321204,INS HYBR MAN MUL PR ,278.5,7/2/2019
1331038,S-H RBC LEUKO REDU  ,1083,7/2/2019
1331039,S-H 1 DONOR FFP     ,392.5,7/2/2019
1331049,S-H PLAT PHERE L-R  ,2921.5,7/2/2019
1331054,S-H RBC L-R IRRAD   ,9337.5,7/2/2019
135120,R&B M/S SEMI PRIVATE,1665,7/2/2019
1410002,OTH STER SUPP LVL 2 ,219.75,7/2/2019
1410003,OTH STER SUPP LVL 3 ,683.25,7/2/2019
1410004,OTH STER SUPP LVL 4 ,820.75,7/2/2019
1410005,OTH STER SUPP LVL 5 ,888,7/2/2019
1410006,OTH STER SUPP LVL 6 ,1087.25,7/2/2019
1410007,OTH STER SUPP LVL 7 ,1627.25,7/2/2019
1410008,OTH STER SUPP LVL 8 ,1576.5,7/2/2019
1410009,OTH STER SUPP LVL 9 ,1730.5,7/2/2019
1410010,OTH STER SUPP LVL 10,1246.64,7/2/2019
1410011,OTH STER SUPP LVL 11,4306,7/2/2019
1410012,OTH STER SUPP LVL 12,1875,7/2/2019
1410013,OTH STER SUPP LVL 13,9989,7/2/2019
1410023,TUBE DRAIN CATH 3   ,929.5,7/2/2019
1410036,AICD DUAL CHAMBER L2,25830.25,7/2/2019
1410066,PMKR DUAL RATE-RS L2,25830,7/2/2019
1411435,IMPLANT OTHER LVL 5 ,7221.25,7/2/2019
1413038,CATH BAL DIL NONVAS1,178.25,7/2/2019
1413039,CATH BAL DIL NONVAS2,964.75,7/2/2019
1413121,EAR TUBES DRAINAGE 1,156,7/2/2019
1413258,STNT NONCOR TM W/O 1,1098.75,7/2/2019
1414001,ANCHOR/SCRW LEVEL 1 ,171.5,7/2/2019
1414002,ANCHOR/SCRW LEVEL 2 ,439.5,7/2/2019
1414003,ANCHOR/SCRW LEVEL 3 ,687.75,7/2/2019
1414004,ANCHOR/SCRW LEVEL 4 ,960.5,7/2/2019
1414005,ANCHOR/SCRW LEVEL 5 ,1367,7/2/2019
1414006,ANCHOR/SCRW LEVEL 6 ,1951.5,7/2/2019
1414007,ANCHOR/SCRW LEVEL 7 ,2199.75,7/2/2019
1414008,ANCHOR/SCRW LEVEL 8 ,2947,7/2/2019
1414009,ANCHOR/SCRW LEVEL 9 ,3307.25,7/2/2019
1414010,ANCHOR/SCRW LEVEL 10,4069.75,7/2/2019
1414011,ANCHOR/SCRW LEVEL 11,5386.25,7/2/2019
1414012,ANCHOR/SCRW LEVEL 12,6355.5,7/2/2019
1414013,ANCHOR/SCRW LEVEL 13,9447.25,7/2/2019
1414014,ANCHOR/SCRW LEVEL 14,13337.25,7/2/2019
1414050,BONE CEMENT 1       ,608.75,7/2/2019
1414051,BONE CEMENT 2       ,2219.5,7/2/2019
1414402,CATH-INFUS PERIF 3  ,958,7/2/2019
1414403,CATH-INFUS PERIF 4  ,1037.25,7/2/2019
1414404,CATH-INFUS PERIF 5  ,1569,7/2/2019
1414425,CATH-RETRIEVAL 1    ,1281.25,7/2/2019
1414475,CONN TISSUE HUMAN 1 ,1780.25,7/2/2019
1414476,CONN TISSUE HUMAN 2 ,4030.5,7/2/2019
1414477,CONN TISSUE HUMAN 3 ,6570.75,7/2/2019
1414478,CONN TISSUE HUMAN 4 ,14416,7/2/2019
1414500,DRILL BIT/BLADE LVL1,105.5,7/2/2019
1414501,DRILL BIT/BLADE LVL2,393.25,7/2/2019
1414502,DRILL BIT/BLADE LVL3,729.75,7/2/2019
1414503,DRILL BIT/BLADE LVL4,1112,7/2/2019
1414504,DRILL BIT/BLADE LVL5,2305.25,7/2/2019
1414625,GUIDEWIRE LEVEL 1   ,266,7/2/2019
1414626,GUIDEWIRE LEVEL 2   ,580,7/2/2019
1414627,GUIDEWIRE LEVEL 3   ,1149.25,7/2/2019
1414628,GUIDEWIRE LEVEL 4   ,1914,7/2/2019
1414700,JOINT DEVICE IMPLT 1,3812.75,7/2/2019
1414701,JOINT DEVICE IMPLT 2,7221.25,7/2/2019
1414702,JOINT DEVICE IMPLT 3,12334.75,7/2/2019
1414703,JOINT DEVICE IMPLT 4,15745.5,7/2/2019
1414704,JOINT DEVICE IMPLT 5,22525,7/2/2019
1414705,JOINT DEVICE IMPLT 6,23777.75,7/2/2019
1414706,JOINT DEVICE IMPLT 7,32981,7/2/2019
1414707,JOINT DEVICE IMPLT 8,40940.5,7/2/2019
1414750,MESH IMPLANTABLE 1  ,975.5,7/2/2019
1414751,MESH IMPLANTABLE 2  ,2050.25,7/2/2019
1414752,MESH IMPLANTABLE 3  ,3718.5,7/2/2019
1414825,PORT 1              ,1046,7/2/2019
1414900,REP DEV URINRY W/SL1,4379.75,7/2/2019
1414901,REP DEV URINRY W/SL2,9937.5,7/2/2019
1414951,STNT COAT/COV W/DEL1,4285.25,7/2/2019
1414978,STNT NO-COA/COV W/O1,5362,7/2/2019
1417002,SUTURE LEVEL 3      ,242,7/2/2019
1417085,STAPLER/RELOAD 1    ,219.75,7/2/2019
1417086,STAPLER/RELOAD 2    ,784.5,7/2/2019
1417087,STAPLER/RELOAD 3    ,1558.25,7/2/2019
1417088,STAPLER/RELOAD 4    ,1986.75,7/2/2019
1417089,STAPLER/RELOAD 5    ,3736,7/2/2019
1417110,FALLOPIAN BANDS     ,592.75,7/2/2019
1417124,ADHESION BARRIER2   ,1870.25,7/2/2019
145120,R&B M/S SEMI PRIVATE,1665,7/2/2019
145164,R&B ISOLATION       ,2177,7/2/2019
145207,R&B SEMI PVT TELEM  ,2335,7/2/2019
1522030,BLOOD TRANSF 0 2 HRS,1149.25,7/2/2019
1522031,BLOOD TRANSF 2 4 HRS,1345.5,7/2/2019
1522032,BLOOD TRANSF 4 6 HRS,1543.5,7/2/2019
1522033,BLOOD TRANSF 6 8 HRS,1741.25,7/2/2019
1522034,BLOOD TRANSF 8 10 HR,1939.25,7/2/2019
1522035,BLD TRAN 10 TO 12HRS,2137.25,7/2/2019
1522101,IV HYDRATION 1 HR   ,566.5,7/2/2019
1522102,IV HYDRAT EA ADD HR ,124.25,7/2/2019
1522111,IV THERAPY DX 1 HR  ,566.5,7/2/2019
1522112,IV THERAPY EA AD HR ,124.25,7/2/2019
1522113,IV THER AD SEQ 1 HR ,124.25,7/2/2019
1522115,THERAPEUTIC IV PUSH ,253,7/2/2019
1522116,THERA EA AD IV PUSH ,253,7/2/2019
1522117,THERAPEUTIC DX SQ IM,124.25,7/2/2019
1522131,IR-IRR PORT DRUG DEL,183.75,7/2/2019
1522140,IMM ADM FLU VACCINE ,124.25,7/2/2019
1522141,IMM ADM PNEU VACCINE,124.25,7/2/2019
1522142,IMM ADM 1ST VACCINE ,124.25,7/2/2019
1522143,IMM ADM EA ADD VACC ,79.75,7/2/2019
1523130,THER AD IVP SAME MED,252.75,7/2/2019
1581010,BR-DIG MAMMO SCRN BI,1978.5,7/2/2019
1581011,BR-DIG MAMMO BILAT  ,2461,7/2/2019
1581012,BR-DIG MAMMO UNILAT ,1965.5,7/2/2019
1581023,BR-DIG MAMMO SCRN UN,1975,7/2/2019
1610003,HE-MANDIBLE 4VPLS DR,906,7/2/2019
1610008,HE-FACIAL BNES 3V DR,906,7/2/2019
1610009,HE-NASAL BONES DR   ,906,7/2/2019
1610012,HE-ORBITS 4V DR     ,906,7/2/2019
1610013,HE-SINUSES LTD DR   ,906,7/2/2019
1610014,HE-SINUSES 3VPLUS DR,906,7/2/2019
1610016,HE-SKULL LIMITED DR ,906,7/2/2019
1610017,HE-SKULL 4V PLUS DR ,1507.5,7/2/2019
1610026,SP-NECK SOFT TISS DR,906,7/2/2019
1610027,CH-RIBS UNILAT DR   ,906,7/2/2019
1610028,CH-RIB UNI PA CXR DR,906,7/2/2019
1610029,CH-RIBS BILATERAL DR,906,7/2/2019
1610034,SP-CERV SP 2TO3VW DR,906,7/2/2019
1610035,SP-CERV SP 4TO5VW DR,1765,7/2/2019
1610036,SP-CRV SPNE 6VPLS DR,1508,7/2/2019
1610037,SP-T SPINE 2 VIEW DR,906,7/2/2019
1610038,SP-T SPINE 3 VIEW DR,906,7/2/2019
1610045,SP-LS SPN 2 TO 3V DR,906,7/2/2019
1610046,SP-LS SPNE 4VPLUS DR,1765.5,7/2/2019
1610047,SP-LS SPINE W BND DR,1507.5,7/2/2019
1610049,LE-PELVIS DR        ,906,7/2/2019
1610053,SP-SCRM COCCYX 2V DR,906,7/2/2019
1610056,UE-CLAVICLE DR      ,906,7/2/2019
1610058,UE-SCAPULA DR       ,906,7/2/2019
1610059,UE-SHOULDER 1V DR   ,906,7/2/2019
1610060,UE-SHLDR 2VW PLUS DR,906,7/2/2019
1610061,IR-ARTHROGM SHLDR DR,6108,7/2/2019
1610063,UE-HUMERUS BILAT DR ,1812,7/2/2019
1610064,UE-HUMERUS DR       ,906,7/2/2019
1610065,UE-ELBOW 2V DR      ,906,7/2/2019
1610066,UE-ELBOW 3V DR      ,906,7/2/2019
1610067,UE-FOREARM 2V DR    ,906,7/2/2019
1610069,UE-WRIST 2V DR      ,906,7/2/2019
1610070,UE-WRIST 3V PLUS DR ,906,7/2/2019
1610071,UE-HAND 2V DR       ,906,7/2/2019
1610072,UE-HAND 3V DR       ,906,7/2/2019
1610073,UE-FINGER S 2VPLS DR,906,7/2/2019
1610074,LE-HIP UNILAT 1V DR ,906,7/2/2019
1610075,LE-HIP PV UN2OR3V DR,839,7/2/2019
1610077,LE-HIP PLV BI 2V DR ,1395.5,7/2/2019
1610078,LE-HIP PV BI3OR4V DR,1395.5,7/2/2019
1610079,LE-HIP PV BI MIN5VDR,2791.5,7/2/2019
1610080,IR-ARTHROGRAM HIP DR,6108,7/2/2019
1610082,LE-FEMUR 2V DR      ,906,7/2/2019
1610083,LE-KNEE 1 TO 2V DR  ,906,7/2/2019
1610084,LE-KNEE 3V DR       ,906,7/2/2019
1610085,LE-KNEE 4V PLUS DR  ,906,7/2/2019
1610087,LE-TIB FIB 2V DR    ,906,7/2/2019
1610089,LE-ANKLE 2V DR      ,906,7/2/2019
1610090,LE-ANKLE 3VPLUS DR  ,906,7/2/2019
1610091,LE-FOOT 2V DR       ,906,7/2/2019
1610092,LE-FOOT 3V PLUS DR  ,906,7/2/2019
1610093,LE-CALCANEUS 2PLS DR,906,7/2/2019
1610094,LE-TOE S 2VPLUS DR  ,906,7/2/2019
1610095,CH-ABD SER PA CXR DR,1507.5,7/2/2019
1610097,FL-SMALL BOWEL DR   ,1802.5,7/2/2019
1610101,FL-IVP DR           ,3403.5,7/2/2019
1610106,FL-CYSTOGRM 3VPLS DR,3403.5,7/2/2019
1610109,FL-UCG RETRO DR     ,3403.5,7/2/2019
1610110,FL-UCG VOIDING DR   ,3403.5,7/2/2019
1610112,IR-HYSTERSALPINGOGRM,3496.5,7/2/2019
1610115,CH-BABYGRAM FB DR   ,906,7/2/2019
1610117,EXAM SURG SPECMN DR ,906,7/2/2019
1610125,BNE SRVY CMP METS DR,1812,7/2/2019
1610126,BONE SRVY INFANT DR ,1507.5,7/2/2019
1610132,UE-SHOULDER 2V BI DR,1812,7/2/2019
1610135,UE-ELBOW 3VW BI DR  ,1812,7/2/2019
1610136,UE-FOREARM 2VW BI DR,1812,7/2/2019
1610138,UE-WRIST 2VW BI DR  ,1812,7/2/2019
1610139,UE-WRIST 3VW BI DR  ,1812,7/2/2019
1610140,UE-HAND 2VWS BI DR  ,1812,7/2/2019
1610141,UE-HAND 3VWS BI DR  ,1812,7/2/2019
1610142,UE-FINGER 2 VW BI DR,1812,7/2/2019
1610144,LE-FEMUR 2VW BI DR  ,1812,7/2/2019
1610145,LE-KNEE1TO2V BI DR  ,1812,7/2/2019
1610146,LE-KNEE 3VWS BI DR  ,1812,7/2/2019
1610147,LE-KNEE 4VWPLS BI DR,1812,7/2/2019
1610148,LE-TIB FIB 2V BI DR ,1812,7/2/2019
1610151,LE-ANKLE 3VWS BI DR ,1812,7/2/2019
1610152,LE-FOOT 2VWS BI DR  ,1812,7/2/2019
1610153,LE-FOOT 3VWPLS BI DR,1812,7/2/2019
1610155,LE-TOE S 2VWS BI DR ,1812,7/2/2019
1610163,CH-CHEST 1V DR      ,906,7/2/2019
1610164,CH-CHEST 2V DR      ,906,7/2/2019
1610167,CH-ABDOMEN 1 VIEW DR,906,7/2/2019
1610168,CH-ABDOMEN 2 VWS DR ,906,7/2/2019
1610169,CH-ABDOMEN 3VWS DR  ,906,7/2/2019
1612104,HE-MANDIBLE 4VPLS CR,906,7/2/2019
1612109,HE-FACIAL BNES 3V CR,906,7/2/2019
1612110,HE-NASAL BONES CR   ,906,7/2/2019
1612113,HE-ORBITS 4V CR     ,906,7/2/2019
1612115,HE-SINUSES 3VPLUS CR,906,7/2/2019
1612117,HE-SKULL LIMITED CR ,906,7/2/2019
1612118,HE-SKULL 4V PLUS CR ,1507.5,7/2/2019
1612123,HE-TMJ BILATERAL CR ,906,7/2/2019
1612126,SP-NECK SOFT TISS CR,906,7/2/2019
1612134,CH-RIBS UNILAT CR   ,906,7/2/2019
1612135,CH-RIB UNI PA CXR CR,906,7/2/2019
1612136,CH-RIBS BILATERAL CR,906,7/2/2019
1612137,CH-RIBS BI PA CXR CR,839,7/2/2019
1612142,SP-CERV SP 2TO3VW CR,906,7/2/2019
1612146,SP-T SPINE 2 VIEW CR,906,7/2/2019
1612147,SP-T SPINE 3 VIEW CR,906,7/2/2019
1612149,SP-THORACOLMBR 2V CR,906,7/2/2019
1612151,SP-LS SPN 2 TO 3V CR,906,7/2/2019
1612152,SP-LS SPNE 4VPLUS CR,1765.5,7/2/2019
1612153,SP-LS SPINE W BND CR,1507.5,7/2/2019
1612156,SP-SI JNTS 3VPLUS CR,906,7/2/2019
1612157,SP-SCRM COCCYX 2V CR,906,7/2/2019
1612164,UE-CLAVICLE CR      ,906,7/2/2019
1612165,UE-SCAPULA CR       ,906,7/2/2019
1612166,UE-SHOULDER 1V CR   ,906,7/2/2019
1612167,UE-SHLDR 2VW PLUS CR,906,7/2/2019
1612169,UE-HUMERUS CR       ,906,7/2/2019
1612170,UE-ELBOW 2V CR      ,906,7/2/2019
1612171,UE-ELBOW 3V CR      ,906,7/2/2019
1612172,UE-FOREARM 2V CR    ,906,7/2/2019
1612174,UE-WRIST 2V CR      ,906,7/2/2019
1612175,UE-WRIST 3V PLUS CR ,906,7/2/2019
1612176,UE-HAND 2V CR       ,906,7/2/2019
1612177,UE-HAND 3V CR       ,906,7/2/2019
1612178,UE-FINGER S 2VPLS CR,906,7/2/2019
1612179,LE-HIP UNILAT 1V CR ,906,7/2/2019
1612184,LE-FEMUR 2V CR      ,906,7/2/2019
1612185,LE-KNEE 1 TO 2V CR  ,906,7/2/2019
1612186,LE-KNEE 3V CR       ,906,7/2/2019
1612187,LE-KNEE 4V PLUS CR  ,906,7/2/2019
1612189,LE-TIB FIB 2V CR    ,906,7/2/2019
1612190,LE-LWR EXT INFANT CR,799,7/2/2019
1612191,LE-ANKLE 2V CR      ,906,7/2/2019
1612192,LE-ANKLE 3VPLUS CR  ,906,7/2/2019
1612193,LE-FOOT 2V CR       ,906,7/2/2019
1612194,LE-FOOT 3V PLUS CR  ,906,7/2/2019
1612195,LE-CALCANEUS 2PLS CR,906,7/2/2019
1612196,LE-TOE S 2VPLUS CR  ,906,7/2/2019
1612197,CH-ABDOMEN 1 VIEW CR,906,7/2/2019
1612198,CH-ABDOMEN 2 VWS CR ,906,7/2/2019
1612199,CH-ABDOMEN 3VWS CR  ,906,7/2/2019
1612200,CH-ABD SER PA CXR CR,1507.5,7/2/2019
1612203,FL-ESOPHAGUS        ,1802.5,7/2/2019
1612206,FL-GI SERIES        ,1802.5,7/2/2019
1612208,FL-GI W SM BOWEL    ,2895,7/2/2019
1612209,FL-GI SERIES AIR    ,1802.5,7/2/2019
1612211,FL-GI AIR W SM BOWEL,2895,7/2/2019
1612212,FL-SMALL BOWEL CR   ,1802.5,7/2/2019
1612215,FL-BARIUM ENEMA     ,1802.5,7/2/2019
1612220,SU-CHOLE W GRAMS DR ,349.5,7/2/2019
1612255,CH-BABYGRAM FB CR   ,906,7/2/2019
1612256,BONE AGE STUDY CR   ,906,7/2/2019
1612259,BNE SRVY CMP METS CR,1812,7/2/2019
1612281,IR-ARTHROGRAM WRIST ,6108,7/2/2019
1612286,CH-CHEST 1V CR      ,906,7/2/2019
1612288,CH-CHEST 2V CR      ,906,7/2/2019
1612302,UE-SHOULDER 2V BI CR,1812,7/2/2019
1612305,UE-ELBOW 3VW BI CR  ,1812,7/2/2019
1612306,UE-FOREARM 2VW BI CR,1812,7/2/2019
1612309,UE-WRIST 3VW BI CR  ,1812,7/2/2019
1612310,UE-HAND 2VWS BI CR  ,1812,7/2/2019
1612311,UE-HAND 3VWS BI CR  ,1812,7/2/2019
1612313,LE-FEMUR 2VW BI CR  ,1812,7/2/2019
1612314,LE-KNEE 1TO2V BI CR ,1812,7/2/2019
1612315,LE-KNEE 3VWS BI CR  ,1812,7/2/2019
1612316,LE-KNEE 4VWPLS BI CR,1812,7/2/2019
1612317,LE-TIB FIB 2V BI CR ,1812,7/2/2019
1612318,LE-ANKLE 2VW BI CR  ,1812,7/2/2019
1612319,LE-ANKLE 3VWS BI CR ,1812,7/2/2019
1612320,LE-FOOT 2VWS BI CR  ,1812,7/2/2019
1612321,LE-FOOT 3VWPLS BI CR,1812,7/2/2019
1612322,LE-CALCNEUS 2V BI CR,1812,7/2/2019
1612342,FL-FLUORO CVAD ANY  ,1729,7/2/2019
1612348,LE-PELVIS CR        ,906,7/2/2019
1612353,FL-NEDL GUIDE FLUORO,2895,7/2/2019
1612374,IR-EXAM G COLON TUBE,378,7/2/2019
1612397,SP-CERV SP 4TO5VW CR,1765,7/2/2019
1612398,SP-CRV SPNE 6VPLS CR,1508,7/2/2019
1612399,FL-TRANSEPI INJ C T ,20448,7/2/2019
1612410,BR-BRST BX LOC CLP 1,19184,7/2/2019
1612416,BR-PLC LOC DVCE 1ST ,1474,7/2/2019
1612421,IR-TRANSEPI INJ L S ,20448,7/2/2019
1612433,IR-PARV INJ C-T L1  ,20448,7/2/2019
1612439,IR-PARV INJ L-S L1  ,20448,7/2/2019
1612456,LE-HIP PV UN2OR3V CR,839,7/2/2019
1612457,LE-HIP PV UNMIN4V CR,1259,7/2/2019
1612458,LE-HIP PLV BI 2V CR ,1395.5,7/2/2019
1612459,LE-HIP PV BI3OR4V CR,1395.5,7/2/2019
1612460,LE-HIP PV BI MIN5VCR,2791.5,7/2/2019
1612469,IR-DI C-T INJ W IM  ,20448,7/2/2019
1612477,IR-DI L-S INJ W IM  ,20448,7/2/2019
1612483,FL-MOD BA SWALLOW   ,1802.5,7/2/2019
1621510,US-HEAD NECK SFT TIS,2051,7/2/2019
1621511,US-CHEST MEDIASTINUM,1300.5,7/2/2019
1621513,US-ABDOMEN COMP WO  ,2051,7/2/2019
1621514,US-ABDOMEN LTD WO   ,2051,7/2/2019
1621515,US-ABDOMEN RETROPER ,2051,7/2/2019
1621516,US-ABDOMEN RETRO LMT,2051,7/2/2019
1621518,US-SPINAL CANAL     ,2051,7/2/2019
1621519,US-PELVIS PREG      ,2051,7/2/2019
1621521,US-PELVIS PREG LTD  ,1300.5,7/2/2019
1621523,US-FETAL BIO W NST  ,2051,7/2/2019
1621524,US-FETAL BIO NONST  ,2051,7/2/2019
1621529,US-TRANSVAGINAL     ,2051,7/2/2019
1621531,US-PELVIS NON OB    ,2051,7/2/2019
1621532,US-PELVIS NON OB FU ,1300.5,7/2/2019
1621533,US-SCROTUM          ,2051,7/2/2019
1621537,US-HIPS INFANT W MAN,1300.5,7/2/2019
1621543,US-GUIDE NEEDLE PLAC,2713.5,7/2/2019
1621552,US-GUIDE INTRAOPERAT,1228.5,7/2/2019
1621554,US-CAROTID DPLX SCAN,3233,7/2/2019
1621555,US-EXT VEINS DPLX WC,3233,7/2/2019
1621556,US-EXT ARTERIAL LTD ,1996,7/2/2019
1621557,US-LW EXT DPX ART UN,2051,7/2/2019
1621559,US-NON INV ARTER EXT,1996,7/2/2019
1621560,US-EXT VEINS DPX LTD,2051,7/2/2019
1621562,US-LW EXT DPX ART BI,3233,7/2/2019
1621564,US-UP EXT DPX ART BI,3233,7/2/2019
1621566,US-UP EXT DPX ART UN,2051,7/2/2019
1621567,US-DPLX SCAN ART CMP,3233,7/2/2019
1621575,US-PELV PREG 14 WKS ,2051,7/2/2019
1621579,US-PLV PRG TRNSV    ,1300.5,7/2/2019
1621593,US-STD LE STRS REST ,2993.5,7/2/2019
1621602,US-TTE 2D MM LTD WO ,1623,7/2/2019
1621607,US-TTE 2D W DOPP WO ,6775,7/2/2019
1621614,US-TEE COMP WO      ,10376,7/2/2019
1621616,US-EXT COMP JNT UNI ,2051,7/2/2019
1621618,US-EXT LTD JNT UNI  ,1300.5,7/2/2019
1621619,US-TTE STRESS WO    ,6775,7/2/2019
1621623,US-ABD PARACEN W IMG,5726.5,7/2/2019
1621627,US-BRST BX LOC CLP 1,10376,7/2/2019
1621628,US-PLC LOC DVCE 1ST ,3472.5,7/2/2019
1621638,US-BREAST COMPLETE  ,1147,7/2/2019
1621639,US-BREAST LIMITED   ,1147,7/2/2019
1621640,US-BREAST COMPLET BI,2293.5,7/2/2019
1621641,US-BREAST LIMITED BI,2293.5,7/2/2019
1621660,US-FNA W IMG 1ST LES,2887.5,7/2/2019
1630007,CT-ABD PELVIS WO    ,10770.5,7/2/2019
1630008,CT-ABD PELVIS W     ,15583.5,7/2/2019
1630009,CT-ABD PELVIS WWO   ,18278.5,7/2/2019
1630014,CTA-ABDOMEN PELVIS  ,17104.5,7/2/2019
1630046,CT-LOW DOSE CNCR SCR,4986.5,7/2/2019
1631501,CT-PELVIS WO        ,5385,7/2/2019
1631502,CT-PELVIS W         ,7792,7/2/2019
1631508,CT-LOWER EXT WO BI  ,10770.5,7/2/2019
1631516,CT-LIMITED FOLLOW UP,2832.5,7/2/2019
1631517,CT-HEAD WO          ,5385,7/2/2019
1631518,CT-HEAD W           ,7792,7/2/2019
1631519,CT-HEAD WWO         ,9144,7/2/2019
1631520,CT-ORBIT EAR WO     ,5385,7/2/2019
1631521,CT-ORBIT EAR W      ,9620,7/2/2019
1631522,CT-ORBIT EAR WWO    ,10356.5,7/2/2019
1631523,CT-MAXILLOFACIAL WO ,5385,7/2/2019
1631524,CT-MAXILLOFACIAL W  ,7792,7/2/2019
1631525,CT-MAXILLOFACIAL WWO,9144,7/2/2019
1631526,CT-NECK SOFT TIS WO ,5385,7/2/2019
1631527,CT-NECK SOFT TIS W  ,7792,7/2/2019
1631528,CT-NECK SOFT TIS WWO,9144,7/2/2019
1631529,CTA-HEAD            ,9236.5,7/2/2019
1631530,CTA-NECK            ,9236.5,7/2/2019
1631531,CT-CHEST WO         ,5385,7/2/2019
1631532,CT-CHEST W          ,7792,7/2/2019
1631533,CT-CHEST WWO        ,9144,7/2/2019
1631534,CTA-CHEST           ,9236.5,7/2/2019
1631535,CT-CERV SPINE WO    ,5385,7/2/2019
1631536,CT-CERV SPINE W     ,7792,7/2/2019
1631538,CT-THOR SPINE WO    ,5385,7/2/2019
1631541,CT-LUMB SPINE WO    ,5385,7/2/2019
1631542,CT-LUMB SPINE W     ,7792,7/2/2019
1631544,CT-UPPER EXT WO     ,5385,7/2/2019
1631545,CT-UPPER EXT W      ,7565,7/2/2019
1631548,CT-LOWER EXT WO     ,5385,7/2/2019
1631549,CT-LOWER EXT W      ,7792,7/2/2019
1631552,CT-ABDOMEN WO       ,5385,7/2/2019
1631553,CT-ABDOMEN W        ,7792,7/2/2019
1631554,CT-ABDOMEN WWO      ,9144,7/2/2019
1631555,CTA-ABDOMEN         ,9236.5,7/2/2019
1631556,CTA-ABD ART W RUNOFF,9620,7/2/2019
1641000,MR-UPPER EXT WO     ,9074.5,7/2/2019
1641002,MR-UPPER EXT WWO    ,13875,7/2/2019
1641003,MR-UPPER JOINT WO   ,9074.5,7/2/2019
1641004,MR-UPPER JOINT W    ,10490.5,7/2/2019
1641005,MR-UPPER JOINT WWO  ,13875,7/2/2019
1641007,MRA-NECK WO         ,9074.5,7/2/2019
1641008,MRA-NECK W          ,10490.5,7/2/2019
1641009,MRA-NECK WWO        ,13875,7/2/2019
1641010,MR-CHEST WO         ,9074.5,7/2/2019
1641012,MR-CHEST WWO        ,13875,7/2/2019
1641014,MR-LOWER EXTR WO    ,9074.5,7/2/2019
1641016,MR-LOWER EXTR WWO   ,13875,7/2/2019
1641017,MR-LW JOINT WO      ,9074.5,7/2/2019
1641018,MR-LW JOINT W       ,10490.5,7/2/2019
1641019,MR-LW JOINT WWO     ,13875,7/2/2019
1641020,MR-ABDOMEN WO       ,9074.5,7/2/2019
1641022,MR-ABDOMEN WWO      ,13875,7/2/2019
1641039,MR-BREAST BI WWO    ,13875,7/2/2019
1641046,MR-ORBT FACE NECK WO,9074.5,7/2/2019
1641048,MR-ORBT FAC NCK WWO ,13875,7/2/2019
1641049,MRA-HEAD WO         ,9074.5,7/2/2019
1641050,MRA-HEAD W          ,10490.5,7/2/2019
1641051,MRA-HEAD WWO        ,13875,7/2/2019
1641052,MR-BRAIN WO         ,9074.5,7/2/2019
1641053,MR-BRAIN W          ,10490.5,7/2/2019
1641054,MR-BRAIN WWO        ,13875,7/2/2019
1641055,MR-CERV SPINE WO    ,9074.5,7/2/2019
1641056,MR-CERV SPINE W     ,10490.5,7/2/2019
1641057,MR-THOR SPINE WO    ,9074.5,7/2/2019
1641059,MR-LUMB SPINE WO    ,9074.5,7/2/2019
1641060,MR-LUMB SPINE W     ,10490.5,7/2/2019
1641061,MR-CERV SPINE WWO   ,13875,7/2/2019
1641062,MR-THOR SPINE WWO   ,13875,7/2/2019
1641063,MR-LUMB SPINE WWO   ,13875,7/2/2019
1641065,MR-PELVIS WO        ,9074.5,7/2/2019
1641067,MR-PELVIS WWO       ,13875,7/2/2019
1641078,MR-LOWER EXTR BI WO ,18149.5,7/2/2019
1641079,MR-TMJS             ,8216.5,7/2/2019
1641083,MR-LW JOINT WO BI   ,18149.5,7/2/2019
1651030,NM-LYMPHATICS NODES ,3696,7/2/2019
1651046,NM-GASTRIC EMPTYING ,3566.5,7/2/2019
1651052,NM-GI BLOOD LOSS    ,3566.5,7/2/2019
1651057,NM-BONE SCAN LMTD   ,3578,7/2/2019
1651059,NM-BONE SCAN BODY   ,3578,7/2/2019
1651060,NM-BONE SCAN 3 PHASE,3578,7/2/2019
1651061,NM-BONE SCAN SPECT  ,3578,7/2/2019
1651074,NM-MYOCRD SPECT MULT,11148.5,7/2/2019
1651075,NM-MYOCARD INFARCT  ,8300.5,7/2/2019
1651078,NM-GATED BLD POOL SN,8300.5,7/2/2019
1651087,NM-LUNG PERF PARTICU,3194,7/2/2019
1651114,NM-KIDNEY VF NO PHRM,4781,7/2/2019
1651115,NM-KID VF PHRM SNGL ,4781,7/2/2019
1651143,NM-HEPATOBILIARY SYS,4195,7/2/2019
1651144,NM-HEPATOBIL W PHARM,4195,7/2/2019
1651146,NM-LUNG VENT PERFUS ,4658,7/2/2019
1651151,NM-THYROID IMG W-BF ,1926,7/2/2019
1651152,NM-PAR PLAN THY IMG ,3247,7/2/2019
1710900,SPIROMETRY          ,497.5,7/2/2019
1710901,INTUBATION          ,1489.75,7/2/2019
1710902,SUCTION PROC-NASOTRA,235.75,7/2/2019
1710903,ARTERIAL PUNCTURE   ,115.25,7/2/2019
1710904,"BLD GAS-PH,PO2,PCO2 ",1160,7/2/2019
1710906,BRONCHO EVAL PRE/PST,497.5,7/2/2019
1710933,MECH VENT INITIAL   ,1332.5,7/2/2019
1710934,MECH VENT DAILY SUBS,1332.5,7/2/2019
1710935,BIPAP/CPAP          ,718.25,7/2/2019
1710937,MANIP CHST WALL INIT,208.25,7/2/2019
1710938,MANIP CHST WALL SBSQ,208.25,7/2/2019
1710943,PULSE OXIMTRY SINGLE,18.75,7/2/2019
1710945,PULSE OX OVERNIGHT  ,538.5,7/2/2019
1710953,CPR ASSIST (NON ER) ,773.75,7/2/2019
1710965,AEROSOL OBSTR ADD HR,810.5,7/2/2019
1710966,AEROSOL OBSTRUCT 1HR,810.5,7/2/2019
1710969,NEWBORN RESUCITATION,1489.75,7/2/2019
1719008,CARBON MONOXIDE QUAN,151.75,7/2/2019
1719018,PF TEST BY GAS      ,497.5,7/2/2019
1719020,CO2-MEMBANE DIFF CAP,115.25,7/2/2019
1719023,INHALATION TRTMT INI,208.25,7/2/2019
1719024,INHALATION TRTMT SUB,208.25,7/2/2019
1719025,EVAL-DEMO INHL DEVCE,208.25,7/2/2019
1811001,PT EVAL- LOW COMP   ,393.75,7/2/2019
1811002,PT EVAL- MOD COMP   ,393.75,7/2/2019
1811003,PT EVAL- HGH COMP   ,393.75,7/2/2019
1812112,STRAPPING ELBO-WRIST,261.75,7/2/2019
1812113,STRAPPING HAND-FING ,255.5,7/2/2019
1812132,MUL-LAY COM LOWERLEG,524.5,7/2/2019
1812233,PT RE-EVAL-VISIT    ,210.25,7/2/2019
1812238,HOT-COLD PACKS      ,25.25,7/2/2019
1812239,MECH TRACTION-VISIT ,81,7/2/2019
1812241,VASPNEUMATIC DEV-VIS,81,7/2/2019
1812248,IONTOPHORESIS-15 MIN,127,7/2/2019
1812250,ULTRASOUND-15 MIN   ,63.25,7/2/2019
1812253,THERAP EXERCS-15 MIN,416.25,7/2/2019
1812254,NEURO RE-ED-15 MIN  ,161,7/2/2019
1812256,GAIT TRAINING-15 MIN,135,7/2/2019
1812260,MANUAL THRPY-15 MIN ,144.25,7/2/2019
1812261,GROUP THRP PROC-VIST,97.5,7/2/2019
1812262,THERAP ACTVTS-15 MIN,162.25,7/2/2019
1812265,SELF CARE MGT-15 MIN,164.75,7/2/2019
1812267,WHEELCHR MGT-15 MIN ,150.75,7/2/2019
1812270,DEBRIDE LE 20 SQ CM ,551.25,7/2/2019
1812273,DEBRIDE NON-SELC-VIS,551.25,7/2/2019
1812278,ORTH TRAIN INI-15 MI,173.75,7/2/2019
1812301,ESTEM UNATD A-30 DAY,62.75,7/2/2019
1812303,ELEC STIM-UNATTND-VI,62.75,7/2/2019
1812333,DEBRIDE EA ADD 20CM ,275.25,7/2/2019
1812335,NEG PRES WND LT 50CM,299.5,7/2/2019
1812337,NEG PRES WND GT 50CM,551.25,7/2/2019
182500,OBSERVATION 1ST HOUR,605,7/2/2019
182501,OBSRVATION ADDL HOUR,152,7/2/2019
182502,DIRECT ADMIT TO OBS ,134,7/2/2019
1872190,SP EVAL VOICE PROS D,550.75,7/2/2019
1872202,SP EVAL SWL WO RADOP,528.5,7/2/2019
1872204,EVAL SWALLO W-RADOPQ,552.25,7/2/2019
1872222,EV SP FLUENCY       ,794.75,7/2/2019
1872223,EV SP PROD          ,794.75,7/2/2019
1872224,SP SOUND LANG COMP  ,794.75,7/2/2019
1872225,BEHAV QL ANAL VOICE ,794.75,7/2/2019
1872308,SP-HEAR-TX-INDI VIST,344.75,7/2/2019
1872314,ORAL FUNCTION TX-VIS,450,7/2/2019
1913221,BRIEF ED VISIT      ,325,7/2/2019
1913222,LIMITED ED VISIT    ,528,7/2/2019
1913223,INTERMEDIATE ED VIST,834,7/2/2019
1913224,EXTENDED ED VISIT   ,1341.5,7/2/2019
1913225,COMPREHENSIVE ED VST,1991,7/2/2019
1913226,CRITICAL CARE LT 74M,2940,7/2/2019
1913227,CRIT CARE EA 30 MIN ,634.5,7/2/2019
1913228,THER AD IVP SAME MED,322.5,7/2/2019
1913230,MINOR PROCEDURE     ,660,7/2/2019
1913231,INTERMEDIATE PROCEDR,746,7/2/2019
1913232,MAJOR PROCEDURE     ,931.5,7/2/2019
1913233,CPR                 ,988.5,7/2/2019
1913234,NI-TEMP EXT PACE    ,988.5,7/2/2019
1913235,"THROMBOLY,CORONRY,IV",997.5,7/2/2019
1913239,NI-CARDIOVERSION    ,2190.5,7/2/2019
1913242,IMM ADM 1ST VACCINE ,158.5,7/2/2019
1913246,BLOOD TRANSFUSION   ,1468,7/2/2019
1913247,BLOOD PUSH TRAN U2YR,1468,7/2/2019
1913248,THERAPEUTIC DX SQ IM,158.5,7/2/2019
1913249,INJECTION IV PUSH   ,323,7/2/2019
1913250,PULSE OXIMTRY SINGLE,23.5,7/2/2019
1913252,TRIAGE ONLY         ,300,7/2/2019
1913253,SUTURE REMOVAL/RECHE,220,7/2/2019
1913254,SIMPLE PROCEDURE    ,193.5,7/2/2019
1913256,IV HYDRATION 1 HR   ,723.5,7/2/2019
1913257,IV HYDRAT EA ADD HR ,158.5,7/2/2019
1913258,THERA EA AD IV PUSH ,323,7/2/2019
1913259,IV THERAPY DX 1 HR  ,723.5,7/2/2019
1913260,IV THERAPY EA AD HR ,158.5,7/2/2019
1913261,CONCURRENT IV THER  ,127,7/2/2019
1913262,IV THER AD SEQ 1 HR ,158.5,7/2/2019
2070223,PROC WND CARE MINOR ,651.15,7/2/2019
215122,R&B OB SEMI PRIVATE ,1665,7/2/2019
2270100,MULTI SLEEP LAT     ,3176.5,7/2/2019
2270112,POLYSOMNO GT4 GE6YO ,6543,7/2/2019
2270113,POLYS-CPAP GT4 GE6YO,7908,7/2/2019
2270114,POLYSOMNO GT4 LT6YO ,6543,7/2/2019
2270123,HOME SLEEP TYPE 3   ,668.25,7/2/2019
245171,R&B NURSERY LEVEL 1 ,1542,7/2/2019
245172,R&B NURSERY LEVEL 2 ,1697,7/2/2019
245191,R&B SICK BABY LVL 1 ,2012,7/2/2019
245192,R&B SICK BABY LVL 2 ,2209,7/2/2019
2811142,S-INJ EPI BLD PATCH ,2733.5,7/2/2019
2811178,TC-99M SESTA / DOSE ,1544,7/2/2019
2811180,TC99M MEDRO TO 30MCI,643,7/2/2019
2811182,"TL-201, PER MCI     ",426.5,7/2/2019
2811191,TC99M MEBROF /15MCI ,798,7/2/2019
2811196,TC99M LABL RBC/30MCI,2135,7/2/2019
2811203,TC99M PERTECHNET/MCI,62,7/2/2019
2811204,HOCM LT149 MG ML IOD,2,7/2/2019
2811209,HOCM 350-399MGML IOD,6.9,7/2/2019
2811213,TC99M MAA/10MCI     ,703.5,7/2/2019
2811214,TC99M SULF COL/20MCI,1743.5,7/2/2019
2811231,TC99M MERTIATI/15MCI,3133.5,7/2/2019
2811238,LOCM 200-299MG/ML ML,32,7/2/2019
2811240,LOCM 300-399MG/ML ML,34.5,7/2/2019
2811241,LOC2 300-399MG/ML ML,3,7/2/2019
2811249,TC99M AEROSOL 75 MCI,1543.5,7/2/2019
2811258,INJ GAD-MR3 CONTR ML,125,7/2/2019
2811264,HOCM2 350-399MGML ML,5.2,7/2/2019
2811362,S-CYSTOGRAM INJ     ,441.5,7/2/2019
2811367,S-INJ CATH HYSTERSO ,422,7/2/2019
2811395,S-JNT ASP INJ MAJ UN,1548.5,7/2/2019
2811414,S-INJ SHOULDER ARTH ,497.5,7/2/2019
2811419,S-INJ WRIST ARTHRO  ,622.5,7/2/2019
2811422,S-INJ HIP ARTHRO    ,622.5,7/2/2019
2811435,S-SPINAL TAP DIAGNST,2733.5,7/2/2019
2811471,S-IN PICC WOIMG GT5Y,7279.5,7/2/2019
2811546,S-BX LYMPH SUPRF NDL,4747.5,7/2/2019
2811557,S-THYRODCYST ASP/INJ,2887.5,7/2/2019
2811564,S-BRST CYST ASPIRAT ,2887.5,7/2/2019
2811684,GADOXETATE DISOD-1ML,508,7/2/2019
2811724,BR-CAD MRI LESION   ,2119.5,7/2/2019
2811778,GADOBUTROL INJ 0.1ML,29.5,7/2/2019
2811788,NON-HEU TC-99M ADDON,1.2,7/2/2019
2811824,US-BRST BX LOC CLP A,9644,7/2/2019
2811888,TRANSP INJ C T AD   ,10224,7/2/2019
2811895,PARV INJ L-S L2     ,10224,7/2/2019
2811898,PARV INJ L-S L3     ,10224,7/2/2019
2811902,TRANSP INJ L S AD   ,10224,7/2/2019
2811907,US-PLV PRG 14 WKS AD,1147,7/2/2019
2811908,US-PELVS PREG GESADD,1147,7/2/2019
2811938,US-FNA W IMG ADD LES,887.5,7/2/2019
282801,LABOR LEVEL 1 PER HR,375,7/2/2019
282802,LABOR LEVEL 2 PER HR,429,7/2/2019
282803,LABOR LEVEL 3 PER HR,482,7/2/2019
282811,DELIVERY LEVEL 1    ,4188,7/2/2019
282812,DELIVERY LEVEL 2    ,4712,7/2/2019
282813,DELIVERY LEVEL 3    ,5236,7/2/2019
282821,L&D REC LEV 1 PER HR,2095,7/2/2019
282822,L&D REC LVL 2 PER HR,2931,7/2/2019
282841,L&D OBSERV 1ST HOUR ,605,7/2/2019
282842,L&D OBSERV ADDL HOUR,152,7/2/2019
282843,EXTERNAL CEPHALIC VE,1661,7/2/2019
282844,FETAL CONTRACTION ST,461,7/2/2019
282845,FETAL NON STRESS TES,796,7/2/2019
282846,CIRCUMCISION NEWBORN,362,7/2/2019
282851,OB TRIAGE LVL 1 EP  ,290,7/2/2019
2850034,OXYGEN PER HOUR     ,37,7/2/2019
315200,R&B ICU             ,4754,7/2/2019
625120,R&B SEMI SWING BED  ,1365,7/2/2019
7210021,TRACE 4 MINERALS 10M,191.5,7/2/2019
7210031,AMIODARONE 200MG TAB,52.5,7/2/2019
7210102,M-M-R II INJ        ,587.5,7/2/2019
7210103,HYDROCOD5-APAP325 TB,12,7/2/2019
7210108,TD TOX 7YR AND UP IM,475,7/2/2019
7210184,CARBA PERO6.5%OTIC15,42,7/2/2019
7210238,BUPROPION 150MG SRTB,38.25,7/2/2019
7210239,DIVALPROEX 250MGSRTB,31.25,7/2/2019
7210241,FENOFIBRAT 145MG TAB,61.75,7/2/2019
7210244,H-COD10-CHLO POL8/5M,42.75,7/2/2019
7210264,DULOXETINE 30MG CAP ,70.25,7/2/2019
7210288,BSS SOLN 15ML       ,44.5,7/2/2019
7210297,PHENYTOI EX 100MG CP,6.5,7/2/2019
7210344,GLUCOSE 40% GEL 38GM,27.25,7/2/2019
7210366,PREGABALIN 25MG CAP ,36.5,7/2/2019
7210367,PREGABALIN 75MG CAP ,40.5,7/2/2019
7210387,FINASTERIDE 5MG TAB ,52,7/2/2019
7210433,ELECROLYTE SOLN 20ML,99,7/2/2019
7210488,METOPROLOL 25MG ERTB,20.75,7/2/2019
7210495,TOBR.3-DEX.1%OS 5ML ,444,7/2/2019
7210500,LIDOCAINE 2%VIS 100M,89.75,7/2/2019
7210502,LEVETIRACET 500MG TB,53.75,7/2/2019
7210509,OXYTOC 30U/NS 500ML ,60.75,7/2/2019
7210529,FENTANYL 12MCG/HR PT,153.25,7/2/2019
7210536,METOPROLOL 25MG TAB ,4.9,7/2/2019
7210541,FLUTICAS 50MCG/A 16G,497.25,7/2/2019
7210552,ESOMEPRAZOLE 40MG IV,306,7/2/2019
7210576,MEMANTINE 10MG TAB  ,46,7/2/2019
7210602,MULTIVITAMIN TAB    ,2.2,7/2/2019
7210633,DILTIAZEM 100MG INJ ,195,7/2/2019
7210648,APAP/COD 120-12/5ML ,3.7,7/2/2019
7210655,MAGIC MOUTHWASH 30ML,6.2,7/2/2019
7210688,MENTHOL 7MG LOZ     ,15.25,7/2/2019
7210717,POTASS CIT 10MEQCRTB,7.7,7/2/2019
7210767,SUFENTANIL 50MCG/ML ,219.5,7/2/2019
7210772,VALPROATE 250MG/5ML ,14.75,7/2/2019
7210784,TD IM NO PRSRV GE 7Y,472.75,7/2/2019
7210787,CLIND 18MG/ML D5W 50,261.5,7/2/2019
7210790,RANOLAZI 500MG ER TB,52,7/2/2019
7210791,OXYCOD10-APAP325MGTB,19.5,7/2/2019
7210842,LUBIPROSTONE 24MCG  ,53.75,7/2/2019
7210849,IPRATROP/ALBUTER SOL,21,7/2/2019
7210873,OXYCHLOROSEN PWD 2GM,57.25,7/2/2019
7210886,PEG-KCL-NACL/SUL/ACO,68,7/2/2019
7210930,LIDOCAIN 2%/EPI 20ML,117.25,7/2/2019
7211065,PROMETHAZINE 25MG TB,9.8,7/2/2019
7211066,LACTOBACILLUS TAB   ,1,7/2/2019
7211170,HYDROCORT 10MG TAB  ,1.3,7/2/2019
7211213,TOPIRAMATE 50MG TAB ,1.6,7/2/2019
7211314,IPRATROPRIUM INH HFA,539.25,7/2/2019
7211337,LIDOCAINE 2% GEL20ML,117.75,7/2/2019
7211412,SOD CHL/POT CHL TAB ,1.1,7/2/2019
7211443,SITAGLIPTIN 100MG TB,89.75,7/2/2019
7211461,LEVOTHYROX 100MCG TB,5.4,7/2/2019
7211478,CALC500-VITD200MG TB,0.5,7/2/2019
7211486,OXYCOD5-APAP325MG TB,6.5,7/2/2019
7211493,CLIND 6MG/ML D5W 50M,243.5,7/2/2019
7211544,FE SU105-C500-FA.8CR,12,7/2/2019
7211563,VANCO 50MG/MLOR 2.5M,0.1,7/2/2019
7211647,ACTIV CHARC LIQ 240M,79.5,7/2/2019
7211649,PHENOBARBI 32.4MG TB,0.5,7/2/2019
7211657,DIPHE25-APAP500MG TB,1,7/2/2019
7211721,PORACTANT 240MG/3ML ,5000,7/2/2019
7211731,H-COD7.5/APAP325MGTB,15.25,7/2/2019
7211742,CEFDIN 125MG/5ML 60M,12.75,7/2/2019
7211755,OMEGA-3 1200MG CAP  ,1.1,7/2/2019
7211756,OXYCODONE 10MG SR TB,38.25,7/2/2019
7211770,HEPATITIS B GLOB 1ML,3944.75,7/2/2019
7211783,RABIES IG HEAT TX   ,1927.75,7/2/2019
7211790,RABIES VAC IM       ,1559,7/2/2019
7211803,HEP B VAC PED       ,533.5,7/2/2019
7211805,PANTOPRAZOLE SOD VL ,306,7/2/2019
7211807,DAPTOMYCIN 1 MG INJ ,1.2,7/2/2019
7211834,ERTAPENEM SOD/500MG ,505.25,7/2/2019
7211844,LINEZOLID 200 MG    ,288,7/2/2019
7211847,OCTREOTIDE ND 25MCG ,114,7/2/2019
7211849,PAMIDRONATE 30MG IJ ,754.75,7/2/2019
7211867,ZIPRSIDNE MESYL 10MG,136.5,7/2/2019
7211933,EPO 1000UN INJ NESRD,127,7/2/2019
7211934,FOSPHENYTOIN 50MG   ,83.75,7/2/2019
7211938,AMINOPHYLL 250MG INJ,27.25,7/2/2019
7211939,COSYNTROPN .25MG INJ,1032.25,7/2/2019
7211966,MAGNES SULF 500MGINJ,27.75,7/2/2019
7211970,ENOXAPARIN 10MG INJ ,86.5,7/2/2019
7211972,SUCCINYLCHN 20MG INJ,11.25,7/2/2019
7211977,BUPRENORPH 0.1MG INJ,43,7/2/2019
7211978,CALCIUM GLUC 10%10ML,68.5,7/2/2019
7211979,"CALCITONIN,SAL 400IU",615.5,7/2/2019
7211982,CEFAZOLIN 500MG INJ ,119.75,7/2/2019
7211983,CEFTRIAXONE 250MGINJ,105.75,7/2/2019
7211985,CEFTAZIDIM 500MG INJ,173.25,7/2/2019
7211993,DEXAMETH NA 1MG INJ ,17.25,7/2/2019
7211994,DIGOXIN 0.5MG INJ   ,64.5,7/2/2019
7211995,PHENYTOIN NA 50MGINJ,45.5,7/2/2019
7211997,HYDROMORPH UP TO 4MG,69,7/2/2019
7211999,DOBUTAMINE 250MG INJ,219.5,7/2/2019
7212002,ERYTHROMYC 500MG INJ,247.25,7/2/2019
7212003,HALOPERIDOL 5MG INJ ,269,7/2/2019
7212005,HEPARIN NA 10U FLUSH,0.3,7/2/2019
7212006,HYDROCORTIS 100MGINJ,279.5,7/2/2019
7212012,KETOROLAC 15MG INJ  ,47.25,7/2/2019
7212013,FUROSEMIDE 20MG INJ ,54.25,7/2/2019
7212016,LORAZEPAM 2MG INJ   ,103,7/2/2019
7212020,MORPHINE PF 10MG INJ,278.75,7/2/2019
7212021,NALOXONE HCL 1MG INJ,138.5,7/2/2019
7212022,PHENYLEPHRIN 1ML INJ,4.7,7/2/2019
7212023,ONDANSETRON 1MG INJ ,14.75,7/2/2019
7212024,PIPER/TAZOB 1G/.125G,219,7/2/2019
7212032,METOCLOPRAM 10MG INJ,37.25,7/2/2019
7212034,ROPIVACAINE 1MG INJ ,2.8,7/2/2019
7212036,SOD FERRIC 12.5MGINJ,304.75,7/2/2019
7212037,METHYLPRED 40MG INJ ,126.25,7/2/2019
7212039,FENTANY CIT 0.1MGINJ,34.5,7/2/2019
7212041,CHLORPROM UP TO 50MG,327.75,7/2/2019
7212045,TRIAMCIN ACE 10MGINJ,77.5,7/2/2019
7212048,VANCOMYCIN 500MG INJ,170.75,7/2/2019
7212049,HYDROXYZI UP TO 25MG,23.75,7/2/2019
7212050,VIT B12 CYAN 1000MCG,64,7/2/2019
7212051,PHYTONADIONE 1MG INJ,22.75,7/2/2019
7212052,MAGNES SULF 500MGINJ,4.1,7/2/2019
7212054,NORM SALIN 1000ML IV,113,7/2/2019
7212056,D5W/SOD CHL.9% 500ML,67.75,7/2/2019
7212060,D5W/SOD CHL.9% 50ML ,147.5,7/2/2019
7212062,DEX 5%/WATER 500ML  ,141.25,7/2/2019
7212063,DEX 5%/WATER 250ML  ,148.25,7/2/2019
7212066,AZATHIOPRINE 50MG TB,25.75,7/2/2019
7212071,ALBUTR UNITDS DME1MG,17.5,7/2/2019
7212074,IPRATROP BR DME 1MG ,25.25,7/2/2019
7212077,METHOTREXATE 2.5MGPO,58.5,7/2/2019
7212085,ALBUMIN 25% 50ML IV ,496.75,7/2/2019
7212086,PROCHLORPERAZ 5MG PO,12,7/2/2019
7212095,DOPAMIN HCL 40MG INJ,43.25,7/2/2019
7212104,THIAMINE 100MG INJ  ,127.5,7/2/2019
7212105,TERBUTALINE 1MG INJ ,181,7/2/2019
7212109,AMPICILLIN 500MG INJ,160.25,7/2/2019
7212111,HYDRALAZINE 20MG INJ,306,7/2/2019
7212115,DICYCLOMINE 20MG INJ,263.25,7/2/2019
7212116,BENZTROPN MES 1MGINJ,497.75,7/2/2019
7212117,GLUCAGON 1MG INJ    ,888,7/2/2019
7212118,LIDOCAINE 10MG IV   ,0.5,7/2/2019
7212119,DIPHENHYDRAM 50MGINJ,53.75,7/2/2019
7212121,ESTROGEN CNJ 25MGINJ,922.25,7/2/2019
7212122,METHOCARBAML 10MLINJ,530.25,7/2/2019
7212123,HEPARIN 1000U INJ   ,10,7/2/2019
7212125,METHYLERGONV .2MGINJ,240.75,7/2/2019
7212126,METHYLPRED 125MG INJ,68.75,7/2/2019
7212127,OXYTOCIN UP TO 10UN ,154.25,7/2/2019
7212128,BUTORPHANOL 1MG INJ ,96.5,7/2/2019
7212132,GENTAMICIN UPTO 80MG,33,7/2/2019
7212137,FLUCONAZOL 200MG INJ,369.75,7/2/2019
7212139,NEOSTIGMINE .5MG INJ,9.2,7/2/2019
7212142,DEX 5%/WATER 1000ML ,127.25,7/2/2019
7212155,MEROPENEM 100MG INJ ,23.25,7/2/2019
7212170,METHYLPRED 80MG INJ ,245.25,7/2/2019
7212174,PNEUMO-VAC 2YR-ADULT,608.75,7/2/2019
7212201,ACTYLCYSTN INJ 100MG,4.4,7/2/2019
7212225,SINCALIDE INJ 5MCG  ,698,7/2/2019
7212244,PROMETHAZI UPTO 50MG,90.75,7/2/2019
7212247,AZITHROMYC 500MG INJ,601.25,7/2/2019
7212248,GENTAMICIN UPTO 80MG,180,7/2/2019
7212259,TIGECYCLINE 1 MG INJ,12.75,7/2/2019
7212269,DIPH/TET/ACPERT .5ML,698,7/2/2019
7212274,HYDROMORPH UP TO 4MG,9,7/2/2019
7212275,ZIDOVUDINE 10MG INJ ,28.5,7/2/2019
7212279,SUMATRIPTAN 6MG INJ ,934.75,7/2/2019
7212332,PREDNISO 3MG/MLOR 5M,4.9,7/2/2019
7212334,PIPER/TAZOB 1G/.125G,138.25,7/2/2019
