PROCEDURE,DESCRIPTION,STD AMOUNT,DISCLAIMER
10600018,SEMI PRIVATE ROOM,"3,017.40",Gross Charge - Not indicative of patient responsibility
10600300,INTERMEDIATE ICU ROOM,"3,406.88",Gross Charge - Not indicative of patient responsibility
11100026,ICU,"3,768.54",Gross Charge - Not indicative of patient responsibility
11600510,PIC LINE INSERTION,"2,250.15",Gross Charge - Not indicative of patient responsibility
33101195,BARR SKIN CERAPLUS 2.75IN FLNG,8.00,Gross Charge - Not indicative of patient responsibility
33101666,BAG COLL FECAL MGMT FLXSL,11.00,Gross Charge - Not indicative of patient responsibility
33101674,DRESSING XEROFORM 5X9,8.00,Gross Charge - Not indicative of patient responsibility
33101739,CATH EXT MALE INVIEW SML 25MM,8.00,Gross Charge - Not indicative of patient responsibility
33101774,SKIN BARRIER FLAT W/FLNG2.25IN,8.00,Gross Charge - Not indicative of patient responsibility
33101843,PROTECTOR HEELMEDIX,129.50,Gross Charge - Not indicative of patient responsibility
33102494,"PCH URO 2PC ULTRACLR 2.25""FLNG",8.00,Gross Charge - Not indicative of patient responsibility
33102644,POUCH OSTOMY ONE-PIECE 13-64MM,8.00,Gross Charge - Not indicative of patient responsibility
33102678,CATH URINARY,8.00,Gross Charge - Not indicative of patient responsibility
33102816,ADAPT CERARING w/FILTER 44MM,8.00,Gross Charge - Not indicative of patient responsibility
33102863,KIT DRSG CHANGE CENT/PICC/IJ,48.00,Gross Charge - Not indicative of patient responsibility
33102864,KIT DRSG CHANGE DIALYSIS CATH,51.00,Gross Charge - Not indicative of patient responsibility
33103253,PCH DRN FILTER 1 1/2IN 38MM,8.00,Gross Charge - Not indicative of patient responsibility
33103294,BRONCHOSCOPE5.0/2.2FLEX SGLUSE,819.00,Gross Charge - Not indicative of patient responsibility
33103560,CATH MALE EXT 21MM SHORT,8.00,Gross Charge - Not indicative of patient responsibility
33103609,KIT BIRDLE NG TUBE 12FR,371.00,Gross Charge - Not indicative of patient responsibility
33103697,SYSTEM TURN POSITION 800LB2XL,817.00,Gross Charge - Not indicative of patient responsibility
33103698,PAD BODY MICROCLIM TURN 2XL,76.50,Gross Charge - Not indicative of patient responsibility
33103731,HOLDER LIMB DELUXE SYNTH FUR,23.00,Gross Charge - Not indicative of patient responsibility
33107068,TUBE TRACH CUFFED 7.0 FLEX,48.00,Gross Charge - Not indicative of patient responsibility
33107069,TUBE TRACH CUFFED 8.0 FLEX,48.00,Gross Charge - Not indicative of patient responsibility
33108396,TRAY SUTURE REMOVAL,8.00,Gross Charge - Not indicative of patient responsibility
33108425,RESTRAINT MITTS SMALL,33.00,Gross Charge - Not indicative of patient responsibility
33108550,DRSG TRAC PAD,68.00,Gross Charge - Not indicative of patient responsibility
33108644,REACHER 26IN 6OZ,9.50,Gross Charge - Not indicative of patient responsibility
33108844,TUBE TRCH SIL 7MMIDX10MMODX80M,237.00,Gross Charge - Not indicative of patient responsibility
33108863,TUBE TRACH TTS 6MMIDX70MM LONG,237.00,Gross Charge - Not indicative of patient responsibility
33109227,RESTRAINT WRAP,32.50,Gross Charge - Not indicative of patient responsibility
33109861,CREAM SWEEN 24 5OZ,8.50,Gross Charge - Not indicative of patient responsibility
33109914,DRSG TEGASORB SACRAL 6.4X6.7IN,30.50,Gross Charge - Not indicative of patient responsibility
33110059,KIT DRESSING MED VAC,92.00,Gross Charge - Not indicative of patient responsibility
33110284,CATH EXTERNAL MALE LIBERTY,79.50,Gross Charge - Not indicative of patient responsibility
33110928,DRSG TEGADERM 4.5X6.8,14.50,Gross Charge - Not indicative of patient responsibility
33111189,POUCH OST TRANSPAR DRN W/FIBER,8.00,Gross Charge - Not indicative of patient responsibility
33111271,PLEUREVAC SAHARA ADLT W/VLV,124.50,Gross Charge - Not indicative of patient responsibility
33111447,PASTE ADAPT 2OZ (OSTOMY),8.00,Gross Charge - Not indicative of patient responsibility
33111482,NEB MISTY ANG W/T7 TB(DISP),8.00,Gross Charge - Not indicative of patient responsibility
33111518,DRSG ACRYLIC ABS CLR 3X3.75,9.00,Gross Charge - Not indicative of patient responsibility
33111587,SLEEVE PRESSURE CALF MEDIUM,39.00,Gross Charge - Not indicative of patient responsibility
33111749,BINDER ABD 9WIDE 46-69MD 3PNL,8.00,Gross Charge - Not indicative of patient responsibility
33111763,DRSG OPTIFOAM 4X4,8.00,Gross Charge - Not indicative of patient responsibility
33111977,CATH COUDE 2W SIL 5CC16FR,23.00,Gross Charge - Not indicative of patient responsibility
33112070,DRSG F-EXUDERM HYD 4X4,8.00,Gross Charge - Not indicative of patient responsibility
33112072,DRSG MAXORB ALG AG 4X4.75IN,17.50,Gross Charge - Not indicative of patient responsibility
33112073,DRSG MAXORB CALCIUM 4X4,8.00,Gross Charge - Not indicative of patient responsibility
33112109,DRSG COLL PURACOL 4X4.25,18.50,Gross Charge - Not indicative of patient responsibility
33112223,REPAIR SKIN REMEDY 4OZ,8.50,Gross Charge - Not indicative of patient responsibility
33112268,BINDER 3 PANEL 45-62,14.50,Gross Charge - Not indicative of patient responsibility
33112289,DRSG PRISMA MATRIX 19.1 SQ IN,62.50,Gross Charge - Not indicative of patient responsibility
33112787,TUBE DECLOG GTUBE 16-18FR,15.50,Gross Charge - Not indicative of patient responsibility
33112788,KIT FECAL MGT SYS FLEXSEAL FMS,293.00,Gross Charge - Not indicative of patient responsibility
33112855,DRSG MEPILEX TRANSFER 6X8,19.50,Gross Charge - Not indicative of patient responsibility
33112904,DRSG VAC SIMPLACE MEDIUM,166.50,Gross Charge - Not indicative of patient responsibility
33114850,CANISTER SIMPLICITY W GEL,69.00,Gross Charge - Not indicative of patient responsibility
33116148,MASK AF541 CAPSTRAP MED,79.00,Gross Charge - Not indicative of patient responsibility
33116149,MASK AF541 CAPSTRAP LG,79.00,Gross Charge - Not indicative of patient responsibility
33118635,PCH EAK FIS/WND NEWTAP 4.3X3.0,32.50,Gross Charge - Not indicative of patient responsibility
33118639,PCH EAK FIS/WND NWTAP 2.4X3.14,25.50,Gross Charge - Not indicative of patient responsibility
33119939,POUCH DRAIN HIGH OUT W/PANEL,8.00,Gross Charge - Not indicative of patient responsibility
33120205,DRSG MEPITEL SFT SIL 10X18CM,26.50,Gross Charge - Not indicative of patient responsibility
33131148,PROTECT SKIN MARATHN LIQ 0.5G,14.50,Gross Charge - Not indicative of patient responsibility
33131360,ADAPTER NEBULIZER 1000ML,8.00,Gross Charge - Not indicative of patient responsibility
33131378,KIT HUMID 500ML,8.00,Gross Charge - Not indicative of patient responsibility
33132464,KIT CATH POLY MDLN SL MX 4FR,333.00,Gross Charge - Not indicative of patient responsibility
33133043,SET SAF-T SCRS SPIKE EPUMP,10.50,Gross Charge - Not indicative of patient responsibility
33133051,TUBE GAST FDG NONWT 14FR 36IN,14.00,Gross Charge - Not indicative of patient responsibility
33151400,DRSG CAVITY 2,9.50,Gross Charge - Not indicative of patient responsibility
33152371,CATH FEMALE XTRNL SOFT WICKING,32.50,Gross Charge - Not indicative of patient responsibility
33160862,DRSG BIATAIN SIL BRDR FOAM 7X7,17.00,Gross Charge - Not indicative of patient responsibility
33160866,DRSG BIATAIN SIL LITE FOAM 4X4,8.00,Gross Charge - Not indicative of patient responsibility
33160970,ADAPTER PEG NON STER 16FR,13.50,Gross Charge - Not indicative of patient responsibility
33161060,PCH DRN SOFT NS WIND W/FILTR,23.50,Gross Charge - Not indicative of patient responsibility
33163035,BELT OSTOMY MED 23-42IN,8.00,Gross Charge - Not indicative of patient responsibility
33170580,SYST OCIL POIT EXPIR THPY,132.50,Gross Charge - Not indicative of patient responsibility
33170620,PASTE BRAVA STRIP OSTOMY,8.00,Gross Charge - Not indicative of patient responsibility
33171812,TRANS TRACH CATH SCOOP,45.00,Gross Charge - Not indicative of patient responsibility
33171813,TRANS TRACH O2 HOSE,8.00,Gross Charge - Not indicative of patient responsibility
33174205,DRSG TEGADERM ADV SEC 3.5X4.5,8.00,Gross Charge - Not indicative of patient responsibility
33175742,BAG URIN 2000CC W/ANTI-R CHM&S,8.00,Gross Charge - Not indicative of patient responsibility
33175776,BINDER ABDOMINAL 10 UNIVERSAL,14.50,Gross Charge - Not indicative of patient responsibility
33176079,CATH URINARY EXT SELF-ADH SM,8.00,Gross Charge - Not indicative of patient responsibility
33176084,CATH UTILITY 12FR,8.00,Gross Charge - Not indicative of patient responsibility
33176139,COLLECTOR FECAL INCONTINENCE,14.50,Gross Charge - Not indicative of patient responsibility
33176140,COLLECTOR FECAL INCONTINENCE,11.00,Gross Charge - Not indicative of patient responsibility
33176142,COLLECTOR FECAL FLEXSEAL,11.00,Gross Charge - Not indicative of patient responsibility
33176171,DRSG ABDOMINAL PAD 5X9,8.00,Gross Charge - Not indicative of patient responsibility
33176297,DRSG MESALT RIBBON .75,8.00,Gross Charge - Not indicative of patient responsibility
33176420,"DRSG WOUND HYDROFIBER 3/4X18""",20.00,Gross Charge - Not indicative of patient responsibility
33176556,TRACH SUCT 14FR-12 W/SWVL A,21.00,Gross Charge - Not indicative of patient responsibility
33176647,NEB PREF'LD 1000ML WATER ONLY,8.00,Gross Charge - Not indicative of patient responsibility
33176726,"POUCH COLOSTOMY 2-3/4""",8.00,Gross Charge - Not indicative of patient responsibility
33177337,TRAY FOLEY CATH W/16FR SILIC,18.50,Gross Charge - Not indicative of patient responsibility
33177349,TRAY FOLEY CATH 18FR LTX FREE,21.00,Gross Charge - Not indicative of patient responsibility
33177415,TRAY URETH CATH W/14FR CATH,8.00,Gross Charge - Not indicative of patient responsibility
33177510,TUBE FDG NG 12FR-45 W/STYLET,25.50,Gross Charge - Not indicative of patient responsibility
33177580,TUBE SALEM SUMP 16FR,8.00,Gross Charge - Not indicative of patient responsibility
33177721,VALVE ANTI-REFLUX,15.00,Gross Charge - Not indicative of patient responsibility
33177999,DRSG MESALT 8X8,8.00,Gross Charge - Not indicative of patient responsibility
33178047,CATH EXT MALE INTREMED,8.00,Gross Charge - Not indicative of patient responsibility
33178086,MASK TRACH,8.00,Gross Charge - Not indicative of patient responsibility
33178121,NEBULIZER BARREL THERAMIST,14.00,Gross Charge - Not indicative of patient responsibility
33180060,DECLOGGER G-TUBE 12-14FR,15.50,Gross Charge - Not indicative of patient responsibility
33181664,TUBE SALEM SUMP 14F,8.00,Gross Charge - Not indicative of patient responsibility
33181958,"DRSG, WND VAC MED",33.50,Gross Charge - Not indicative of patient responsibility
33183036,DRSG XEROFORM 4X3,10.50,Gross Charge - Not indicative of patient responsibility
33183149,BOOT E-Z,231.00,Gross Charge - Not indicative of patient responsibility
33188911,NEEDLE HUBER 6 DEHP TBG 10X.75,8.50,Gross Charge - Not indicative of patient responsibility
33190687,TRAY CATH PWRPICC DL MX BAR 5F,339.00,Gross Charge - Not indicative of patient responsibility
33191085,SEAL EAKIN COHESIVE SML 2IN,9.00,Gross Charge - Not indicative of patient responsibility
33192215,KIT DRSG LGE VAC,92.00,Gross Charge - Not indicative of patient responsibility
33195075,NEB BARL THERAMIST DISP 40LPM,14.00,Gross Charge - Not indicative of patient responsibility
33198718,TUBE MEDIHONEY 1.5 OZ W/APPL,35.00,Gross Charge - Not indicative of patient responsibility
33198734,20F PEG ADAPTOR  NON-STERILE,13.50,Gross Charge - Not indicative of patient responsibility
33198750,SOLUTION FOR INHALATION FLEX,8.00,Gross Charge - Not indicative of patient responsibility
33198789,SET EPUMP FEED FLUSH 1000ML,12.00,Gross Charge - Not indicative of patient responsibility
33198897,TRACH PURPLE,228.50,Gross Charge - Not indicative of patient responsibility
34000042,PT EVALUATION LOW COMPLEXITY,369.60,Gross Charge - Not indicative of patient responsibility
34000043,PT EVALUATION MOD COMPLEXITY,369.60,Gross Charge - Not indicative of patient responsibility
34000044,PT EVALUATION HIGH COMPLEXITY,369.60,Gross Charge - Not indicative of patient responsibility
34000050,GAIT TRAINING 15 MIN,122.85,Gross Charge - Not indicative of patient responsibility
34000140,PHYSICAL THERAPY RE-EVALUATION,246.75,Gross Charge - Not indicative of patient responsibility
34000790,NEUROMUSCULAR RE-ED 15 MIN,122.85,Gross Charge - Not indicative of patient responsibility
34010020,MANUAL THERAPY 15 MIN,106.05,Gross Charge - Not indicative of patient responsibility
34010040,THERAPEUTIC EXERCISE 15 MIN,122.85,Gross Charge - Not indicative of patient responsibility
34010075,WHEELCHAIR TRAINING 15 MIN,112.35,Gross Charge - Not indicative of patient responsibility
34010160,THER ACT DIRECT 15 MIN,122.85,Gross Charge - Not indicative of patient responsibility
34210130,SELF CARE/HOME MGT 15 MIN,124.95,Gross Charge - Not indicative of patient responsibility
34210150,THER ACT DIRECT 15 MIN,124.95,Gross Charge - Not indicative of patient responsibility
34250127,OT EVALUATION LOW COMPLEXITY,369.60,Gross Charge - Not indicative of patient responsibility
34250128,OT EVALUATION MOD COMPLEXITY,369.60,Gross Charge - Not indicative of patient responsibility
34250129,OT EVALUATION HIGH COMPLEXITY,369.60,Gross Charge - Not indicative of patient responsibility
34600032,EVAL SOUND PROD/LANG COMP EXP,359.10,Gross Charge - Not indicative of patient responsibility
34600120,TX SWALLOWING/ORAL DYSFUN,369.60,Gross Charge - Not indicative of patient responsibility
34600181,EVAL OF SWALLOWING-RADIO-OPA,369.60,Gross Charge - Not indicative of patient responsibility
34600290,SPEECH LANGUAGE TREATMENT,124.95,Gross Charge - Not indicative of patient responsibility
34600420,EVAL SWALLOW/ORAL FUNCTION,369.60,Gross Charge - Not indicative of patient responsibility
34610010,EVAL OF PROSTH COMM DEVICE,369.60,Gross Charge - Not indicative of patient responsibility
36000121,ARTERIAL BLOOD GAS,320.25,Gross Charge - Not indicative of patient responsibility
36000122,VENOUS BLOOD GAS,304.50,Gross Charge - Not indicative of patient responsibility
36000132,BIPAP DAILY,"1,048.95",Gross Charge - Not indicative of patient responsibility
36000136,CPAP DAILY,851.55,Gross Charge - Not indicative of patient responsibility
36000140,CHEST WALL MANIPULATION INIT,132.30,Gross Charge - Not indicative of patient responsibility
36000150,BRONCHOSCOPY,"1,572.90",Gross Charge - Not indicative of patient responsibility
36000180,CHEST WALL MANIPULATION SUBSEQ,132.30,Gross Charge - Not indicative of patient responsibility
36000400,AEROSOL/VAPOR INHALE INITIAL,149.10,Gross Charge - Not indicative of patient responsibility
36000530,PASSY MUIR VALVE ASSIST,109.20,Gross Charge - Not indicative of patient responsibility
36000610,PULSE OXIMETRY-CONTINUOUS,532.35,Gross Charge - Not indicative of patient responsibility
36000620,PULSE OXIMETRY-SINGLE,109.20,Gross Charge - Not indicative of patient responsibility
36000840,TRACH CHANGE,218.40,Gross Charge - Not indicative of patient responsibility
36000880,AEROSOL/VAPOR INHALE SUBSEQ,132.30,Gross Charge - Not indicative of patient responsibility
36000940,VENTILATOR INITIAL DAILY,"2,600.10",Gross Charge - Not indicative of patient responsibility
36000945,VENTILATOR SUBSEQUENT DAILY,"2,475.98",Gross Charge - Not indicative of patient responsibility
36000980,MAX BREATHING CAPACITY,138.60,Gross Charge - Not indicative of patient responsibility
36200171,CHEST WALL MANIP-SUBSEQ,120.75,Gross Charge - Not indicative of patient responsibility
36201050,MAXIMUM BREATHING CAPACITY,136.50,Gross Charge - Not indicative of patient responsibility
38200004,PROCALCITONIN,900.90,Gross Charge - Not indicative of patient responsibility
38200024,LIPID PANEL,64.05,Gross Charge - Not indicative of patient responsibility
38200120,AMMONIA,87.15,Gross Charge - Not indicative of patient responsibility
38200222,BNP (B NATRIURETIC PEPTIDE),351.75,Gross Charge - Not indicative of patient responsibility
38200380,CALCIUM (IONIZED),39.90,Gross Charge - Not indicative of patient responsibility
38200470,"CBC, W/ AUTO DIFF",35.70,Gross Charge - Not indicative of patient responsibility
38200680,CORTISOL TOTAL,52.50,Gross Charge - Not indicative of patient responsibility
38200710,CPK-TOTAL,166.95,Gross Charge - Not indicative of patient responsibility
38200750,CREATININE CLEARANCE,162.75,Gross Charge - Not indicative of patient responsibility
38200780,C-REACTIVE PROTEIN,52.50,Gross Charge - Not indicative of patient responsibility
38200845,AEROBIC ORGANISM ID,82.95,Gross Charge - Not indicative of patient responsibility
38200850,CULTURE ANAEROBIC,112.35,Gross Charge - Not indicative of patient responsibility
38201050,DILANTIN (PHENYTOIN-TOTAL),115.50,Gross Charge - Not indicative of patient responsibility
38201200,FERRITIN,59.85,Gross Charge - Not indicative of patient responsibility
38201240,FOLIC ACID,144.90,Gross Charge - Not indicative of patient responsibility
38201380,GLYCOHEMOGLOBIN  (HGB A1),78.75,Gross Charge - Not indicative of patient responsibility
38201390,GRAM/GIESMA SMEAR,61.95,Gross Charge - Not indicative of patient responsibility
38201400,HAPTOGLOBIN,64.05,Gross Charge - Not indicative of patient responsibility
38201460,HEPATITIS B SURFACE AB,64.05,Gross Charge - Not indicative of patient responsibility
38201470,HEPATITIS B SURFACE AG (HBSAG),88.20,Gross Charge - Not indicative of patient responsibility
38201472,HEPATITIS B CORE ANTIBODY,139.65,Gross Charge - Not indicative of patient responsibility
38201475,"HEPATITIS BE ANTIGEN, EIA",68.25,Gross Charge - Not indicative of patient responsibility
38201480,HEPATITIS C AB,92.40,Gross Charge - Not indicative of patient responsibility
38201600,"IRON,SERUM,CHEMICAL",35.70,Gross Charge - Not indicative of patient responsibility
38201610,IRON BINDING CAPACITY,46.20,Gross Charge - Not indicative of patient responsibility
38201630,LACTIC ACID,53.55,Gross Charge - Not indicative of patient responsibility
38201650,LDH,73.50,Gross Charge - Not indicative of patient responsibility
38201720,LIPASE,64.05,Gross Charge - Not indicative of patient responsibility
38201722,PROGRAF LEVEL (TACROLIMUS),200.55,Gross Charge - Not indicative of patient responsibility
38201882,"SODIUM, URINE",39.90,Gross Charge - Not indicative of patient responsibility
38201978,PREALBUMIN,68.25,Gross Charge - Not indicative of patient responsibility
38202049,PARATHYROID HORMONE,100.80,Gross Charge - Not indicative of patient responsibility
38202050,PTT,449.40,Gross Charge - Not indicative of patient responsibility
38202160,SENSITIVITY (MIC),82.95,Gross Charge - Not indicative of patient responsibility
38202290,T3 FREE,79.80,Gross Charge - Not indicative of patient responsibility
38202300,T-3 UPTAKE,35.70,Gross Charge - Not indicative of patient responsibility
38202310,T-4 TOTAL (THYROXINE),158.55,Gross Charge - Not indicative of patient responsibility
38202400,TRANSFERRIN SERUM,55.65,Gross Charge - Not indicative of patient responsibility
38202410,TRIGLYCERIDES,66.15,Gross Charge - Not indicative of patient responsibility
38202415,TROPONIN (QUANTITATIVE),79.80,Gross Charge - Not indicative of patient responsibility
38202420,TSH,68.25,Gross Charge - Not indicative of patient responsibility
38202440,"URIC ACID, BLOOD",32.55,Gross Charge - Not indicative of patient responsibility
38202456,"VITAMIN D, 25 HYDROXY",112.35,Gross Charge - Not indicative of patient responsibility
38202500,VALPROIC ACID,95.55,Gross Charge - Not indicative of patient responsibility
38202540,VITAMIN B-12,59.85,Gross Charge - Not indicative of patient responsibility
38203015,T4 FREE (THYROXINE),59.85,Gross Charge - Not indicative of patient responsibility
38243603,CREATININE RANDOM URINE,35.70,Gross Charge - Not indicative of patient responsibility
38243605,PROTEIN URINE,39.90,Gross Charge - Not indicative of patient responsibility
38293939,HEPARIN LEVEL,200.55,Gross Charge - Not indicative of patient responsibility
38300380,CALCIUM (IONIZED),106.05,Gross Charge - Not indicative of patient responsibility
38300470,"CBC, W/ AUTO DIFF",88.20,Gross Charge - Not indicative of patient responsibility
38300845,AEROBIC ORGANISM ID,115.50,Gross Charge - Not indicative of patient responsibility
38300880,CULTURE BLOOD,149.10,Gross Charge - Not indicative of patient responsibility
38300980,CULTURE URINE,115.50,Gross Charge - Not indicative of patient responsibility
38301040,DIGOXIN,207.90,Gross Charge - Not indicative of patient responsibility
38301390,GRAM/GIESMA SMEAR,59.85,Gross Charge - Not indicative of patient responsibility
38301420,HEMATOCRIT,64.05,Gross Charge - Not indicative of patient responsibility
38301439,"CBC, AUTO W/O DIFF",95.55,Gross Charge - Not indicative of patient responsibility
38301630,LACTIC ACID,105.00,Gross Charge - Not indicative of patient responsibility
38301740,HEPATIC FUNCTION PANEL,344.40,Gross Charge - Not indicative of patient responsibility
38301760,MAGNESIUM,87.15,Gross Charge - Not indicative of patient responsibility
38301910,PHOSPHOROUS SERUM,84.00,Gross Charge - Not indicative of patient responsibility
38301930,POTASSIUM SERUM,84.00,Gross Charge - Not indicative of patient responsibility
38302040,PROTHROMBIN TIME,87.15,Gross Charge - Not indicative of patient responsibility
38302160,SENSITIVITY (MIC),164.85,Gross Charge - Not indicative of patient responsibility
38302200,SODIUM SERUM,75.60,Gross Charge - Not indicative of patient responsibility
38302390,TOBRAMYCIN,195.30,Gross Charge - Not indicative of patient responsibility
38302460,URINALYSIS AUTO W/O MICRO,70.35,Gross Charge - Not indicative of patient responsibility
38302470,URINALYSIS AUTO W/MICROSCOPIC,88.20,Gross Charge - Not indicative of patient responsibility
38302510,VANCOMYCIN,198.45,Gross Charge - Not indicative of patient responsibility
38303580,URINE MICRO,60.90,Gross Charge - Not indicative of patient responsibility
38303695,HEMOGLOBIN,61.95,Gross Charge - Not indicative of patient responsibility
38303705,SED RATE (MANUAL),103.95,Gross Charge - Not indicative of patient responsibility
38303736,OCCULT BLOOD- OTHER SOURCES,54.60,Gross Charge - Not indicative of patient responsibility
38303747,FUNGUS/YEAST IDENTIFICATION,46.20,Gross Charge - Not indicative of patient responsibility
38305100,CULTURE- RESPIRATORY,158.55,Gross Charge - Not indicative of patient responsibility
38380047,METABOLIC PANEL IONIZED CA,96.60,Gross Charge - Not indicative of patient responsibility
38380048,METABOLIC PANEL TOTAL CA,232.05,Gross Charge - Not indicative of patient responsibility
38380053,COMPREHEN METABOLIC PANEL,410.55,Gross Charge - Not indicative of patient responsibility
38380069,RENAL FUNCTION PANEL,320.25,Gross Charge - Not indicative of patient responsibility
38399350,C DIFFICILE AMP PROBE,143.85,Gross Charge - Not indicative of patient responsibility
38399356,OCCULT BLOOD 1-3 DETERM,48.30,Gross Charge - Not indicative of patient responsibility
39200210,EKG TRACING ONLY,429.45,Gross Charge - Not indicative of patient responsibility
68000100,RENAL-HEMODIALYSIS,"1,858.50",Gross Charge - Not indicative of patient responsibility
72000020,ANTIBODY IDENT EACH PANEL,481.95,Gross Charge - Not indicative of patient responsibility
72000025,ANTIBODY SCREEN,211.05,Gross Charge - Not indicative of patient responsibility
72000120,CROSSMATCH ANTIGLOBIN,323.40,Gross Charge - Not indicative of patient responsibility
72000525,BLOOD TYPING ABO,112.35,Gross Charge - Not indicative of patient responsibility
72000540,ANTIGEN SCREENING (REAGENT),180.60,Gross Charge - Not indicative of patient responsibility
72000575,IRRADIATION OF BLOOD,195.30,Gross Charge - Not indicative of patient responsibility
72000615,RH TYPING,55.65,Gross Charge - Not indicative of patient responsibility
72000765,CROSSMATCH IMMEDIATE SPIN,262.50,Gross Charge - Not indicative of patient responsibility
72060002,RBC LEUKOREDUCED-PROC ONLY,"1,006.95",Gross Charge - Not indicative of patient responsibility
72060011,PLATELETS PHER LR-PROC ONLY,"1,951.95",Gross Charge - Not indicative of patient responsibility
74000006,ABDOMEN SINGLE AP VIEW,329.70,Gross Charge - Not indicative of patient responsibility
74000271,SWALLOW FUNCTION W/VIDEORAD,"1,287.30",Gross Charge - Not indicative of patient responsibility
74071010,CHEST 1 VIEW FRONTAL,424.20,Gross Charge - Not indicative of patient responsibility
75000052,US 2D ECHO DOPPLER/COLOR FLOW,"2,027.55",Gross Charge - Not indicative of patient responsibility
75010015,EXT VEIN DUPLEX STUDY LIMIT RT,"1,237.95",Gross Charge - Not indicative of patient responsibility
75010016,EXT VEIN DUPLEX STUDY LIMIT LT,"1,237.95",Gross Charge - Not indicative of patient responsibility
77000120,CT BRAIN/HEAD WO CONTRAST,"2,789.85",Gross Charge - Not indicative of patient responsibility
92201001,OPHTHALMICS 01,90.00,Gross Charge - Not indicative of patient responsibility
92201005,OPHTHALMICS 05,22.00,Gross Charge - Not indicative of patient responsibility
92201009,OPHTHALMICS 09,373.00,Gross Charge - Not indicative of patient responsibility
92201015,OPHTHALMICS 15,82.00,Gross Charge - Not indicative of patient responsibility
92201017,OPHTHALMICS 17,28.00,Gross Charge - Not indicative of patient responsibility
92201023,OPHTHALMICS 23,33.00,Gross Charge - Not indicative of patient responsibility
92202002,TOPICALS 02,13.00,Gross Charge - Not indicative of patient responsibility
92203001,ORALS 01,16.00,Gross Charge - Not indicative of patient responsibility
92203002,ORALS 02,68.00,Gross Charge - Not indicative of patient responsibility
92203003,ORALS 03,16.00,Gross Charge - Not indicative of patient responsibility
92203012,ORALS 12,8.00,Gross Charge - Not indicative of patient responsibility
92203025,ORALS 25,14.00,Gross Charge - Not indicative of patient responsibility
92203029,ORALS 29,65.00,Gross Charge - Not indicative of patient responsibility
92203031,ORALS 31,36.00,Gross Charge - Not indicative of patient responsibility
92203035,ORALS 35,8.00,Gross Charge - Not indicative of patient responsibility
92203036,ORALS 36,12.00,Gross Charge - Not indicative of patient responsibility
92203039,ORALS 39,8.00,Gross Charge - Not indicative of patient responsibility
92203040,ORALS 40,8.00,Gross Charge - Not indicative of patient responsibility
92203043,ORALS 43,8.00,Gross Charge - Not indicative of patient responsibility
92204001,IV ADMIXTURE 02,450.00,Gross Charge - Not indicative of patient responsibility
92204002,IV ADMIXTURE 03,675.00,Gross Charge - Not indicative of patient responsibility
92204005,IV ADMIXTURE 06,77.00,Gross Charge - Not indicative of patient responsibility
92204010,IV ADMIXTURE 11,150.00,Gross Charge - Not indicative of patient responsibility
92204012,IV ADMIXTURE 13,54.00,Gross Charge - Not indicative of patient responsibility
92204014,IV ADMIXTURE 15,28.00,Gross Charge - Not indicative of patient responsibility
92204015,IV ADMIXTURE 16,142.00,Gross Charge - Not indicative of patient responsibility
92204018,IV ADMIXTURE 19,41.00,Gross Charge - Not indicative of patient responsibility
92204020,IV ADMIXTURE 21,124.00,Gross Charge - Not indicative of patient responsibility
92204021,IV ADMIXTURE 22,703.00,Gross Charge - Not indicative of patient responsibility
92204023,IV ADMIXTURE 24,33.00,Gross Charge - Not indicative of patient responsibility
92204024,IV ADMIXTURE 25,254.00,Gross Charge - Not indicative of patient responsibility
92204027,IV ADMIXTURE 28,36.00,Gross Charge - Not indicative of patient responsibility
92204037,IV ADMIXTURE 37,768.00,Gross Charge - Not indicative of patient responsibility
92204040,IV ADMIXTURE 40,44.00,Gross Charge - Not indicative of patient responsibility
92204047,IV ADMIXTURE 47,66.00,Gross Charge - Not indicative of patient responsibility
92204048,IV ADMIXTURE 48,167.00,Gross Charge - Not indicative of patient responsibility
92204051,IV ADMIXTURE 51,25.00,Gross Charge - Not indicative of patient responsibility
92204058,IV ADMIXTURE 58,11.00,Gross Charge - Not indicative of patient responsibility
92204068,IV ADMIXTURE 68,131.22,Gross Charge - Not indicative of patient responsibility
92204071,IV ADMIXTURE 71,211.65,Gross Charge - Not indicative of patient responsibility
92205002,TPN/TNA 2,225.00,Gross Charge - Not indicative of patient responsibility
92206002,IMPLANTS/SUPPOSITORIES 02,16.00,Gross Charge - Not indicative of patient responsibility
92206006,IMPLANTS/SUPPOSITORIES 06,28.00,Gross Charge - Not indicative of patient responsibility
92206018,IMPLANTS/SUPPOSITORIES 18,40.00,Gross Charge - Not indicative of patient responsibility
92206019,IMPLANTS/SUPPOSITORIES 19,"1,001.00",Gross Charge - Not indicative of patient responsibility
92206020,IMPLANTS/SUPPOSITORIES 20,82.00,Gross Charge - Not indicative of patient responsibility
92207002,IRRIGATIONS 02,116.00,Gross Charge - Not indicative of patient responsibility
92207003,IRRIGATIONS 03,98.00,Gross Charge - Not indicative of patient responsibility
92207004,IRRIGATIONS 04,75.00,Gross Charge - Not indicative of patient responsibility
92207005,IRRIGATIONS 05,257.00,Gross Charge - Not indicative of patient responsibility
92207007,IRRIGATIONS 07,18.00,Gross Charge - Not indicative of patient responsibility
92207008,IRRIGATIONS 08,37.00,Gross Charge - Not indicative of patient responsibility
92207009,IRRIGATIONS 09,43.00,Gross Charge - Not indicative of patient responsibility
92207010,IRRIGATIONS 10,289.00,Gross Charge - Not indicative of patient responsibility
92207017,IRRIGATIONS 17,27.00,Gross Charge - Not indicative of patient responsibility
92207019,IRRIGATIONS 19,90.00,Gross Charge - Not indicative of patient responsibility
92207023,IRRIGATIONS 23,114.00,Gross Charge - Not indicative of patient responsibility
92207025,IRRIGATIONS 25,167.00,Gross Charge - Not indicative of patient responsibility
92210021,THYROID 60MG TAB,8.00,Gross Charge - Not indicative of patient responsibility
92210037,SODIUM CL 0.65% NASAL SPR,8.00,Gross Charge - Not indicative of patient responsibility
92210039,SODIUM CL 3% INH SOL,8.00,Gross Charge - Not indicative of patient responsibility
92210042,SPIRONOLACTONE 25MG TAB,8.00,Gross Charge - Not indicative of patient responsibility
92210044,ROPINIROLE HCL 0.W5MG TAB,11.00,Gross Charge - Not indicative of patient responsibility
92210049,BACLOFEN 20MG TAB,8.00,Gross Charge - Not indicative of patient responsibility
92210065,ASPIRIN 325MG TAB,8.00,Gross Charge - Not indicative of patient responsibility
92210117,BUTALB CAFF APAP 50-40-325 TAB,8.00,Gross Charge - Not indicative of patient responsibility
92210131,ALPRAZOLAM 0.25MG TAB,8.00,Gross Charge - Not indicative of patient responsibility
92210140,HYDROCORTISONE ACET 25MG SUP,60.00,Gross Charge - Not indicative of patient responsibility
92210144,AMOXICILLIN 250MG/5ML LIQ,17.00,Gross Charge - Not indicative of patient responsibility
92210158,SIMETHICONE 20MG/0.3ML SUS,8.00,Gross Charge - Not indicative of patient responsibility
92210172,SULFAMETHOXAZOLE/TMP SUS,22.00,Gross Charge - Not indicative of patient responsibility
92210186,LABETALOL HCL 200MG TAB,8.00,Gross Charge - Not indicative of patient responsibility
92210197,VITAMIN E 400U SGL,8.00,Gross Charge - Not indicative of patient responsibility
92210205,TRAZODONE HCL 50MG TAB,8.00,Gross Charge - Not indicative of patient responsibility
92210206,DIGOXIN 125MCG TAB,8.00,Gross Charge - Not indicative of patient responsibility
92210220,VANCOMYCIN HCL 1GM INJ,52.00,Gross Charge - Not indicative of patient responsibility
92210272,SODIUM CL 1GM TAB,8.00,Gross Charge - Not indicative of patient responsibility
92210275,LABETALOL HCL 100MG TAB,8.00,Gross Charge - Not indicative of patient responsibility
92210277,CEPHALEXIN 250MG/5ML SUS,78.00,Gross Charge - Not indicative of patient responsibility
92210289,ACETAMINOPHEN 500MG TAB,8.00,Gross Charge - Not indicative of patient responsibility
92210298,DIPHENOXYLATE HCL ATROPINE TAB,8.00,Gross Charge - Not indicative of patient responsibility
92210304,CEPHALEXIN 500MG CAP,8.00,Gross Charge - Not indicative of patient responsibility
92210375,ACYCLOVIR 200MG CAP,8.00,Gross Charge - Not indicative of patient responsibility
92210378,HYDROMORPHONE 4MG TAB,8.00,Gross Charge - Not indicative of patient responsibility
92210387,"ERGOCALCIFEROL 50,000U CAP",8.00,Gross Charge - Not indicative of patient responsibility
92210391,MICONAZOLE NITRATE 2% CRE,12.00,Gross Charge - Not indicative of patient responsibility
92210399,TRAZODONE HCL 100MG TAB,8.00,Gross Charge - Not indicative of patient responsibility
92210405,SODIUM CL 0.9% IVS,25.00,Gross Charge - Not indicative of patient responsibility
92210447,OXYCODONE APAP 5-325MG TAB,8.00,Gross Charge - Not indicative of patient responsibility
92210511,PSEUDOEPHEDRINE HCL 30MG TAB,8.00,Gross Charge - Not indicative of patient responsibility
92210542,"CYANOCABALAMIN 1,000MCG TAB",8.00,Gross Charge - Not indicative of patient responsibility
92210566,METHYLPHENIDATE HCL 5MG TAB,8.00,Gross Charge - Not indicative of patient responsibility
92210588,BACLOFEN 10MG TAB,8.00,Gross Charge - Not indicative of patient responsibility
92210590,BACITRACIN 500U/GM OIN,11.00,Gross Charge - Not indicative of patient responsibility
92210613,VALPROIC ACID 250MG/5ML SYR,8.00,Gross Charge - Not indicative of patient responsibility
92210616,BISACODYL 10MG SUP,8.00,Gross Charge - Not indicative of patient responsibility
92210619,TRAMADOL HCL 50MG TAB,8.00,Gross Charge - Not indicative of patient responsibility
92210628,MORPHINE  15MG TAB,8.00,Gross Charge - Not indicative of patient responsibility
92210635,TEMAZEPAM 15MG CAP,8.00,Gross Charge - Not indicative of patient responsibility
92210642,THIAMINE 100MG TAB,8.00,Gross Charge - Not indicative of patient responsibility
92210677,CARBAMIDE PEROXIDE 6.5% EAR SO,8.00,Gross Charge - Not indicative of patient responsibility
92210698,GLIPIZIDE 5MG TAB,8.00,Gross Charge - Not indicative of patient responsibility
92210709,LACTULOSE 10GM/15ML SOL,8.00,Gross Charge - Not indicative of patient responsibility
92210728,BUSPIRONE HCL 5MG TAB,8.00,Gross Charge - Not indicative of patient responsibility
92210733,PROBENECID 500MG TAB,8.00,Gross Charge - Not indicative of patient responsibility
92210737,MEGESTROL ACET 40MG TAB,8.00,Gross Charge - Not indicative of patient responsibility
92210738,HYDROCORTISONE 1% CRE,42.00,Gross Charge - Not indicative of patient responsibility
92210739,ACYCLOVIR 200MG/5ML SUS,13.00,Gross Charge - Not indicative of patient responsibility
92210767,BISACODYL 5MG ECT,8.00,Gross Charge - Not indicative of patient responsibility
92210773,CARBIDOPA/LEVO 25/100 TAB,8.00,Gross Charge - Not indicative of patient responsibility
92210785,GUAIFENESIN 600MG TER,8.00,Gross Charge - Not indicative of patient responsibility
92210800,CEPHALEXIN 250MG CAP,8.00,Gross Charge - Not indicative of patient responsibility
92210808,MIDAZOLAM HCL 1MG/ML INJ,25.00,Gross Charge - Not indicative of patient responsibility
92210836,MELATONIN 3MG TAB,8.00,Gross Charge - Not indicative of patient responsibility
92210856,ATENOLOL 25MG TAB,8.00,Gross Charge - Not indicative of patient responsibility
92210877,NADOLOL 40MG TAB,20.00,Gross Charge - Not indicative of patient responsibility
92210878,BUMETANIDE 1MG TAB,8.00,Gross Charge - Not indicative of patient responsibility
92210895,ACYCLOVIR 800MG TAB,11.00,Gross Charge - Not indicative of patient responsibility
92210947,PRAZOSIN HCL 5MG CAP,12.00,Gross Charge - Not indicative of patient responsibility
92210951,DILTIAZEM HCL 60MG TAB,8.00,Gross Charge - Not indicative of patient responsibility
92210958,PRAZOSIN HCL 1MG CAP,8.00,Gross Charge - Not indicative of patient responsibility
92210974,LACTASE 30MG TAB,8.00,Gross Charge - Not indicative of patient responsibility
92210983,SULFAMETHOXAZOLE/TMP 800/160 T,8.00,Gross Charge - Not indicative of patient responsibility
92210988,MORPHINE  20MG/ML SOL,8.00,Gross Charge - Not indicative of patient responsibility
92211005,FUROSEMIDE 40MG TAB,8.00,Gross Charge - Not indicative of patient responsibility
92211015,BUSPIRONE HCL 10MG TAB,8.00,Gross Charge - Not indicative of patient responsibility
92211029,SUCRALFATE 1GM TAB,8.00,Gross Charge - Not indicative of patient responsibility
92211041,DILTIAZEM HCL 30MG TAB,8.00,Gross Charge - Not indicative of patient responsibility
92211064,HYDROCORTISONE NA SUCC 100MG I,37.00,Gross Charge - Not indicative of patient responsibility
92211068,SODIUM CL 0.9% IVS,25.00,Gross Charge - Not indicative of patient responsibility
92211078,LORAZEPAM 2MG/ML INJ,25.00,Gross Charge - Not indicative of patient responsibility
92211135,ATORVASTATIN CALCIUM 40MG TAB,24.00,Gross Charge - Not indicative of patient responsibility
92211140,VERAPAMIL HCL 80MG TAB,8.00,Gross Charge - Not indicative of patient responsibility
92211142,ACETAMINOPHEN 160MG/5ML SUS,8.00,Gross Charge - Not indicative of patient responsibility
92211166,CLINDAMYCIN HCL 150MG CAP,8.00,Gross Charge - Not indicative of patient responsibility
92211175,CIPROFLOXACIN 250MG TAB,12.00,Gross Charge - Not indicative of patient responsibility
92211205,AMANTADINE HCL 50MG/5ML LIQ,8.00,Gross Charge - Not indicative of patient responsibility
92211222,ATENOLOL 50MG TAB,8.00,Gross Charge - Not indicative of patient responsibility
92211235,METHYLPREDNISOLONE 40MG INJ,25.00,Gross Charge - Not indicative of patient responsibility
92211274,WARFARIN NA 3MG TAB,8.00,Gross Charge - Not indicative of patient responsibility
92211290,POTASSIUM CL 10MEQ CER,8.00,Gross Charge - Not indicative of patient responsibility
92211313,PROPRANOLOL HCL 10MG TAB,8.00,Gross Charge - Not indicative of patient responsibility
92211324,OXYBUTYNIN CL 5MG TAB,8.00,Gross Charge - Not indicative of patient responsibility
92211330,HALOPERIDOL 1MG TAB,8.00,Gross Charge - Not indicative of patient responsibility
92211354,METOCLOPRAMIDE 10MG TAB,8.00,Gross Charge - Not indicative of patient responsibility
92211355,"HEPARIN 1,000U/ML INJ",25.00,Gross Charge - Not indicative of patient responsibility
92211356,PAROXETINE HCL 20MG TAB,8.00,Gross Charge - Not indicative of patient responsibility
92211372,INSULIN HUM REGULAR 100U/ML IN,447.00,Gross Charge - Not indicative of patient responsibility
92211392,WARFARIN NA 2.5MG TAB,8.00,Gross Charge - Not indicative of patient responsibility
92211410,OXYCODONE HCL 5MG TAB,8.00,Gross Charge - Not indicative of patient responsibility
92211439,VALPROIC ACID 250MG/5ML SYR,8.00,Gross Charge - Not indicative of patient responsibility
92211454,WARFARIN NA 2MG TAB,8.00,Gross Charge - Not indicative of patient responsibility
92211459,ACETAMINOPHEN 325MG TAB,8.00,Gross Charge - Not indicative of patient responsibility
92211485,PROMETHAZINE HCL 25MG TAB,8.00,Gross Charge - Not indicative of patient responsibility
92211495,ALPRAZOLAM 0.5MG TAB,8.00,Gross Charge - Not indicative of patient responsibility
92211497,CYCLOBENZAPRINE HCL 10MG TAB,8.00,Gross Charge - Not indicative of patient responsibility
92211512,ITRACONAZOLE 10MG/ML SOL,64.00,Gross Charge - Not indicative of patient responsibility
92211527,LORAZEPAM 1MG TAB,8.00,Gross Charge - Not indicative of patient responsibility
92211531,DIAZEPAM 2MG TAB,8.00,Gross Charge - Not indicative of patient responsibility
92211540,LIDOCAINE HCL 4% SOL,110.00,Gross Charge - Not indicative of patient responsibility
92211542,DOXYCYCLINE HYCLATE 100MG CAP,8.00,Gross Charge - Not indicative of patient responsibility
92211571,QUETIAPINE FUMARATE 200MG TAB,36.00,Gross Charge - Not indicative of patient responsibility
92211599,DIAZEPAM 5MG TAB,8.00,Gross Charge - Not indicative of patient responsibility
92211616,LOPERAMIDE HCL 1MG/5ML LIQ,8.00,Gross Charge - Not indicative of patient responsibility
92211622,LORAZEPAM 0.5MG TAB,8.00,Gross Charge - Not indicative of patient responsibility
92211657,CARBAMAZEPINE 100MG/5ML SUS,8.00,Gross Charge - Not indicative of patient responsibility
92211676,ITRACONAZOLE 100MG CAP,42.00,Gross Charge - Not indicative of patient responsibility
92211681,ALLOPURINOL 100MG TAB,8.00,Gross Charge - Not indicative of patient responsibility
92211703,INSULIN HUM ISOP/REG 70U-30U I,458.00,Gross Charge - Not indicative of patient responsibility
92211708,METRONIDAZOLE 500MG TAB,8.00,Gross Charge - Not indicative of patient responsibility
92211774,NAPROXEN 500MG TAB,8.00,Gross Charge - Not indicative of patient responsibility
92211794,NICOTINE 14MG/24 HR TDM,8.00,Gross Charge - Not indicative of patient responsibility
92211805,ACETAZOLAMIDE 250MG TAB,9.00,Gross Charge - Not indicative of patient responsibility
92211857,SODIUM CL 0.9% IVS,25.00,Gross Charge - Not indicative of patient responsibility
92211866,METRONIDAZOLE 250MG TAB,8.00,Gross Charge - Not indicative of patient responsibility
92211878,CALCIUM CARB 250 W/D 125U TAB,8.00,Gross Charge - Not indicative of patient responsibility
92211895,FUROSEMIDE 20MG TAB,8.00,Gross Charge - Not indicative of patient responsibility
92211899,CLONIDINE HCL 0.1MG TAB,8.00,Gross Charge - Not indicative of patient responsibility
92211927,CYCLOSPORINE 100MG/ML SOL,21.00,Gross Charge - Not indicative of patient responsibility
92211930,LOPERAMIDE HCL 2MG CAP,8.00,Gross Charge - Not indicative of patient responsibility
92211968,ISOSORBIDE DN 20MG TAB,8.00,Gross Charge - Not indicative of patient responsibility
92211982,AMLODIPINE BESYLATE 5MG TAB,8.00,Gross Charge - Not indicative of patient responsibility
92212024,DILTIAZEM HCL 90MG TAB,8.00,Gross Charge - Not indicative of patient responsibility
92212036,CLONAZEPAM 1MG TAB,8.00,Gross Charge - Not indicative of patient responsibility
92212041,OLANZAPINE 5MG TAB,34.00,Gross Charge - Not indicative of patient responsibility
92212046,VALSARTAN 160MG TAB,12.00,Gross Charge - Not indicative of patient responsibility
92212058,LEVOFLOXACIN 250MG TAB,42.00,Gross Charge - Not indicative of patient responsibility
92212070,FERROUS SULF 325MG TAB,8.00,Gross Charge - Not indicative of patient responsibility
92212072,AMOXICILLIN CLV K 500-125MG TA,10.00,Gross Charge - Not indicative of patient responsibility
92212100,BUMETANIDE 0.25MG/ML INJ,25.00,Gross Charge - Not indicative of patient responsibility
92212108,METOPROLOL TART 50MG TAB,8.00,Gross Charge - Not indicative of patient responsibility
92212111,CARVEDILOL 6.25MG TAB,12.00,Gross Charge - Not indicative of patient responsibility
92212122,VALPROIC ACID 250MG CAP,8.00,Gross Charge - Not indicative of patient responsibility
92212129,PHENYTOIN NA 125MG/5ML SUS,8.00,Gross Charge - Not indicative of patient responsibility
92212134,PROMETHAZINE HCL 6.25MG/5ML SY,8.00,Gross Charge - Not indicative of patient responsibility
92212135,ISOSORBIDE DN 10MG TAB,8.00,Gross Charge - Not indicative of patient responsibility
92212152,INSULIN HUM ISOP 100U/ML INJ,448.00,Gross Charge - Not indicative of patient responsibility
92212192,PROPRANOLOL HCL 40MG TAB,8.00,Gross Charge - Not indicative of patient responsibility
92212199,HALOPERIDOL 5MG TAB,8.00,Gross Charge - Not indicative of patient responsibility
92212202,MULTIVITAMIN TAB,8.00,Gross Charge - Not indicative of patient responsibility
92212211,NICOTINE 21MG/24HR TDM,8.00,Gross Charge - Not indicative of patient responsibility
92212243,DIPHENHYDRAMINE HCL 50MG/ML IN,25.00,Gross Charge - Not indicative of patient responsibility
92212244,DILTIAZEM HCL 180MG C24,8.00,Gross Charge - Not indicative of patient responsibility
92212248,PHENAZOPYRIDINE 100MG TAB,8.00,Gross Charge - Not indicative of patient responsibility
92212261,DILTIAZEM HCL 120MG C24,8.00,Gross Charge - Not indicative of patient responsibility
92212262,QUETIAPINE FUMARATE 100MG TAB,13.00,Gross Charge - Not indicative of patient responsibility
92212271,ALLOPURINOL 300MG TAB,8.00,Gross Charge - Not indicative of patient responsibility
92212280,BUPROPION HCL 75MG TAB,8.00,Gross Charge - Not indicative of patient responsibility
92212284,VITAMIN B COMPLEX SGL,8.00,Gross Charge - Not indicative of patient responsibility
92212356,ASCORBIC ACID 500MG TAB,8.00,Gross Charge - Not indicative of patient responsibility
92212412,BUPROPION HCL 100MG TAB,8.00,Gross Charge - Not indicative of patient responsibility
92212442,METHOCARBAMOL 500MG TAB,8.00,Gross Charge - Not indicative of patient responsibility
92212451,CONJUGATED ESTROGENS 0.3MG TAB,17.00,Gross Charge - Not indicative of patient responsibility
92212502,"ERGOCALCIFEROL 8,000U/ML LIQ",9.00,Gross Charge - Not indicative of patient responsibility
92212507,WARFARIN NA 4MG TAB,8.00,Gross Charge - Not indicative of patient responsibility
92212513,ZOLPIDEM TARTRATE 5MG TAB,8.00,Gross Charge - Not indicative of patient responsibility
92212546,LOSARTAN POTASSIUM 50MG TAB,8.00,Gross Charge - Not indicative of patient responsibility
92212604,AMOXICILLIN CLV K 875-125MG TA,14.00,Gross Charge - Not indicative of patient responsibility
92212627,HALOPERIDOL LACTATE 5MG/ML,25.00,Gross Charge - Not indicative of patient responsibility
92212643,PREDNISONE 20MG TAB,8.00,Gross Charge - Not indicative of patient responsibility
92212669,CLONAZEPAM 0.5MG TAB,8.00,Gross Charge - Not indicative of patient responsibility
92212686,PREDNISONE 5MG TAB,8.00,Gross Charge - Not indicative of patient responsibility
92212696,METHYLPREDNISOLONE 125MG INJ,27.00,Gross Charge - Not indicative of patient responsibility
92212723,SEVELAMER HCL 400MG TAB,11.00,Gross Charge - Not indicative of patient responsibility
92212728,OLANZAPINE 5MG ODT,43.00,Gross Charge - Not indicative of patient responsibility
92212741,SODIUM BICARB 4.2% INJ,35.00,Gross Charge - Not indicative of patient responsibility
92212750,PYRIDOSTIBMINE BR 60MG TAB,14.00,Gross Charge - Not indicative of patient responsibility
92212773,VENLAFAXINE HCL 37.5MG TAB,8.00,Gross Charge - Not indicative of patient responsibility
92212779,QUETIAPINE FUMARATE 25MG TAB,8.00,Gross Charge - Not indicative of patient responsibility
92212782,DOCUSATE NA 100MG CAP,8.00,Gross Charge - Not indicative of patient responsibility
92212784,SILVER NITRATE KNO3 75-25% SWA,8.00,Gross Charge - Not indicative of patient responsibility
92212809,PROCHLORPERAZINE MAL 5MG TAB,8.00,Gross Charge - Not indicative of patient responsibility
92212828,TERAZOSIN HCL 5MG CAP,8.00,Gross Charge - Not indicative of patient responsibility
92212860,CARBOXYMETHYLCELL NA 0.5% SOL,26.00,Gross Charge - Not indicative of patient responsibility
92212875,WARFARIN NA 5MG TAB,8.00,Gross Charge - Not indicative of patient responsibility
92212884,MECLIZINE HCL 12.5MG TAB,8.00,Gross Charge - Not indicative of patient responsibility
92212917,LISINOPRIL 20MG TAB,8.00,Gross Charge - Not indicative of patient responsibility
92212926,FUROSEMIDE 10MG/ML INJ,25.00,Gross Charge - Not indicative of patient responsibility
92212943,METFORMIN HCL 500MG TAB,8.00,Gross Charge - Not indicative of patient responsibility
92212955,LISINOPRIL 10MG TAB,8.00,Gross Charge - Not indicative of patient responsibility
92212960,FUROSEMIDE 10MG/ML INJ,25.00,Gross Charge - Not indicative of patient responsibility
92212964,IBUPROFEN 400MG TAB,8.00,Gross Charge - Not indicative of patient responsibility
92212971,NEOMYCIN SULF 500MG TAB,8.00,Gross Charge - Not indicative of patient responsibility
92212998,SODIUM BICARB 8.4% INJ,32.00,Gross Charge - Not indicative of patient responsibility
92213009,TACROLIMUS 1MG CAP,15.00,Gross Charge - Not indicative of patient responsibility
92213024,IBUPROFEN 200MG TAB,8.00,Gross Charge - Not indicative of patient responsibility
92213059,EPINEPHRINE HCL 1MG/ML INJ,25.00,Gross Charge - Not indicative of patient responsibility
92213061,DICYCLOMINE HCL 10MG CAP,8.00,Gross Charge - Not indicative of patient responsibility
92213069,IRON SUCROSE 20MG/ML INJ,162.00,Gross Charge - Not indicative of patient responsibility
92213092,DEXTROSE 50%/WATER INJ,26.00,Gross Charge - Not indicative of patient responsibility
92213093,ALTEPLASE RECOMB 2MG INJ,477.00,Gross Charge - Not indicative of patient responsibility
92213094,AMITRIPTYLINE HCL 25MG TAB,8.00,Gross Charge - Not indicative of patient responsibility
92213109,GUAIFENESIN DM 100-10MG/5ML LI,8.00,Gross Charge - Not indicative of patient responsibility
92213117,CU SE VITA VITB VITC Z TAB,8.00,Gross Charge - Not indicative of patient responsibility
92213149,GEMFIBROZIL 600MG TAB,8.00,Gross Charge - Not indicative of patient responsibility
92213189,HYDRALAZINE HCL 25MG TAB,8.00,Gross Charge - Not indicative of patient responsibility
92213192,HYDRALAZINE HCL 50MG TAB,8.00,Gross Charge - Not indicative of patient responsibility
92213225,MAGNESIUM OXIDE 400MG TAB,8.00,Gross Charge - Not indicative of patient responsibility
92213238,HYDRALAZINE HCL 10MG TAB,8.00,Gross Charge - Not indicative of patient responsibility
92213247,SERTRALINE HCL 50MG TAB,12.00,Gross Charge - Not indicative of patient responsibility
92213262,LISINOPRIL 5MG TAB,8.00,Gross Charge - Not indicative of patient responsibility
92213274,"HEPARIN 5,000U/0.5ML INJ",25.00,Gross Charge - Not indicative of patient responsibility
92213281,IBUPROFEN 600MG TAB,8.00,Gross Charge - Not indicative of patient responsibility
92213283,ALBUMIN HUMAN 25% IVS,409.00,Gross Charge - Not indicative of patient responsibility
92213308,MONTELUKAST NA 10MG TAB,17.00,Gross Charge - Not indicative of patient responsibility
92213364,DEXAMETHASONE NA PH 4MG/ML INJ,25.00,Gross Charge - Not indicative of patient responsibility
92213375,AMIODARONE HCL 200MG TAB,10.00,Gross Charge - Not indicative of patient responsibility
92213379,VENLAFAXINE HCL 75MG CER,42.00,Gross Charge - Not indicative of patient responsibility
92213380,DOPAMINE HCL 400MG/D5W 250ML I,36.00,Gross Charge - Not indicative of patient responsibility
92213381,INDOMETHACIN 25MG CAP,8.00,Gross Charge - Not indicative of patient responsibility
92213399,HYDROMORPHONE 2MG TAB,8.00,Gross Charge - Not indicative of patient responsibility
92213420,HCTZ TRIAMTERENE 37.5-25MG CAP,8.00,Gross Charge - Not indicative of patient responsibility
92213424,MAGNESIUM SULF 1GM/100ML INJ,25.00,Gross Charge - Not indicative of patient responsibility
92213427,FAMOTIDINE 10MG/ML INJ,25.00,Gross Charge - Not indicative of patient responsibility
92213429,FUROSEMIDE 10MG/ML INJ,25.00,Gross Charge - Not indicative of patient responsibility
92213437,LISINOPRIL 5MG TAB,8.00,Gross Charge - Not indicative of patient responsibility
92213461,CHOLESTYRAMINE 4GM/5.5GM PDR,14.00,Gross Charge - Not indicative of patient responsibility
92213469,OLANZAPINE 2.5MG TAB,25.00,Gross Charge - Not indicative of patient responsibility
92213474,METOCLOPRAMIDE 10MG/10ML SOL,8.00,Gross Charge - Not indicative of patient responsibility
92213515,VENLAFAXINE HCL 100MG TAB,8.00,Gross Charge - Not indicative of patient responsibility
92213535,GLYCOPYRROLATE 0.2MG/ML INJ,25.00,Gross Charge - Not indicative of patient responsibility
92213537,VENLAFAXINE HCL 75MG TAB,8.00,Gross Charge - Not indicative of patient responsibility
92213547,"NYSTATIN 100,000U/ML SUS",8.00,Gross Charge - Not indicative of patient responsibility
92213561,LIDOCAINE HCL 1% INJ,25.00,Gross Charge - Not indicative of patient responsibility
92213563,URSODIOL 300MG CAP,17.00,Gross Charge - Not indicative of patient responsibility
92213570,ALBUMIN HUMAN 25% IVS,251.00,Gross Charge - Not indicative of patient responsibility
92213579,ONDANSETRON HCL 4MG ODT,58.00,Gross Charge - Not indicative of patient responsibility
92213587,FLUOXETINE HCL 20MG CAP,8.00,Gross Charge - Not indicative of patient responsibility
92213624,BUDESONIDE 0.5MG/2ML SOL,33.00,Gross Charge - Not indicative of patient responsibility
92213625,FAMOTIDINE 20MG TAB,8.00,Gross Charge - Not indicative of patient responsibility
92213649,LISINOPRIL 10MG TAB,8.00,Gross Charge - Not indicative of patient responsibility
92213659,PANTOPRAZOLE NA 40MG TAB,17.00,Gross Charge - Not indicative of patient responsibility
92213675,LIDOCAINE HCL 5% TDM,45.00,Gross Charge - Not indicative of patient responsibility
92213701,VALGANCICLOVIR HCL 450MG TAB,254.00,Gross Charge - Not indicative of patient responsibility
92213714,FENTANYL 50MCG/ML INJ,25.00,Gross Charge - Not indicative of patient responsibility
92213716,ALUMINA MAGNESIA SIM LIQ,8.00,Gross Charge - Not indicative of patient responsibility
92213723,DEXAMETHASONE 4MG TAB,8.00,Gross Charge - Not indicative of patient responsibility
92213737,FOLIC ACID 1MG TAB,8.00,Gross Charge - Not indicative of patient responsibility
92213752,GLUCAGEN HCL 1MG INJ,710.00,Gross Charge - Not indicative of patient responsibility
92213760,ZINC SULF 220MG CAP,8.00,Gross Charge - Not indicative of patient responsibility
92213808,COLISTIMETHATE NA 150MG INJ,101.00,Gross Charge - Not indicative of patient responsibility
92213832,NIFEDIPINE 90MG TAB,17.00,Gross Charge - Not indicative of patient responsibility
92213868,ABACAVIR SULF 300MG TAB,28.00,Gross Charge - Not indicative of patient responsibility
92213905,PIOGLITAZONE HCL 15MG TAB,36.00,Gross Charge - Not indicative of patient responsibility
92213967,SENNOSIDES A B 8.6MG5ML SYR,8.00,Gross Charge - Not indicative of patient responsibility
92213981,CEFDINIR 300MG CAP,15.00,Gross Charge - Not indicative of patient responsibility
92214005,RIFAMPIN 150MG CAP,8.00,Gross Charge - Not indicative of patient responsibility
92214012,CITALOPRAM HBR 10MG TAB,8.00,Gross Charge - Not indicative of patient responsibility
92214017,LEFLUNOMIDE 20MG TAB,108.00,Gross Charge - Not indicative of patient responsibility
92214032,CALCITRIOL 0.25MCG CAP,8.00,Gross Charge - Not indicative of patient responsibility
92214064,FENTANYL 75MCG/HR TDM,128.00,Gross Charge - Not indicative of patient responsibility
92214094,MEDROXYPROGESTERONE 10MG TAB,8.00,Gross Charge - Not indicative of patient responsibility
92214107,TIZANIDINE HCL 2MG TAB,8.00,Gross Charge - Not indicative of patient responsibility
92214118,POTASSIUM CL 20MEQ TER,8.00,Gross Charge - Not indicative of patient responsibility
92214120,CITALOPRAM HBR 20MG TAB,8.00,Gross Charge - Not indicative of patient responsibility
92214130,FENTANYL 50MCG/HR TDM,91.00,Gross Charge - Not indicative of patient responsibility
92214137,PHENYTOIN NA 100MG CER,8.00,Gross Charge - Not indicative of patient responsibility
92214143,FLUDROCORTISONE ACET 0.1MG TAB,8.00,Gross Charge - Not indicative of patient responsibility
92214145,ETHAMBUTOL HCL 400MG TAB,8.00,Gross Charge - Not indicative of patient responsibility
92214261,DIGOXIN 250MCG TAB,8.00,Gross Charge - Not indicative of patient responsibility
92214349,WARFARIN NA 7.5MG TAB,10.00,Gross Charge - Not indicative of patient responsibility
92214381,AZATHIOPRINE 50MG TAB,8.00,Gross Charge - Not indicative of patient responsibility
92214384,PREDNISONE 1MG TAB,8.00,Gross Charge - Not indicative of patient responsibility
92214390,LIDOCAINE HCL 2% INJ,25.00,Gross Charge - Not indicative of patient responsibility
92214407,HYDRALAZINE HCL 20MG/ML INJ,39.00,Gross Charge - Not indicative of patient responsibility
92214417,ASPIRIN 81MG ECT,8.00,Gross Charge - Not indicative of patient responsibility
92214447,RISPERIDONE 1MG TAB,18.00,Gross Charge - Not indicative of patient responsibility
92214460,TOLTERODINE TARTRATE 2MG CER,40.00,Gross Charge - Not indicative of patient responsibility
92214491,CALCIUM ACETATE 667MG CAP,8.00,Gross Charge - Not indicative of patient responsibility
92214494,ATOVAQUONE 750MG/5ML SUS,102.00,Gross Charge - Not indicative of patient responsibility
92214501,LACTATED RINGERS IVS,25.00,Gross Charge - Not indicative of patient responsibility
92214505,LAMIVUDINE 10MG/ML SOL,25.00,Gross Charge - Not indicative of patient responsibility
92214508,LIDOCAINE HCL 1% INJ,25.00,Gross Charge - Not indicative of patient responsibility
92214513,METOPROLOL SUCC 50MG TER,8.00,Gross Charge - Not indicative of patient responsibility
92214515,DOXAZOSIN MESYLATE 2MG TAB,9.00,Gross Charge - Not indicative of patient responsibility
92214526,METOPROLOL SUCC 25MG TER,8.00,Gross Charge - Not indicative of patient responsibility
92214535,DOCUSATE NA 100MG/10ML LIQ,8.00,Gross Charge - Not indicative of patient responsibility
92214567,OCUVITE LUTEIN CAP,8.00,Gross Charge - Not indicative of patient responsibility
92214571,POTASSIUM CL 20MEQ/100ML INJ,25.00,Gross Charge - Not indicative of patient responsibility
92214575,ALBUTEROL SULF 0.83MG/ML SOL,8.00,Gross Charge - Not indicative of patient responsibility
92214596,NICOTINE 7MG/24HR TDM,8.00,Gross Charge - Not indicative of patient responsibility
92214608,ATORVASTATIN CALCIUM 80MG TAB,27.00,Gross Charge - Not indicative of patient responsibility
92214659,RILUZOLE 50MG TAB,94.00,Gross Charge - Not indicative of patient responsibility
92214664,PROMETHAZINE HCL 25MG/ML INJ,25.00,Gross Charge - Not indicative of patient responsibility
92214686,DIPHENHYDRAMINE HCL 25MG/10ML,8.00,Gross Charge - Not indicative of patient responsibility
92214708,MINOCYCLINE HCL 100MG CAP,8.00,Gross Charge - Not indicative of patient responsibility
92214710,HEPARIN FLUSH 100U/ML INJ,25.00,Gross Charge - Not indicative of patient responsibility
92214723,METOLAZONE 5MG TAB,10.00,Gross Charge - Not indicative of patient responsibility
92214725,MAGNESIUM HYDROXIDE 400MG SUS,8.00,Gross Charge - Not indicative of patient responsibility
92214738,CALCIUM CARB 500MG CTB,8.00,Gross Charge - Not indicative of patient responsibility
92214758,VANCOMYCIN 1G/200ML INJ,75.00,Gross Charge - Not indicative of patient responsibility
92214781,PANTOPRAZOLE NA 20MG ECT,8.00,Gross Charge - Not indicative of patient responsibility
92214853,MIRTAZAPINE 15MG TAB,8.00,Gross Charge - Not indicative of patient responsibility
92214963,WARFARIN NA 1MG TAB,8.00,Gross Charge - Not indicative of patient responsibility
92214984,WARFARIN NA 10MG TAB,10.00,Gross Charge - Not indicative of patient responsibility
92215001,MORPHINE  10MG/5ML SOL,8.00,Gross Charge - Not indicative of patient responsibility
92215046,METHADONE INTENSOL 10MG/ML SOL,8.00,Gross Charge - Not indicative of patient responsibility
92215076,MORPHINE 5MG/ML INJ,25.00,Gross Charge - Not indicative of patient responsibility
92215098,FERROUS SULF 300MG/5ML ELI,8.00,Gross Charge - Not indicative of patient responsibility
92215118,ESCITALOPRAM OXALATE 10MG TAB,18.00,Gross Charge - Not indicative of patient responsibility
92215129,"HEPARIN 25,000U/D5W 250ML INJ",27.00,Gross Charge - Not indicative of patient responsibility
92215142,POTASSIUM CL 10MEQ/100ML INJ,25.00,Gross Charge - Not indicative of patient responsibility
92215157,ONDANSETRON HCL 4MG TAB,66.00,Gross Charge - Not indicative of patient responsibility
92215166,DONEPEZIL HCL 5MG TAB,21.00,Gross Charge - Not indicative of patient responsibility
92215174,FLUCONAZOLE 200MG/100ML INJ,36.00,Gross Charge - Not indicative of patient responsibility
92215192,FLUCONAZOLE 200MG TAB,62.00,Gross Charge - Not indicative of patient responsibility
92215202,FLUCONAZOLE 100MG TAB,100.00,Gross Charge - Not indicative of patient responsibility
92215204,PHYTONADIONE 5MG TAB,84.00,Gross Charge - Not indicative of patient responsibility
92215234,CLOPIDOGREL HSO4 75MG TAB,15.00,Gross Charge - Not indicative of patient responsibility
92215237,DEXAMETHASONE 0.5MG TAB,8.00,Gross Charge - Not indicative of patient responsibility
92215253,CEVIMELINE HCL 30MG CAP,20.00,Gross Charge - Not indicative of patient responsibility
92215254,METRONIDAZOLE 500MG/100ML INJ,25.00,Gross Charge - Not indicative of patient responsibility
92215258,HYDROMORPHONE 2MG/ML INJ,25.00,Gross Charge - Not indicative of patient responsibility
92215272,DANTROLENE NA 25MG CAP,8.00,Gross Charge - Not indicative of patient responsibility
92215350,CIPROFLOXACIN 500MG TAB,13.00,Gross Charge - Not indicative of patient responsibility
92215359,VORICONAZOLE 200MG TAB,312.00,Gross Charge - Not indicative of patient responsibility
92215360,DESMOPRESSIN ACET 0.1MG TAB,9.00,Gross Charge - Not indicative of patient responsibility
92215369,VORICONAZOLE 50MG TAB,87.00,Gross Charge - Not indicative of patient responsibility
92215408,ACETYLCYSTEINE 20% SOL,40.00,Gross Charge - Not indicative of patient responsibility
92215431,SERTRALINE HCL 100MG TAB,16.00,Gross Charge - Not indicative of patient responsibility
92215441,ATORVASTATIN CALCIUM 10MG TAB,23.00,Gross Charge - Not indicative of patient responsibility
92215452,GABAPENTIN 250MG/5ML SOL,12.00,Gross Charge - Not indicative of patient responsibility
92215462,CYCLOBENZAPRINE HCL 5MG TAB,8.00,Gross Charge - Not indicative of patient responsibility
92215486,GLYCOPYRROLATE 1MG TAB,8.00,Gross Charge - Not indicative of patient responsibility
92215521,LAMIVUDINE 300MG TAB,39.00,Gross Charge - Not indicative of patient responsibility
92215569,LIDOCAINE HCL 2% GEL,45.00,Gross Charge - Not indicative of patient responsibility
92215570,LIDOCAINE HCL 2% GEL,21.00,Gross Charge - Not indicative of patient responsibility
92215572,DARBEPOETIN A 60MCG/0.3ML INJ,"1,505.00",Gross Charge - Not indicative of patient responsibility
92215577,DARBEPOETIN A 100MCG/0.5ML INJ,"2,508.00",Gross Charge - Not indicative of patient responsibility
92215619,ARIPIPRAZOLE 5MG TAB,94.00,Gross Charge - Not indicative of patient responsibility
92215654,CARBOXYMETHYLCELLULOSE NA 1% S,8.00,Gross Charge - Not indicative of patient responsibility
92215748,LEVETIRACETAM 100MG/ML SOL,12.00,Gross Charge - Not indicative of patient responsibility
92215811,DARBEPOETIN A 40MCG/0.4ML INJ,"1,003.00",Gross Charge - Not indicative of patient responsibility
92215834,DARBEPOETIN A 25MCG/0.42ML INJ,627.00,Gross Charge - Not indicative of patient responsibility
92215876,CINACALCET HCL 30MG TAB,87.00,Gross Charge - Not indicative of patient responsibility
92215877,SODIUM BICARB 650MG TAB,8.00,Gross Charge - Not indicative of patient responsibility
92215888,PYRIDOSTIGMINE BR 5MG/ML INJ,104.00,Gross Charge - Not indicative of patient responsibility
92215894,MYCOPHENOLATE 360MG ECT,32.00,Gross Charge - Not indicative of patient responsibility
92215895,DRONABINOL 5MG SGL,47.00,Gross Charge - Not indicative of patient responsibility
92215897,IPRATROPIUM BR 0.02% SOL,8.00,Gross Charge - Not indicative of patient responsibility
92215940,LEVALBUTEROL 1.25MG/3ML SOL,27.00,Gross Charge - Not indicative of patient responsibility
92215943,PANTOPRAZOLE NA 40MG INJ,25.00,Gross Charge - Not indicative of patient responsibility
92215951,SUCRALFATE 1GM/10ML SUS,26.00,Gross Charge - Not indicative of patient responsibility
92215966,SCOPOLAMINE 0.33MG/24HR TDM,69.00,Gross Charge - Not indicative of patient responsibility
92215984,PROCHLORPERAZINE EDI 5MG/ML IN,31.00,Gross Charge - Not indicative of patient responsibility
92215990,TROSPIUM CL 20MG TAB,8.00,Gross Charge - Not indicative of patient responsibility
92215991,EMITRICITABINE TENOFOVIR TAB,169.00,Gross Charge - Not indicative of patient responsibility
92216034,DULOXETINE HCL 30MG CAP,23.00,Gross Charge - Not indicative of patient responsibility
92216072,FONDAPARINUX NA 7.5MG INJ,388.00,Gross Charge - Not indicative of patient responsibility
92216090,GABAPENTIN 300MG CAP,8.00,Gross Charge - Not indicative of patient responsibility
92216115,DARBEPOETIN A 150MCG/0.3ML INJ,"3,762.00",Gross Charge - Not indicative of patient responsibility
92216124,ASPIRIN 300MG SUP,8.00,Gross Charge - Not indicative of patient responsibility
92216128,FERROUS GLUCONATE 324MG TAB,8.00,Gross Charge - Not indicative of patient responsibility
92216131,PHENOBARBITAL 32.4MG TAB,8.00,Gross Charge - Not indicative of patient responsibility
92216161,ENTECAVIR 0.5MG TAB,145.00,Gross Charge - Not indicative of patient responsibility
92216202,PARICALCITOL 1MCG SGL,42.00,Gross Charge - Not indicative of patient responsibility
92216210,HCTZ 25MG TAB,8.00,Gross Charge - Not indicative of patient responsibility
92216220,OCTREOTIDE ACET 100MCG/ML INJ,30.00,Gross Charge - Not indicative of patient responsibility
92216232,PREGABALIN 25MG CAP,22.00,Gross Charge - Not indicative of patient responsibility
92216241,RAMELTEON 8MG TAB,38.00,Gross Charge - Not indicative of patient responsibility
92216246,MORPHINE 2MG/ML INJ,25.00,Gross Charge - Not indicative of patient responsibility
92216267,PROPOFOL 1% EMULSION INJ,95.00,Gross Charge - Not indicative of patient responsibility
92216271,FENTANYL 100MCG/HR TDM,177.00,Gross Charge - Not indicative of patient responsibility
92216273,FENTANYL 25MCG/HR TDM,53.00,Gross Charge - Not indicative of patient responsibility
92216294,CARBIDOPA/LEVO 25/250 TAB,8.00,Gross Charge - Not indicative of patient responsibility
92216319,IPRATR-ALBUTEROL 0.5-3MG/3ML S,8.00,Gross Charge - Not indicative of patient responsibility
92216347,FLUOXETINE HCL 20MG/5ML SOL,18.00,Gross Charge - Not indicative of patient responsibility
92216373,GASTROGRAFIN 66/10 SOL,75.00,Gross Charge - Not indicative of patient responsibility
92216374,ARIPIPRAZOLE 2MG TAB,95.00,Gross Charge - Not indicative of patient responsibility
92216386,INSULIN DETEMIR 100U/ML INJ,872.00,Gross Charge - Not indicative of patient responsibility
92216411,QUETIAPINE FUMARATE 50MG TAB,18.00,Gross Charge - Not indicative of patient responsibility
92216433,FLUTICASONE PROP 50MCG NASAL S,206.00,Gross Charge - Not indicative of patient responsibility
92216437,GUAIFENESIN 100MG/5ML SOL,8.00,Gross Charge - Not indicative of patient responsibility
92216446,METHADONE HCL 10MG TAB,8.00,Gross Charge - Not indicative of patient responsibility
92216460,PRAMIPEXOLE DIHCL 0.25MG TAB,21.00,Gross Charge - Not indicative of patient responsibility
92216464,METHADONE HCL 5MG TAB,8.00,Gross Charge - Not indicative of patient responsibility
92216476,DIGOXIN 50MCG/ML SOL,38.00,Gross Charge - Not indicative of patient responsibility
92216477,"LEVETIRACETAM 1,000MG TAB",19.00,Gross Charge - Not indicative of patient responsibility
92216517,METOCLOPRAMIDE 5MG/ML INJ,25.00,Gross Charge - Not indicative of patient responsibility
92216537,PRAVASTATIN NA 20MG TAB,9.00,Gross Charge - Not indicative of patient responsibility
92216547,LORATADINE 10MG TAB,8.00,Gross Charge - Not indicative of patient responsibility
92216556,FLUCONAZOLE 400MG/200ML INJ,27.00,Gross Charge - Not indicative of patient responsibility
92216562,HYDROCORTISONE 2.5% CRE,29.00,Gross Charge - Not indicative of patient responsibility
92216581,MIDODRINE HCL 5MG TAB,11.00,Gross Charge - Not indicative of patient responsibility
92216601,HYDROCODONE APAP 5-325MG TAB,8.00,Gross Charge - Not indicative of patient responsibility
92216604,DAKINS 0.125% SOL,29.00,Gross Charge - Not indicative of patient responsibility
92216619,GUAIFENESIN COD 100-10MG/5ML S,8.00,Gross Charge - Not indicative of patient responsibility
92216623,DIPHENHYDRAMINE HCL 25MG TAB,8.00,Gross Charge - Not indicative of patient responsibility
92216630,GUAIFENESIN COD 100-10MG/5ML S,8.00,Gross Charge - Not indicative of patient responsibility
92216654,ONDANSETRON HCL 2MG/ML INJ,25.00,Gross Charge - Not indicative of patient responsibility
92216659,BUPROPION HCL 100MG T12,8.00,Gross Charge - Not indicative of patient responsibility
92216664,METOPROLOL TART 25MG TAB,8.00,Gross Charge - Not indicative of patient responsibility
92216665,TIZANIDINE HCL 4MG TAB,8.00,Gross Charge - Not indicative of patient responsibility
92216716,"CHOLECALCIFEROL 1,000U TAB",8.00,Gross Charge - Not indicative of patient responsibility
92216718,METOPROLOL TART 5MG/5ML INJ,25.00,Gross Charge - Not indicative of patient responsibility
92216722,GABAPENTIN 100MG CAP,8.00,Gross Charge - Not indicative of patient responsibility
92216739,DILTIAZEM HCL 300MG C24,9.00,Gross Charge - Not indicative of patient responsibility
92216777,ARFORMOTEROL TARTRATE 15MCG SO,50.00,Gross Charge - Not indicative of patient responsibility
92216778,PREGABALIN 100MG CAP,25.00,Gross Charge - Not indicative of patient responsibility
92216779,PREGABALIN 150MG CAP,25.00,Gross Charge - Not indicative of patient responsibility
92216781,PREGABALIN 50MG CAP,25.00,Gross Charge - Not indicative of patient responsibility
92216782,PREGABALIN 75MG CAP,25.00,Gross Charge - Not indicative of patient responsibility
92216802,TIOTROPIUM BROMIDE 18MCG CAP,40.00,Gross Charge - Not indicative of patient responsibility
92216827,DOCUSATE NA SENNO A B 50-8.6 T,8.00,Gross Charge - Not indicative of patient responsibility
92216829,SIMETHICONE 80MG CTB,8.00,Gross Charge - Not indicative of patient responsibility
92216844,THEOPHYLLINE 400MG TER,8.00,Gross Charge - Not indicative of patient responsibility
92216879,MINOXIDIL 10MG TAB,8.00,Gross Charge - Not indicative of patient responsibility
92216885,MINOXIDIL 2.5MG TAB,8.00,Gross Charge - Not indicative of patient responsibility
92216890,PRIMIDONE 50MG TAB,8.00,Gross Charge - Not indicative of patient responsibility
92216902,GABAPENTIN 400MG CAP,8.00,Gross Charge - Not indicative of patient responsibility
92216937,SODIUM POLYSTYRENE SULF SUS,30.00,Gross Charge - Not indicative of patient responsibility
92216943,CARVEDILOL 3.125MG TAB,8.00,Gross Charge - Not indicative of patient responsibility
92216947,CARVEDILOL 12.5MG TAB,8.00,Gross Charge - Not indicative of patient responsibility
92216948,CARVEDILOL 25MG TAB,8.00,Gross Charge - Not indicative of patient responsibility
92216950,ASPIRIN 81MG CTB,8.00,Gross Charge - Not indicative of patient responsibility
92217006,ENOXAPARIN NA 60MG/ML INJ,115.00,Gross Charge - Not indicative of patient responsibility
92217008,ENOXAPARIN NA 80MG/ML INJ,139.00,Gross Charge - Not indicative of patient responsibility
92217012,ENOXAPARIN NA 30MG/ML INJ,54.00,Gross Charge - Not indicative of patient responsibility
92217013,ENOXAPARIN NA 40MG/ML INJ,77.00,Gross Charge - Not indicative of patient responsibility
92217016,ENOXAPARIN NA 100MG/ML INJ,157.00,Gross Charge - Not indicative of patient responsibility
92217051,SEVELAMER CARBONATE 800MG TAB,18.00,Gross Charge - Not indicative of patient responsibility
92217095,CALCIUM POLYCARBOPHIL 625MG TA,8.00,Gross Charge - Not indicative of patient responsibility
92217126,BENZONATATE 100MG SGL,8.00,Gross Charge - Not indicative of patient responsibility
92217132,HYDRALAZINE HCL 50MG TAB,8.00,Gross Charge - Not indicative of patient responsibility
92217133,HYDRALAZINE HCL 25MG TAB,8.00,Gross Charge - Not indicative of patient responsibility
92217144,MIDODRINE HCL 5MG TAB,8.00,Gross Charge - Not indicative of patient responsibility
92217191,CYCLOSPORINE 0.05% EYE EMU,25.00,Gross Charge - Not indicative of patient responsibility
92217200,DRONABINOL 2.5MG SGL,16.00,Gross Charge - Not indicative of patient responsibility
92217210,RISPERIDONE 0.5MG TAB,10.00,Gross Charge - Not indicative of patient responsibility
92217214,MORPHINE  30MG TAB,8.00,Gross Charge - Not indicative of patient responsibility
92217215,SULFAMETHOXAZOLE/TMP SUS,11.00,Gross Charge - Not indicative of patient responsibility
92217223,DAPSONE 100MG TAB,9.00,Gross Charge - Not indicative of patient responsibility
92217254,AMINO ACIDS 4.25% D5W IVS,102.00,Gross Charge - Not indicative of patient responsibility
92217270,SODIUM CL 0.9% IVS,25.00,Gross Charge - Not indicative of patient responsibility
92217271,SODIUM CL 0.45% IVS,25.00,Gross Charge - Not indicative of patient responsibility
92217353,LEVETIRACETAM 500MG TAB,8.00,Gross Charge - Not indicative of patient responsibility
92217356,AZITHROMYCIN 250MG TAB,12.00,Gross Charge - Not indicative of patient responsibility
92217372,ROPINIROLE HCL 1MG TAB,8.00,Gross Charge - Not indicative of patient responsibility
92217409,HYDROXYZINE HCL 25MG TAB,8.00,Gross Charge - Not indicative of patient responsibility
92217435,LAMOTRIGINE 100MG TAB,13.00,Gross Charge - Not indicative of patient responsibility
92217436,LEVETIRACETAM 500MG/5ML SOL,25.00,Gross Charge - Not indicative of patient responsibility
92217442,FEBUXOSTAT 40MG TAB,33.00,Gross Charge - Not indicative of patient responsibility
92217449,DICLOFENAC NA 0.1%  GEL,108.00,Gross Charge - Not indicative of patient responsibility
92217463,LACOSAMIDE 200MG TAB,43.00,Gross Charge - Not indicative of patient responsibility
92217464,LACOSAMIDE 150MG TAB,43.00,Gross Charge - Not indicative of patient responsibility
92217466,LACOSAMIDE 50MG TAB,26.00,Gross Charge - Not indicative of patient responsibility
92217469,LACOSAMIDE 100MG TAB,41.00,Gross Charge - Not indicative of patient responsibility
92217470,LIOTHYRONINE NA 5MCG TAB,8.00,Gross Charge - Not indicative of patient responsibility
92217481,MILNACIPRAN HCL 50MG TAB,17.00,Gross Charge - Not indicative of patient responsibility
92217492,MOUTHWASH SPR,14.00,Gross Charge - Not indicative of patient responsibility
92217496,MYCOPHENOLATE 250MG CAP,8.00,Gross Charge - Not indicative of patient responsibility
92217499,MYCOPHENOLATE 500MG TAB,16.00,Gross Charge - Not indicative of patient responsibility
92217503,MENTOHO 5.4MG LOZ,8.00,Gross Charge - Not indicative of patient responsibility
92217512,AMYLASE/LIPASE/PROTEASE ECC,9.00,Gross Charge - Not indicative of patient responsibility
92217515,AMYLASE/LIPASE/PROTEASE ECC,18.00,Gross Charge - Not indicative of patient responsibility
92217545,HYDROCODONE APAP 10-325MG TAB,8.00,Gross Charge - Not indicative of patient responsibility
92217553,SEVELAMER CARBONATE 2.4GM PDR,55.00,Gross Charge - Not indicative of patient responsibility
92217555,SEVELAMER CARBONATE 0.8GM PDR,55.00,Gross Charge - Not indicative of patient responsibility
92217575,AMYLASE/LIPASE/PROTEASE ECC,17.00,Gross Charge - Not indicative of patient responsibility
92217604,SUMATRIPTAN SUCC 50MG TAB,8.00,Gross Charge - Not indicative of patient responsibility
92217630,DULOXETINE HCL 60MG ECC,19.00,Gross Charge - Not indicative of patient responsibility
92217633,VALGANCICLOVIR HCL 50MG/ML PDS,327.00,Gross Charge - Not indicative of patient responsibility
92217634,RITONAVIR 100MG TAB,28.00,Gross Charge - Not indicative of patient responsibility
92217653,DEXTROSE 5%/WATER IVS,25.00,Gross Charge - Not indicative of patient responsibility
92217655,DEXTROSE 5%-1/2NS IVS,25.00,Gross Charge - Not indicative of patient responsibility
92217656,DEXTROSE 5%-NS IVS,25.00,Gross Charge - Not indicative of patient responsibility
92217680,RIFAXIN 550MG TAB,108.00,Gross Charge - Not indicative of patient responsibility
92217681,TAMSULOSIN HCL 0.4MG CAP,9.00,Gross Charge - Not indicative of patient responsibility
92217684,FENTANYL 12MCG/HR TDM,55.00,Gross Charge - Not indicative of patient responsibility
92217722,PYSLLIUM 5.8GM POW,8.00,Gross Charge - Not indicative of patient responsibility
92217725,ENOXAPARIN NA 120MG/0.8ML INJ,263.00,Gross Charge - Not indicative of patient responsibility
92217741,TACROLIMUS 0.5MG CAP,8.00,Gross Charge - Not indicative of patient responsibility
92217753,OXYCODONE HCL 10MG TER,11.00,Gross Charge - Not indicative of patient responsibility
92217757,OXYCODONE HCL 20MG TER,21.00,Gross Charge - Not indicative of patient responsibility
92217761,LOSARTAN POTASSIUM 25MG TAB,8.00,Gross Charge - Not indicative of patient responsibility
92217764,ARMODAFINIL 150MG TAB,60.00,Gross Charge - Not indicative of patient responsibility
92217778,ARMODAFINIL 50MG TAB,20.00,Gross Charge - Not indicative of patient responsibility
92217793,MULTIVITAMIN MINERALS TAB,8.00,Gross Charge - Not indicative of patient responsibility
92217808,ROFLUMILAST 500MCG TAB,30.00,Gross Charge - Not indicative of patient responsibility
92217811,VENLAFAXINE HCL 75MG CER,17.00,Gross Charge - Not indicative of patient responsibility
92217823,RIVAROXABAN 10MG TAB,42.00,Gross Charge - Not indicative of patient responsibility
92217848,LEVOTHYROXINE NA 100MCG INJ,342.00,Gross Charge - Not indicative of patient responsibility
92217850,RIVAROXABAN 20MG TAB,42.00,Gross Charge - Not indicative of patient responsibility
92217853,TESTOSTERONE 2MG/24HR TDM,28.00,Gross Charge - Not indicative of patient responsibility
92217879,MULTIVITAMIN MINERALS LIQ,8.00,Gross Charge - Not indicative of patient responsibility
92217899,ATORVASTATIN CALCIUM 20MG TAB,14.00,Gross Charge - Not indicative of patient responsibility
92217900,CEFAZOLIN 2GM-D5W INJ,25.00,Gross Charge - Not indicative of patient responsibility
92217934,VENLAFAXINE HCL 150MG CER,21.00,Gross Charge - Not indicative of patient responsibility
92217935,PHENYTOIN NA 50MG/ML INJ,25.00,Gross Charge - Not indicative of patient responsibility
92217937,TICAGRELOR 90MG TAB,18.00,Gross Charge - Not indicative of patient responsibility
92217950,RIVAROXABAN 15MG TAB,42.00,Gross Charge - Not indicative of patient responsibility
92218071,LINZESS 290MCG CAP,38.00,Gross Charge - Not indicative of patient responsibility
92218076,PREZISTA 800MG TAB,158.00,Gross Charge - Not indicative of patient responsibility
92218079,MORPHINE SULFATE 4MG/ML INJ,25.00,Gross Charge - Not indicative of patient responsibility
92218115,SILDENAFIL CITRATE 20MG TAB,55.00,Gross Charge - Not indicative of patient responsibility
92218134,ELIQUIS 2.5MG TAB,21.00,Gross Charge - Not indicative of patient responsibility
92218137,ONFI 10MG TAB,44.00,Gross Charge - Not indicative of patient responsibility
92218170,FLUZONE 180MCG/0.5ML INJ,101.00,Gross Charge - Not indicative of patient responsibility
92218184,DOLUTEGRAVIR SOD 50MG TAB,166.00,Gross Charge - Not indicative of patient responsibility
92218208,PAROEX 0.12% SOL,24.00,Gross Charge - Not indicative of patient responsibility
92218272,MIRABEGRON 50MG TAB,35.00,Gross Charge - Not indicative of patient responsibility
92218292,MORPHINE SULFATE 15MG ER TAB,8.00,Gross Charge - Not indicative of patient responsibility
92218334,VALACYCLOVIR 500MG TAB,20.00,Gross Charge - Not indicative of patient responsibility
92218337,LANSOPRAZOLE 3MG/ML SUS,217.00,Gross Charge - Not indicative of patient responsibility
92218358,COLCHICINE 0.6 MG CAP,18.00,Gross Charge - Not indicative of patient responsibility
92218361,LINEZOLID 2 MG/ML IV,231.00,Gross Charge - Not indicative of patient responsibility
92218369,ACETAZOLAMIDE 500 MG PWD,134.00,Gross Charge - Not indicative of patient responsibility
92218390,TOBI 300 MG/5 ML INH,412.00,Gross Charge - Not indicative of patient responsibility
92218391,LEVOTHYROXINE 25 MCG TAB,8.00,Gross Charge - Not indicative of patient responsibility
92218406,FIRST-MOUTHWASH BLM . SOL,71.00,Gross Charge - Not indicative of patient responsibility
92218409,LEVOTHYROXINE 50 MCG TAB,8.00,Gross Charge - Not indicative of patient responsibility
92218410,LEVOTHYROXINE 88 MCG TAB,8.00,Gross Charge - Not indicative of patient responsibility
92218411,LEVOTHYROXINE 100 MCG TAB,8.00,Gross Charge - Not indicative of patient responsibility
92218412,LEVOTHYROXINE 112 MCG TAB,8.00,Gross Charge - Not indicative of patient responsibility
92218413,LEVOTHYROXINE 125 MCG TAB,8.00,Gross Charge - Not indicative of patient responsibility
92218416,SYNTHROID 75 MCG TAB,8.00,Gross Charge - Not indicative of patient responsibility
92218437,LEVOTHYROXINE 150 MCG TAB,8.00,Gross Charge - Not indicative of patient responsibility
92218493,PHOS-NAK . PDR,8.00,Gross Charge - Not indicative of patient responsibility
92218520,FLUOXETINE 20 MG/5 ML SOL,13.00,Gross Charge - Not indicative of patient responsibility
92218612,MORPHINE SULFATE 10MG/0.5MLSOL,8.00,Gross Charge - Not indicative of patient responsibility
92218666,PEG 3350 17 GM/DOSE PKT,8.00,Gross Charge - Not indicative of patient responsibility
92218670,SENEXON 8.6 MG TAB,8.00,Gross Charge - Not indicative of patient responsibility
92218687,POTASSIUM BI/CITRIC 20MEQ TAB,8.00,Gross Charge - Not indicative of patient responsibility
92218726,MYCOPHEN MOFETIL1000MG/5MLSUSP,123.00,Gross Charge - Not indicative of patient responsibility
92218738,TEMAZEPAM 7.5 MG CAP,17.00,Gross Charge - Not indicative of patient responsibility
92218741,MINOIL/PETRO OPHTH 15%-83%OINT,8.00,Gross Charge - Not indicative of patient responsibility
92218747,FLUZONE QUADVLNT60MCG/0.5MLINJ,56.00,Gross Charge - Not indicative of patient responsibility
92218755,FINASTERIDE 5 MG TAB,9.00,Gross Charge - Not indicative of patient responsibility
92218759,LEVAQUIN/D5W 750MG/150ML INJ,25.00,Gross Charge - Not indicative of patient responsibility
92218762,TEDIZOLID PHOSPHATE 200 MGTAB,"1,083.00",Gross Charge - Not indicative of patient responsibility
92218769,HYDROXYZINE HCI 10 MG TAB,8.00,Gross Charge - Not indicative of patient responsibility
92218781,ISAVUCONAZONIUM SUL 186MG CAP,260.00,Gross Charge - Not indicative of patient responsibility
92218790,BUPROPION HCL 150 MG TAB,8.00,Gross Charge - Not indicative of patient responsibility
92218801,MEGESTROL ACETATE 40 MG/ML SOL,12.00,Gross Charge - Not indicative of patient responsibility
92218808,POTASSIUM CL 20 MEQ/15 ML SOL,42.00,Gross Charge - Not indicative of patient responsibility
92218815,OLANZAPINE ODT 5 MG TAB,39.00,Gross Charge - Not indicative of patient responsibility
92218827,VANCOMYCIN HCL 50 MG/ML SOL,8.00,Gross Charge - Not indicative of patient responsibility
92218846,LACTOBAC ACIDOPHIL/PECTIN CAP,8.00,Gross Charge - Not indicative of patient responsibility
92218897,LIPIDS 20% EMULSION,118.00,Gross Charge - Not indicative of patient responsibility
92218929,MORPHINE SULFATE 30 MG TAB,9.00,Gross Charge - Not indicative of patient responsibility
92218940,PREDNISONE 10 MGTAB,8.00,Gross Charge - Not indicative of patient responsibility
92218990,DIPHENHYDRAM HCL12.5MG/5ML SOL,8.00,Gross Charge - Not indicative of patient responsibility
92219041,CARBI/LEVDOPA48.75MG-195MGCAP,9.00,Gross Charge - Not indicative of patient responsibility
92219066,TORSEMIDE 20 MG TAB,8.00,Gross Charge - Not indicative of patient responsibility
92219069,HYDROXYZINE HCL 25 MG TAB,8.00,Gross Charge - Not indicative of patient responsibility
92219127,ASPIRIN 81 MG TAB,8.00,Gross Charge - Not indicative of patient responsibility
92219153,PRIMIDONE 50 MG TAB,8.00,Gross Charge - Not indicative of patient responsibility
92219182,GABAPENTIN 250 MG/5 ML SOL,8.00,Gross Charge - Not indicative of patient responsibility
