SVC CODE,SVC Description,Charge AMT
2081180,(DD) FREE T3,75.00
41027917,25 HYDROXYVITAMIN D2 D3,142.00
4441028,357171ACCESS TRAY,61.00
2040046,5-HIAA,89.50
2374775,ABD SERIES 2 VIEWS,261.50
7000870,ABDOMINAL BINDER UNIVERSAL,58.00
6284111,ABO-COMMUNITY WELLNESS,45.00
2372654,AC JOINT,267.50
2063097,ACE LEVEL 566,154.00
977001,ACET/BUTAL/CAFF 325MG/50MG/40MG TAB,2.00
977005,ACET/CODEINE 120MG/12MG 5ML,4.00
978272,ACET/HYDROCODONE 325/7.5MG 1TAB,3.00
977006,ACET/HYDROCODONE 500MG/17.5MG 15ML,6.00
977003,ACET/HYDROCODONE 500MG/5MG TAB,3.00
977016,ACETAMINOPHEN 120MG SUPP,5.00
977015,ACETAMINOPHEN 325MG SUPP,6.00
977012,ACETAMINOPHEN 325MG TAB,2.00
977011,ACETAMINOPHEN 500MG TAB,2.00
977014,ACETAMINOPHEN 650MG SUPP,6.00
977019,ACETAMINOPHEN CHILD  160MG/5ML,5.00
977009,ACETAMINOPHEN/CODEINE    300MG/30MG,7.00
978277,ACETAMINOPHEN/HYDROCODONE 325/5MG TAB,8.00
978281,ACETAMINOPHEN/HYROCODONE 325,8.00
978268,ACETAMINOPHEN/HYROCODONE 325MG  1OMG,8.00
977007,ACETAMINOPHEN/ISOMETHEPTANE/DICHLORALPHE,4.00
977008,ACETAMINOPHEN/OXYCODONE  325MG/5MG TAB,7.00
978300,ACETAMINOPHEN/OXYCODONE 325MG/10MG,7.00
978443,ACETAMINOPHEN/OXYCODONE 7.5 MG TAB,7.00
978382,ACETAZOLAMIDE 250MG TABLET,5.00
1889187,ACETONE-URINE,9.00
978330,ACETYCYSTEINE  6000MG/30ML SDV,200.00
977020,ACETYLCYSTEINE 20% MUCOMYST 6GM/30ML,150.00
2040079,ACID PHOS (RIA)-PROSTATIC,75.00
2079549,AC-IGG CHEM CONST,106.00
2079556,AC-IGM CHEM CONST,106.00
2074961,ACTH HIGHLY SENSITIVE,185.00
2380582,ACUTE ABDOMEN SERIES,369.50
977021,ACYCLOVIR,6.00
978125,ACYCLOVIR 500MG/10ML VIAL,200.00
977024,ACYCLOVIR SUSPENSION   200 MG/5 ML,3.00
41027838,ACYLCARNITINES QUANT,305.00
977025,ADENOSINE 6MG INJ SDV,166.00
7131584,ADMINISTRATION OF FLU VACCINE,39.00
977442,ADVAIR HFA 115MCG/21MCG,2.00
41027298,AEROCHAMBER,63.00
1498518,AFB CONCENTRATION,72.00
1598747,AFB CULTURE W/CONC,168.00
1598754,AFB STAIN W/CONC,59.00
41027785,AIRWAY ADAPTER FOR CO2 MONITOR,40.00
7005036,AIRWAY NASAL 26,40.50
3640851,AIRWAY ORAL SIZE 4,16.50
7000920,AIRWAY ORAL SZ5,15.50
977027,ALBUMIN 25% 12.5MG INJ 50ML SDV,312.00
2080745,ALBUMIN ALL BODY FLUIDS,57.00
1089200,ALBUMIN-CHEMISTRY,22.00
977029,ALBUTEROL NEB.,18.00
977030,ALBUTEROL SO4  90MCG/INH,1.00
2040103,ALDOLASE,14.50
2040111,ALDOSTERONE SERUM,150.50
977032,ALENDRONATE (FOSAMAX) 70MG TAB,8.00
2043925,ALK PHOS ISOENZYMES,130.00
2043917,ALK PHOS TOTAL,75.00
1087014,ALK PTASE (ALP),75.00
41027622,ALLERGEN,52.00
977033,ALLOPURINOL 100MG TAB,4.00
977034,ALLOPURINOL 300MG TAB,4.00
41027894,ALPHA 1 ANTITRYPSIN PHENOTYPE,100.00
2080810,ALPHA FETOPROTEIN,170.00
2040152,ALPHA-ANTITRYPSIN,21.00
977035,ALPRAZOLAM .25MG TAB,5.00
977036,ALPRAZOLAM .5MG TAB,8.00
978312,ALTEPLASE ,192.00
977038,ALTEPLASE 2MG INJ SDV,600.00
978083,AMBIEN 5MG TAB,6.00
977043,AMILORIDE HCL,4.00
41027697,AMINO ACID ANALYSIS PLASMA,580.00
978294,AMINOPHYLLINE INJ SDV 250MG/10ML,25.00
977045,AMIODARONE  150MG/3ML SDV,100.00
977046,AMIODARONE 200MG TAB,6.00
977047,AMITRIPTYLINE,3.00
978213,AMITRIPTYLINE HCI/CHLORDIAZEPOXIDE12.5MG,5.00
977051,AMLODIPINE BESYLATE,8.00
1087329,AMMONIA,90.50
977053,AMOXICILLIN,6.00
977056,AMOXICILLIN  200MG/5ML,32.00
977058,AMOXICILLIN/CLAVUL 500MG TAB,6.00
977059,AMOXICILLIN/CLAVUL 875MG TAB,6.00
977062,AMOXICILLIN/CLAVULAN  600MG/42.9MG/5ML,96.00
977064,AMPICILLIN,4.00
977067,AMPICILLIN 1GM SDV,57.00
977066,AMPICILLIN 500MG SDV,28.50
977065,AMPICILLIN NA 250MG/1EA SDV,28.50
977068,AMPICILLIN NA SDV,114.00
977070,AMPICILLIN-SULBACTAM 1.5GM/1EA SDV,64.00
977069,AMPICILLIN-SULBACTAM 3GM/1EA SDV,96.50
1086057,AMYLASE,62.00
2083889,ANA,140.00
977071,ANASTROZOLE 1MG TAB,6.00
3610458,ANES (OB) 1/4 HR ADDITIONAL,135.50
3510450,ANES (OB) 1/4 HR INITIAL,310.00
3534492,ANESTHESIA 1/4 HR ADDITIONAL - MAJ,135.50
3510013,ANESTHESIA 1/4 HR ADDITIONAL-MINOR,121.00
3534484,ANESTHESIA 1/4 HR INITIAL MAJ,310.00
3534476,ANESTHESIA 1/4 HR INITIAL MINOR,300.50
3641677,ANESTHETIC GAS PER 1/4 HOUR,15.50
41027970,ANKLE 2-VIEWS LEFT,250.00
2478055,ANKLE 2-VIEWS RIGHT,250.00
41027971,ANKLE LEFT,300.00
2473189,ANKLE RIGHT,300.00
41027916,ANT MULLERIAN HORMONE,106.50
41027474,ANTI CARDIOLIPIN ANTBODY SCREEN,722.50
2082402,ANTI DOUBLE STRANDED DNA,63.00
2041390,ANTI SMOOTH MUSCLE AB,105.50
1290519,ANTI THROMBIN III,224.00
41027645,ANTIBODY  TETANUS,112.50
6228795,ANTIBODY ELUTION (RBC) -EA,168.00
6228803,ANTIBODY ID PANEL- EA,168.00
6284178,ANTIBODY SCREEN COOMBS,85.50
2041333,ANTIENDOMYSIAL AB,105.50
2080240,ANTIGEN CRYPTOCOCCUS SERUM,116.00
1629534,ANTI-HBCIGM,133.50
2044016,ANTI-MPO (ANCA),105.50
41027569,ANTI-PHOSPHOLIPID ANTIBODY,88.00
2084762,ANTIRETICULIN ANTIBODY TEST,59.00
2040285,"ANTI-THYROGLOBULIN ANTIBODIES, HAI",117.50
978274,APIXABAN,25.00
2080695,APOLIPOPROTEIN B,59.00
41027993,APPLICATION ON-BODY INJECTOR,90.00
977073,ARIPIPRAZOLE 10MG TAB,7.00
9297763,ARTERIAL BLOOD GAS,190.00
9297755,ARTERIAL PUNCTURE,51.50
2279925,ARTHROGRAM SHOULDER INJECTION CT/MRI,600.00
2378446,ARTHROGRAM SHOULDER-RADIOLOGIC,369.50
977074,ASA/CAFF/BUTALBITAL    325MG/40MG/50MG,6.00
2040806,ASASY OF IGE,70.00
977075,ASCORBIC ACID,2.00
41027531,ASPIRATION AND/OR INJECTION THYROID CYST,721.00
977076,ASPIRIN 300MG SUPP,8.00
977077,ASPIRIN 325MG TAB,2.00
977078,ASPIRIN 81MG CHILDRENS CHEWABLE,2.00
977081,ASPIRIN/DIPYRIDAMOLE  200MG/25MG,20.00
1089218,ASSAY ACETAMINOPHEN (TYLENOL),215.50
41027876,ASSAY FOR CALPROTECTIN FECAL,216.00
41027899,ASSAY GROWTH HORMONE,100.00
2081024,ASSAY IGA/IGD/IGG/IGM EACH,90.00
41027682,ASSAY OF COPPER,95.00
41027850,ASSAY OF TACROLIMUS,283.00
41027720,ASSAY OF VITAMIN K,138.00
977082,ATENOLOL 50MG TAB,4.00
978233,ATORVASTATIN CALCIUM 2OMG 1 TAB,4.00
977083,ATRACURIUM BESYLATE  10MG/ML SDV,40.00
977086,ATROPINE INJ 0.4MG/1ML SDV,112.00
977088,ATROPINE SO4  0.1MG/ML SDV,280.00
978112,ATROPINE SULFATE INJ 0.4MG/ML,20.00
977084,ATROPINE/DIPHENOXYLATE    0.025MG/2.5MG,3.00
7003676,AVITENE 1 GRAM JAR,525.00
977089,AZACITIDINE(VIDAZA),20.00
977090,AZATHIOPRINE 50MG TAB,8.00
977092,AZITHROMYCIN 250MG TAB,18.00
977093,AZITHROMYCIN 500 MG INJ SDV,92.50
977094,AZITHROMYCIN ADDVANTAGE 500MG INJ SDV,134.00
977095,AZITHROMYCIN SUSP    40MG/ML,95.50
2044071,B-1GA,88.00
2044055,B-1GG,88.00
2044063,B-1GM,88.00
978385,BACITRACIN/NEOMYCIN 400 UNITS,5.00
977101,BACITRACIN/POLYMYXIN,3.00
977102,BACLOFEN,2.00
4335352,BAG CS URINARY DRAINAGE,25.50
4440236,BAND LIGATOR,515.00
2042315,BARBITURATE (QUANT/ID) (CONFIRM),38.50
2473445,BARIUM ENEMA,220.00
2373355,BARIUM SWALLOW/ESOPHAGUS,366.00
1090406,BASIC METABOLIC PROFILE,119.00
41027844,BCR/ABL 1 GENE MAJOR BP,225.00
41027845,BCR/ABL 1 GENE MINOR BP,225.00
2473452,BE & AIR CONTRAST,516.50
977104,BECLOMETHASONE HFA 40 MCG/INH,2.00
977106,BENAZEPRIL HCL,4.00
977107,BENDAMUSTINE,70.00
978245,BENDAMUSTINE (TREANDA),70.00
977111,BENZOCAINE 20% 1 SPRAY,4.00
7003593,BENZOIN TINCTURE,12.50
977112,BENZONATATE 100MG CAP,4.00
977113,BENZTROPINE MESYLATE,4.00
1790708,BETA 2 MICROGLOBULIN,147.00
977114,BETAMETHASONE DIPROPIONATE CREAM 0.05%,260.00
977116,BETAXOLOL HCL OPTH 0.25% 10ML,66.50
977117,BETHANECHOL 10MG TAB,5.00
977118,BEVACIZUMAB(AVASTIN),237.50
1087667,B-HCG QUANTITATIVE,98.00
978338,BICILLIN LA 1.2MILLION UNITS/ 2ML,540.00
977120,BIFIDOBACTERIUM INFANTIS,5.50
2379345,BILAT RIB W/PA CHEST,552.00
41027776,BILE ACID FRACTIONATED,320.00
3916541,BILI-BLANKET,42.50
3916566,BILI-MASK,42.50
3916004,BILIRUBIN LIGHT,42.50
978254,BIMATOPROST 0.01% OPTH DROPS 1,450.00
41027940,BIOPSY/EXCISION OF LYMPH NODE(S),4200.00
4079422,BIS MONITOR STRIP,110.00
977123,BISACODYL 10MG SUPP,10.00
977122,BISACODYL 5MG TAB,4.00
977124,BISMUTHSUBSALICYLATE  15ML,3.00
977125,BISOPROLOL FUMARATE,7.00
7008295,BITE STICK,11.00
41027631,BK VIRUS QUANT,438.00
4343836,BLADE SAW GIGLI 2808-01,71.00
1498849,BLOOD CULTURE,116.00
6251946,BLOOD FILTER,27.50
3119054,BLOOD PRESSURE MONITOR ANALYSIS,60.00
3119047,BLOOD PRESSURE MONITOR RECORDING,112.00
1290345,BODY FLUID CELL COUNT,41.50
2270008,BODY FLUID LDH,62.00
2475341,BONE AGE STUDY,182.50
7003163,BONE MARROW TRAY,190.00
41027774,"BORDETELLA PERTUSSIS AB IGA,IGM,IGG",215.00
977128,BORTEXOMIB  (VELCADE),150.00
7033202,BREAST PUMP TUBING-ELECTRI,178.00
7001209,BREAST PUMP TUBING-MANUAL,105.50
977130,BRIMONIDINE 0.2% 5ML SINGLE PATIENT USE,340.00
4440996,BRONCH ROOM CHG EA 1/4HR,94.50
4394011,BRUSH BRONCHIAL CYTOLOGY W/PLG,82.50
1729649,B-TYPE NATRIURIC PEPTIDE (BNP),135.00
41027127,B-TYPE NATRIURIC PEPTIDE (BNP)-PRO,135.00
977134,BUDESONIDE NEB.,50.00
977136,BUDESONIDE/FORMOTEROL   160MCG/4.5MCG,2.00
977137,BUMETANIDE .5MG INJ SDV,18.00
977138,BUMETANIDE 1MG TAB,2.00
978155,BUMETANIDE 1MG/4ML SDV,30.00
1087444,BUN,68.50
978228,BUPIVACAINE 0.25% FOR EPI PF 25MG 10ML,6.00
977141,BUPIVACAINE HCL 0.25%  FOR EPIDURAL AND,15.00
977143,BUPIVACAINE HCL 0.75%  FOR EPIDURAL  PRE,30.00
977144,BUPIVACAINE HCL IN DEXTROSE FOR SPINAL,42.50
978163,BUPIVICAINE W/EPI .5 FOR EPIDURAL,4.00
977149,BUPROPION HCL,6.00
977150,BUPROPION SR 150MG TAB,9.00
977151,BUSPIRONE HCL 5MG TAB,6.00
977152,BUTORPHANOL TARTRATE 1MG INJ SDV,45.00
2042422,C' 1 ESTERASE,108.50
2059517,C A 19-9,78.00
2085551,C DIFF ANTIGEN,150.00
41027691,C DIFF BY PCR,132.00
1688738,C3,72.50
1688753,C4,72.50
2060093,CA 125,150.50
2044017,CA 15-3 CANCER ANTIGEN,133.00
2074425,CA 27.29,78.00
2040384,CALCITONIN,50.00
978085,CALCITRIOL,7.00
977154,CALCIUM (OYSTER)/D   500MG/200UNITS,1.00
977156,CALCIUM ACETATE,4.00
977158,CALCIUM CARB(OYSTER),3.00
977157,CALCIUM CARBONATE,1.00
977159,CALCIUM CHLORIDE 10ML SINGLE USE SYRINGE,23.00
977160,CALCIUM GLUCONATE,3.00
977161,CALCIUM GLUCONATE 100MG/ML SDV,150.00
2040392,CALCIUM- IONIZED,84.50
1086412,CALCIUM-SERUM,22.00
1080092,CALCIUM-URINE QUANT(TIMED SPE),88.50
977162,CANDESARTAN CILEXETIL,14.00
977163,CAPTOPRIL 25MG TAB,4.00
977166,CARBAMAZEPINE,4.00
977165,CARBAMAZEPINE 200MG/10ML,8.00
977167,CARBAMIDE PEROXIDE 6.5%,13.00
977169,CARBIDOPA/LEVODOP   25MG/100MG,4.00
977168,CARBIDOPA/LEVODOPA   10MG/100MG,4.00
977171,CARBIDOPA/LEVODOPA   25MG/250MG,10.00
977170,CARBIDOPA/LEVODOPA   50MG/200MG,9.00
976000,CARBOPLATIN 50MG,60.00
977174,CARBOPROST TROMETHAMINE  250MCG/ML SDV,600.00
978012,CARBOXYMETHYLCELLULOSE SODIUM,3.00
2878874,CARDIOVERSION 1 HOUR/ICU,1030.00
7009301,CAREQUILT BLANKET 72X45,103.00
978278,CARFILZOMIB IV ,100.00
977175,CARISOPRODOL 350MG TAB,7.00
2040400,CAROTENE,75.00
41027806,"CARRY,MOVE,HANDLE OBJECTS CURRENT STATUS",0.01
41027808,"CARRY,MOVE,HANDLE OBJECTS D/C STATUS",0.01
41027807,"CARRY,MOVE,HANDLE OBJECTS GOAL STATUS",0.01
977176,CARVEDILOL 12.5MG TAB,10.00
977179,CARVEDILOL 25MG TAB,10.00
977177,CARVEDILOL 3.125MG TAB,10.00
977178,CARVEDILOL 6.25MG TAB,10.00
2040418,CATECHOLAMINE- URINE,118.50
4361960,CATH CHOLANGIOGRAM TAUT,132.50
8040156,CATH FOLEY 5CC 2W SIL ALL,90.50
4330817,CATH GROSHONG PICC,875.00
7040710,CATH TRAY WITH  FOLEY,85.50
4402285,CATH URETHRAL RBR 08FR,16.50
7131527,CATHETER INSERTION FOLEY,212.10
4402699,CAUTERY NEEDLE TIP,31.50
4403267,CAUTERY PENCIL VALLEY LAB,36.50
1290550,CBC-COMPLETE,65.00
41027608,CCP ANTIBODY,106.00
1079433,CEA,198.50
977184,CEFAZOLIN 1GM SDV,85.00
977183,CEFAZOLIN 500MG SDV,42.50
977185,CEFDINIR 300MG CAP,10.00
977186,CEFDINIR SUSP 250MG/5ML,300.00
977188,CEFEPIME 2GM VIAL SDV,240.00
977187,CEFEPIME HCL 1GM INJ SDV,120.00
978436,CEFOTAN 2GM SDV,100.00
977190,CEFOTAXIME 1000MG INJ SDV,65.00
978394,CEFOTETAN IV/IM 1GRAM SDV,100.00
977191,CEFOXITIN 1GM INJ SDV,97.00
977192,CEFOXITIN 2 GRAMS/50ML IV,194.00
978334,CEFOXITIN 2GM VIAL,70.00
977193,CEFTAZIDIME 1000MG INJ,120.00
977197,CEFTRIAXONE 1GM IV,248.00
977198,CEFTRIAXONE 2GM INJ SDV,496.00
977195,CEFTRIAXONE 500MG INJ SDV,124.00
977200,CEFUROXIME 500MG TAB,35.00
977202,CELECOXIB 200MG CAP,22.00
977115,CELESTONE 6MG/1ML 30MG/5ML MDV,60.00
2085009,CELIAC DISEASE PANEL,105.50
1288182,CELL CT DIFF SP FL,41.50
41027686,CENTROMERE ANTIBODY IGG,105.50
977203,CEPACOL LOZENGE,2.00
977205,CEPHALEXIN  250MG/5ML 5000MG/100ML,80.00
977204,CEPHALEXIN 500MG CAP,9.00
1790716,CERULOPLASMIN,64.00
2472066,CERVICAL SPINE 2 VIEWS,179.00
2372076,CERVICAL SPINE 5 VIEWS,468.00
2310472,CERVICAL SPINE FLEX/EXT VIEWS,387.50
4812467,CERVICAL TRACTION,80.50
977207,CETIRIZINE,12.00
977208,CETIRIZINE   5MG/5ML,8.00
977209,CETUXIMAB (ERBITUX),175.00
2040434,CH 50 TOTAL COMPLEMENT,94.50
41027803,CHANGING/MTAIN BODY POS CURRENT STATUS,0.01
41027804,CHANGING/MTAIN BODY POS GOAL STATUS,0.01
978413,CHARCOAL ACTIVATED 25GM,40.00
977210,CHARCOAL ACTVD W/SORBITOL 120ML,72.00
7118508,CHEMO ADMIN INJECTABLE,172.50
7120314,CHEMO INFUSION >8 HRS W/PUMP,400.00
7120298,CHEMO INFUSION 0-1 HR,254.50
7120306,CHEMO INFUSION EACH ADD'L HOUR,103.00
2371011,CHEST PA LAT,238.00
9255571,CHEST PHYSIOTHERAPY SUBSEQUENT,39.50
9290503,CHEST PHYSIOTHERAPY-INITIAL,50.00
7040736,CHEST TUBE KIT WITH TROCAR,80.50
7040744,CHEST TUBES ALL SIZES,15.50
2379311,CHEST W/RIB DETAIL,315.50
41027725,CHIBA BIOPSY NEEDLE/CT,46.00
1498641,CHLAMYDIA DNA PROBE,128.00
2085453,CHLAMYDIA URINE,149.50
977212,CHLORDIAZEPOXIDE HCL 10MG CAP,5.00
977213,CHLORDIAZEPOXIDE HCL 25MG CAP,7.00
977214,CHLORDIAZEPOXIDE/CLIDINIUM 1CAP,8.00
1080100,CHLORIDE-URINE,51.00
977216,CHLORPHENIRAMINE HYDROCO 8MG/10MG 5ML,25.00
977219,CHLORPROMAZINE HCL 25MG TAB,8.00
977220,CHLORPROMAZINE HCL 5OMG INJ SDV,62.00
977221,CHLORTHALIDONE 25MG TAB,4.00
2473502,CHOLANGIOGRAM OR,223.00
1086529,CHOLESTEROL,68.50
41027143,CHOLESTEROL-SOUTHERN PINE,5.00
977223,CHOLESTYRAMINE PAK,6.00
41027729,CHROMIUM,100.00
2084119,CHROMOGRANIN-A,67.50
977225,CILOSTAZOL 100MG TAB,10.00
977226,CIMETIDINE 200MG TAB,6.00
977227,CIPRFLOX/HYDRCTSONE .1%/.2% 2MG/10MGOTIC,700.00
977229,CIPROFLOXACIN 400MG/200ML IV,140.00
977230,CIPROFLOXACIN 500MG TAB,16.50
977228,CIPROFLOXACIN OPTH 0.3%,110.00
7025018,CIRCUMCISION TRAY,78.50
976001,CISPLATIN 10MG,40.00
977234,CITALOPRAM 20MG TAB,5.00
1087642,CK-MB,140.00
977236,CLARITHROMYCIN ER 500MG TAB,24.00
41027949,CLAVICLE LEFT,200.00
2472504,CLAVICLE RIGHT,200.00
977237,CLEMASTINE FUMARATE 1.34 MG TAB,6.00
977240,CLINDAMYCIN 600MG INJ,118.00
977241,CLINDAMYCIN HCL 150MG CAP,10.00
977242,CLINDAMYCIN PALMITATE  75MG/5ML 100ML,265.00
460101,Clinic APPLICATION LOWER LEG SPLINT,85.00
460096,Clinic APPLICATION OF FINGER SPLINT,53.00
460095,Clinic APPLY FOREARM SPLINT,72.00
460115,Clinic APPLY LONG ARM SPLINT,150.00
460103,Clinic BENADRYL IM UP TO 50MG,5.00
460073,Clinic Ceftriaxone sodium injection,5.00
460057,Clinic CLEAR OUTER EAR CANAL,92.40
460102,Clinic CLINDAMYCIN IM 300MG,5.00
460007,Clinic DEBRIDE SKIN/TISSUE,174.00
460074,Clinic Dexamethasone sodium phos,5.00
460098,Clinic DRAINAGE OF ABSCESS FINGER,290.00
460001,Clinic DRAINAGE OF SKIN ABSCESS,84.00
460045,"Clinic DRESS/DEBRID P-THICK BURN, S",70.80
460097,Clinic FOREIGN BODY REMOVAL EYE,84.00
460111,Clinic FOREIGN BODY REMOVAL FOOT,150.00
460109,Clinic I&D OF VULVA/PERINEUM,320.00
460093,Clinic IMMUNIZATION INJ ADMIN,26.00
460089,Clinic Kenalog 10 Mg,5.00
460078,Clinic Ketorolac tromethamine inj,5.00
460110,Clinic MED SERVICE EVE/WEEKEND/HOLIDAY,250.00
460084,Clinic Methylprednisolone injection,5.00
460113,Clinic N BLOCK OTHER PERIPHERAL,130.00
460067,"Clinic OFFICE/OUTPATIENT VISIT, EST L1",31.00
460068,"Clinic OFFICE/OUTPATIENT VISIT, EST L2",47.00
460069,"Clinic OFFICE/OUTPATIENT VISIT, EST L3",75.00
460070,"Clinic OFFICE/OUTPATIENT VISIT, EST L4",114.00
460082,Clinic Ondansetron hcl injection,10.00
460117,Clinic REMOVAL FOREIGN BODY FOREARM OR WRIST,462.00
460010,Clinic REMOVAL OF SKIN TAGS,76.80
460004,Clinic REMOVE FOREIGN BODY,102.00
460055,Clinic REMOVE FOREIGN BODY FROM EYE,72.00
460056,Clinic REMOVE FOREIGN BODY FROM EYES,68.40
460058,Clinic REMOVE IMPACTED EAR WAX,38.40
460094,Clinic REPAIR SUPERFICAL WOUND(S)2.5CM OR LESS,137.00
460116,Clinic REPAIR SUPERFICIAL WOUND 2.6 TO 5 CM,145.00
460041,Clinic REPAIR SUPERFICIAL WOUND(S),118.00
460042,Clinic REPAIR SUPERFICIAL WOUND(S)lg,142.80
460107,Clinic STRAPPING OF ANKLE OR FOOT,200.00
460099,Clinic STRAPPING OF ELBOW OR WRIST,53.00
460105,Clinic STRAPPING OF HAND OR FINGER,52.00
460092,Clinic TDAP,38.00
460086,"Clinic Testosterone, 1 MG",5.00
460091,Clinic THERAPUTIC INJECTION,28.00
460112,Clinic TREAT METACARPAL FRACTURE,185.00
978403,CLINIMIX E 5/15,200.00
978400,CLINIMIX E 5/25,200.00
1498880,CLO TEST FOR H PYLORI,81.50
977245,CLONAZEPAM 1MG TAB,6.00
977249,CLONIDINE HCL .1MG TAB,4.00
977250,CLONIDINE HCL .2MG TAB,4.00
977246,CLONIDINE HCL 0.1MG PATCH,75.00
977247,CLONIDINE HCL 0.2MG PATCH,125.00
977251,CLOPIDOGREL BISULF (PLAVIX) 75MG TAB,8.00
977252,CLORAZEPATE DIK 7.5MG TAB,9.00
41027604,CLOSTRIDIUM DIFFCILE,126.00
41027890,CLOT FACTOR VIII RELTD ANTGN,185.00
977254,CLOTRIMAZOLE CREAM 1% VAG CREAM,97.50
977255,CLOTRIMAZONE/BETHAMETHASONE DIPROPIONATE,126.00
2042083,CMV IGM,30.50
9295478,CO2 DETECTOR,84.50
9295189,CODE 3,327.50
977256,CODEINE SO4 30MG TAB,7.00
41027685,COGENTIN,160.00
977257,COLCHICINE .6MG TAB,4.00
977258,COLESEVELAM 625MG TAB,8.00
2098663,COLLAGEN X-LNKD N-TELOPEP URIN,300.00
978134,COLLAGENASE OINT 30GM,233.00
2085066,COLLAGN X-LNKD N-TELOPEP SERUM,300.00
2475366,COMPLETE SKELETAL SURVEY,687.50
4421426,COMPOSIX MESH LP 4X6,785.00
1085968,COMPREHENSIVE METABOLIC PANEL,141.00
41027177,CONTINUOUS NEB ADDITIONAL HOUR,122.00
9297953,CONTINUOUS NEBULIZER INITIAL,122.00
41027947,CONTRAST MULTIHANCE 10ML BOTTLE,800.00
4440871,CONTRAST OMNI 240/20ML BOTTLE,172.00
41027092,CONTRAST OMNI 300/50ML BOTTLE,255.00
4440872,CONTRAST OMNI 350/50ML BOTTLE,275.00
41027094,CONTRAST ONMI 350/100ML BOTTLE,300.00
4081055,CONTRAST READI-CAT 450ML BOTTLE,14.50
4440873,CONTRAST VISI 270/100ML BOTTLE,300.00
4440874,CONTRAST VISI 320/100ML BOTTLE,300.00
1690403,CORTISOL,107.50
2040483,CORTISOL- FREE URINE,36.50
977260,COSYNTROPIN .25MG INJ,425.00
41027612,CPAP TITRATION,2750.00
9295999,CPAP/BIPAP DAILY,211.50
1690684,C-PEPTIDE,108.50
1087378,CPK,89.50
1086651,CREATININE CLEARANC,58.00
1086669,CREATININE-SERUM,24.50
1080142,CREATININE-URINE,46.00
1683853,CRP,53.00
2084309,CRP ULTRA SENSITIVE,83.50
9704330,CRYOSURGERY REMOVAL OF LESIONS,562.50
1488154,CRYPTOSPORIDIUM/GIARDIA,61.00
1274653,CRYSTALS (BODY FL),65.00
4440046,C-SECTION DELIVERY,150.50
41027653,CT ABD/PELVIS W CONTRAST,3100.00
41027652,CT ABD/PELVIS W W/0 CONTRAST,3218.50
41027654,CT ABD/PELVIS W/0 CONTRAST,2838.50
2779577,CT ABDO W/WO CONTR,1624.00
2779569,CT ABDOMEN W CONTR,1564.50
2779551,CT ABDOMEN WO CON,1432.50
41027040,CT ANGIOGRAPHY ABDOMEN,1730.50
41027036,CT ANGIOGRAPHY CHEST,1839.00
41027034,CT ANGIOGRAPHY HEAD,1622.50
41027035,CT ANGIOGRAPHY NECK,1622.50
41027037,CT ANGIOGRAPHY PELVIS,1730.50
41027041,CT AORTA-ILIOFEMORAL RUN-OFF,1730.50
2779809,CT BIOPSY ANY STRUCTURE,1097.00
2779593,CT C-SPINE W CONTR,1773.00
2779585,CT C-SPINE WO CONT,1622.50
2779833,CT FACIAL BONES W CONTRAST,928.50
2779825,CT FACIAL BONES W/O CONTRST,850.50
2779841,CT FACIAL BONES W/WO CONTRAST,964.50
2773810,CT GUIDANCE FOR DRAINAGE,818.00
2774750,CT GUIDANCE FOR NEEDLE PLACEMENT,1097.00
2779510,CT HEAD W CONTRAST,1469.00
2779114,CT HEAD W/WO CONTR,1524.00
2779106,CT HEAD WO CONTRAST,1344.00
41027909,CT LOWER EXT W/ CONTRAST,1975.00
2779890,CT LOWER EXT WO/CONTRAST,865.50
2779643,CT L-SPINE W/O CON,1622.50
2779668,CT LUMBAR SPINE W/WO CONTRAST,1513.50
2779866,CT NECK W/CONTRAST,1582.00
2779858,CT NECK WO/CONTRAST,1582.00
2779874,CT NECK WO/W,1799.00
2779742,CT ORBIT WO/CONTRAST,850.50
2779726,CT PELVIS W,1536.00
2779718,CT PELVIS W/O,1406.00
2779676,CT THERAPY LOCALIZATION,463.50
2779536,CT THORAX W CONTR,1673.50
2779544,CT THORAX W/WO CONTRAST,1738.50
2779528,CT THORAX WO CONTR,1532.00
2779619,CT T-SPINE W/O CON,961.50
2779924,CT UPPER EXT WO/C,1749.00
41027841,CT UPPER EXTREMITY WITH CONTRAST,1985.00
1498591,CULTURE ANAEROBIC,59.00
1082270,CULTURE- CSF,96.50
1498542,CULTURE FUNGUS,53.50
1498674,CULTURE NOSE AND THROAT,67.50
1498559,CULTURE OTHER,96.50
1080670,CULTURE WOUND,96.50
977263,CYANOCOBALAMIN 1000MCG/ML SDV,15.00
977264,CYANOCOBALAMIN 500MCG TAB,2.00
977265,CYCLOBENZAPRINE HCL 10MG TAB,9.00
977267,CYCLOPHOSPHAMIDE (CYTOXAN) ,175.00
977266,CYCLOPHOSPHAMIDE (CYTOXIN),175.00
1690478,CYCLOSPORIN LEVEL,160.50
977268,CYCLOSPORINE OPTHALMIC 0.05%,24.00
977269,CYPROHEPTADINE HCL 4MG TAB,4.00
41027801,CYSTIC FIBROSIS SCREEN,450.00
4441762,CYSTO ROOM CHG EA 1/4HR,94.50
41027135,CYSTOURETHROSCOPY LEVEL 1,1750.00
2043115,CYTOMEGALOVIRUS AB,69.50
824649,D5NS 1000ML W/20MEQ KCL,148.50
977271,DABIGATRAN ETEXILATE 75MG CAP,48.50
978362,DALBAVANCIN INJ,60.00
977274,DAPTOMYCIN ,3.00
978367,DARATUMUMAB ,137.50
977276,DARBEPOETIN (ARANESP) ,15.00
978104,DARBEPOETIN ALFA (ARANESP),15.00
977275,DARBOPOETIN (ARANESP) ,15.00
8787004,DATA SCOPE/USE OF/LABOR & DELIVERY,64.00
1290048,D-DIMER ASSAY QUANTITATIVE,125.50
41027032,DEBRIDEMENT <= 20CM W/WO WHIRLPOOL,143.50
41027031,DEBRIDEMENT > 20CM W/WO WHIRLPOOL,185.50
977281,DECADRON 4MG/ML 1ML SDV,12.00
977277,DECITABINE ,150.00
325001,DELIVERY ROOM FEE,613.50
978275,DEMECLOCYCLINE HCL 300MG TAB,45.00
9295080,DEMO & EVAL INITIAL RX,28.50
978304,DENOSUMAB (PROLIA),60.00
978249,DENOSUMAB XGEVA ,43.33
1072180,DEPAKENE OR VALPROIC ACID,140.00
41027632,DETECT AGENT NOS DNA QUANT,366.00
978235,DETROL LA 2MG CAPSULE,25.00
976002,DEXAMETHASONE 1MG,5.00
977282,DEXAMETHASONE 4MG TAB,5.00
977280,DEXAMETHASONE NA PO4  20MG/5ML MDV,20.00
978421,DEXMEDETOMIDINE 2ML SDV,50.00
977286,DEXTROSE  25GM/50ML,30.00
2040541,DHEA SULFATE- RIA,59.00
877526,DIAGNOSTIC COLONOSCOPY,3500.00
977291,DIAZEPAM  10MG/2ML INJ,80.00
977290,DIAZEPAM 5MG TAB,4.00
978192,DIAZEPAM 5OMG/10ML 1 VIAL,300.00
977293,DICLOFENAC XL 75MG TAB,6.00
977295,DICYCLOMINE HCL 10MG CAP,4.00
8895484,DIFFUSION LUNG STY (DLCO),208.50
1078088,DIGOXIN,81.50
977298,DIGOXIN .125MG TAB,3.00
977296,DIGOXIN .25MG TAB,3.00
977297,DIGOXIN .5MG/2ML SDV,25.00
41027639,DIHYDROTESTERONE,123.00
1076033,DILANTIN (PTN),79.50
977301,DILTIAZEM HCL 125MG INJ 25MG/5ML MDV?,13.50
977302,DILTIAZEM HCL 25MG/5ML SDV,12.00
977304,DILTIAZEM HCL 30MG TAB,3.00
978194,DILTIAZEM HCL 50MG/10ML,10.00
977307,DILTIAZEM HCL CD 120MG CAP,7.00
977305,DILTIAZEM HCL CD 180MG CAP,10.00
977306,DILTIAZEM HCL CD 240MG CAP,10.00
977309,DINOPROSTONE VAGINAL INSERT 10MG,1080.00
977314,DIPHENHYDRAMINE 12.5MG/5ML UNIT DOSE,4.00
977310,DIPHENHYDRAMINE HCL 2%,20.00
977313,DIPHENHYDRAMINE HCL 25MG CAP,4.00
977312,DIPHENHYDRAMINE HCL 5OMG SDV,40.50
6228787,DIRECT ANTIGLOBULIN,64.00
1086149,DIRECT BILIRUBIN,24.50
3534609,DISPOSABLE BLADE,19.00
977318,DIVALPROEX NA ER 500MG TAB,20.00
977319,DIVALPROEX NA SPRINK 125MG CAP,6.00
1729673,DNA ANTIBLDY,101.00
2079598,DNA ANTIBODY SINGLE STRAND,99.00
977320,DOBUTAMINE HCL 250MG INJ SDV,60.00
3135571,DOBUTAMINE STRESS TEST,853.50
976003,DOCETAXEL 1MG,63.00
977323,DOCUSATE CALCIUM 240MG CAP,4.00
977325,DOCUSATE NA   100MG/10ML,5.00
977324,DOCUSATE NA 100MG CAP,4.00
977328,DONEPEZIL HCL 5MG TAB,12.50
977329,DOPAMINE HCL  200MG/5ML,75.00
977330,DOPAMINE HCL  400MG/10ML SDV,100.00
977331,DORZOLAMIDE  2% OPTH      22.3 MG/ML,300.00
977332,DORZOLAMIDE HCL/TIMOLOL MALEATE OPTHALMI,535.00
977333,DOXAZOSIN MESYLATE 1MG TAB,5.00
977334,DOXAZOSIN MESYLATE 4MG TAB,5.00
977335,DOXEPIN HCL 10MG CAP,4.00
977336,DOXEPIN HCL 25MG CAP,4.00
977337,DOXEPIN HCL 50MG CAP,4.00
977338,DOXERCALCIFEROL   4MCG/2ML,120.00
977342,DOXORUBICIN,1050.00
977341,DOXORUBICIN 50MG/25ML SDV,100.00
977339,DOXORUBICIN HCL INJ 10MG/5ML,100.00
977344,DOXYCYCLINE HYCLATE 100MG CAP,8.00
977343,DOXYCYCLINE HYCLATE 100MG INJ SDV,153.00
978260,DOXYCYCLINE MONOHYDRATE 100MG,3.00
978250,DOXYLAMINE SUCCINATE (UNISOM) 25MG TAB,2.00
4370409,DRAIN JACKSON PRATT FLAT 10MM,41.50
4370425,DRAIN JACKSON PRATT RND 19FR,54.50
8040271,DRAIN PENROSE ALL SIZES,14.50
4440541,DRAINAGLE BAG HOLLISTER,27.50
4440079,DRAPE C-SECTION PACK,374.50
4402087,DRAPE PACK EXTREM TRAY,269.50
4385621,DRAPE PACK GEN SURGERY TRAY,287.00
4380044,DRAPE PACK LITHOTOMY V,54.50
4323366,DRAPE TABLE,28.50
2074300,DRAWING FEE,15.00
977345,DRONABINOL 2.5MG CAP,6.00
2063154,DRUG ABUSE SCREEN-INDUSTRIAL,115.50
2063634,DRUG SCREEN (URINE) COLLECTION ONLY,29.00
41027923,DRUG SCREEN CLASS LIST A,270.00
41027415,DRUG SCREEN MUTIPLE,110.50
2075901,DRUG SCREEN-BAR,110.50
2075893,DRUG SCREEN-BZO,110.50
2083368,DRUG SCREEN-COC,110.50
1089606,DRUG SCREEN-MDMA,110.50
2083376,DRUG SCREEN-OPI,110.50
2075935,DRUG SCREEN-TCA,110.50
2083392,DRUG SCREEN-THC,110.50
2083384,DRUGSCREEN-PCP,110.50
8699829,DUCTOGRAM/RADIOLOG -SINGLE,234.00
977348,DULOXETINE HCL 30MG CAP,9.50
978439,DURALUMAB,44.00
978440,DURVALUMAB 120MG SDV,528.00
977350,DUTASTERIDE .5MG CAP,12.50
2079937,E-B VIRUS AB-VCA-IGG,61.00
2079945,E-B VIRUS AB-VCA-IGM,61.00
4440160,EDG WITH PEG TUBE,480.50
41027722,EEG/AWAKE AND ASLEEP,780.00
877525,EGD DIAGNOSTIC BRUSH WASH,3000.00
41027954,ELBOW 2-VIEWS LEFT,250.00
2478022,ELBOW 2-VIEWS RIGHT,250.00
41027955,ELBOW 3-VIEWS LEFT,300.00
2472751,ELBOW 3-VIEWS RIGHT,300.00
3135001,ELECTROCARDIOGRAM (EKG),155.50
41027973,ELECTROCARDIOGRAM (EKG)2017,156.00
1082544,ELECTROLYTE PANEL (SERUM),37.50
1688159,ELECTROPHORESIS HGB (HMGP),82.50
1689777,ELECTROPHORESIS SERUM PROTEIN,77.50
977351,ENALAPRIL MALEATE 5MG CAP,6.00
3640356,ENDO BRONCHIAL TUBE,333.50
4471751,ENDO CATCH,526.00
7121874,ENDO CLIP,791.50
7123607,ENDO FLO IRRG SYSTEM,294.00
7499122,ENDO GIA 30 GUN,1397.00
7499130,ENDO GIA 30 V GUN,1452.00
7499155,ENDO GIA 30 V LOADING UNIT,677.50
4396776,ENDO HERNIA LU 174007,394.00
4383840,ENDO INSUFFLATION TUBING,119.00
4440921,ENDO ROOM CHARGE EA 1/4HR,232.00
4336350,ENDO SHEARS,635.00
4373445,ENDO STICH 173016,700.00
4440558,ENDO TRACH TUBE,53.50
4440186,ENDOCLOSE,157.50
7499577,ENDOLOOP PDS,111.00
977354,ENOXAPARIN 100MG/1ML SINGLE USE SYRINGE,485.00
977355,ENOXAPARIN 30MG/0.3ML SINGLE USE SYRINGE,145.50
977356,ENOXAPARIN 40MG/0.4ML SINGLE USE SYRINGE,186.00
977357,ENOXAPARIN 60MG/0.6ML SINGLE USE SYRINGE,291.00
977358,ENOXAPARIN 80MG/0.8ML SINGLE USE SYRINGE,388.00
41027767,EOSINOPHILS SMEAR,60.00
977359,EPHEDRINE SO4 50MG/ML,16.50
3534583,EPIDURAL MANAGEMENT,20.00
977361,EPINEPHRINE HCL 1MG/10ML SYRINGE,100.00
977360,EPINEPHRINE HCL 1MG/ML,100.00
978389,"EPOETIN ALFA 10,000 UNITS NON-ESRD",750.00
977362,EPOETIN ALFA NON-ESRD,75.00
209202,EPSTEIN BARR VIRUS BY PCR,325.00
41027110,EPSTEIN BARR(EBNA),82.00
41027109,EPSTEIN BARR(VCA),97.00
272369,ER ACCESS: LUMBAR PUNCTURE,196.50
41027223,ER ADDITIONAL IV PUSH INJECTION/ ER,174.00
6782569,ER AIR SPLINT,121.00
3900132,ER APPLICATION OF PASTE BOOT,119.00
3900178,ER CLEAR OUTER EAR CANAL,319.00
3900056,ER CMPLX RPR E/N/E/L 1.1-2.5 CM,429.00
3900057,ER CMPLX RPR E/N/E/L 2.6-7.5 CM,429.00
3900053,ER CMPLX RPR F/C/C/M/N/AX/G/H/F,429.00
3900054,ER CMPLX RPR F/C/C/M/N/AX/G/H/F cm,429.00
3900050,ER CMPLX RPR S/A/L 1.1-2.5 CM,429.00
3900051,ER CMPLX RPR S/A/L 2.6-7.5 CM,429.00
3900052,ER CMPLX RPR S/A/L ADDL 5 CM/>,1313.00
3900136,ER CONTROL OF NOSEBLEED,129.00
270504,ER CRITICAL CARE INITIAL HOUR,1389.00
3900176,ER CURETTE/TREAT CORNEA,697.00
3900004,ER DEB SUBQ TISSUE 20 SQ CM/<,226.00
3900066,ER DRAIN/INJ JOINT/BURSA W/O US,224.00
3900086,ER DRAINAGE OF FINGER ABSCESS,228.00
3900001,ER DRAINAGE OF PILONIDAL CYST,228.00
3900000,ER DRAINAGE OF SKIN ABSCESS,228.00
41027280,ER DRESS / DEBRIDE BURNS ALL SITES,247.50
3900060,ER DRESS/DEBRID P-THICK BURN M,226.00
41027159,ER GASTRO TUBE CHANGE-ER,562.50
3900181,ER HEART/LUNG RESUSCITATION CPR,771.00
41027225,"ER HYDRATE IV INFUSION, ADD-ON/ER",108.00
41027224,"ER HYDRATION IV INFUSION, INITIAL/ER",324.00
41027056,ER I & D OF ABCESS - ER,412.00
41027575,ER I & D OF VULVA/PERINEUM,820.00
3900180,ER IMMUNIZATION ADMIN EACH ADD,81.00
280719,ER IMMUNIZATION VACCINE (INITIAL),65.00
280834,ER INCISION AND DRAINAGE--ALL SITES,721.00
3900158,ER INCISION OF ANAL ABSCESS,492.00
3900157,ER INCISION OF RECTAL ABSCESS,1662.00
3900059,ER INITIAL TREATMENT OF BURN(S),118.00
41027222,ER INITIAL/SINGLE IV PUSH INJECTION,323.00
280701,ER INJECTION THERAPEUTIC IM/SUBQ,148.00
3900164,ER INSERT BLADDER CATH COMPLEX,130.00
280941,ER INSERT CATHETER/FOLEY,212.10
3900149,ER INSERT NEEDLE BONE CAVITY,91.00
7052723,ER INSERT SUBCLAVIAN LINE,781.00
280933,ER INSERT URETHRAL CATHETER,50.50
3900140,ER INSERTION OF CHEST TUBE,483.00
3900040,ER INTMD RPR FACE/MM 2.5 CM/<,226.00
3900041,ER INTMD RPR FACE/MM 2.6-5.0 CM,226.00
3900042,ER INTMD RPR FACE/MM 5.1-7.5 CM,226.00
3900034,ER INTMD RPR N-HF/GENIT 2.5CM/<,118.00
3900035,ER INTMD RPR N-HF/GENIT2.6-7.5,226.00
3900028,ER INTMD RPR S/A/T/EXT 2.5 CM/<,226.00
3900029,ER INTMD RPR S/A/T/EXT 2.6-7.5,226.00
3900030,ER INTMD RPR S/TR/EXT 7.6-12.5,226.00
272534,ER INTUBATION/ER,335.00
41027221,ER IV INFUSION EACH ADD'L HOUR,108.00
290023,ER LEVEL 1 (MINIMAL) VISIT,121.00
290031,ER LEVEL 2 (BRIEF) VISIT,172.50
290049,ER LEVEL 3 (LIMITED) VISIT,303.00
290056,ER LEVEL 4 (INTERMEDIATE) VISIT,540.00
290064,ER LEVEL 5 (EXTENDED) VISIT,772.50
290072,ER LEVEL 6 (CRITICAL),1029.00
41027117,ER MINOR ANCILLARY PROCEDURES - ER,562.50
3900170,ER N BLOCK OTHER PERIPHERAL,224.00
2778660,ER PARACENTESIS WO GUIDEANCE,799.50
3900073,ER REMOVAL OF ARM FOREIGN BODY,481.00
3900113,ER REMOVAL OF FOOT FOREIGN BODY,942.00
3900011,ER REMOVAL OF NAIL PLATE,118.00
41027985,ER REMOVAL OF SKIN TAGS,350.00
3900174,ER REMOVE FOREIGN BODY FROM EYE,91.00
3900134,ER REMOVE NASAL FOREIGN BODY,91.00
3900156,ER REMOVE PHARYNX FOREIGN BODY,91.00
3900021,ER RPR F/E/E/N/L/M 2.5 CM/<,118.00
3900022,ER RPR F/E/E/N/L/M 2.6-5.0 CM,118.00
3900023,ER RPR F/E/E/N/L/M 5.1-7.5 CM,118.00
3900024,ER RPR F/E/E/N/L/M 7.6-12.5 CM,118.00
3900017,ER RPR S/N/AX/GEN/TRK7.6-12.5CM,118.00
3900020,ER RPR S/N/AX/GEN/TRNK >30.0 CM,226.00
3900015,ER RPR S/N/AX/GEN/TRNK 2.5CM/<,118.00
3900016,ER RPR S/N/AX/GEN/TRNK2.6-7.5CM,145.00
280644,ER SKIN REPAIR - ER SIMPLE,562.50
3900002,ER SOFT TISSUE FB REMOVAL,789.00
4440731,ER SPLINT ARM SHORT,135.00
280222,ER SPLINT FINGER/THUMB,115.50
4440749,ER SPLINT LEG LONG/ ER,417.00
4440756,ER SPLINT LEG SHORT,159.50
6704589,ER SPLINT-HAND,118.00
280909,ER SPLINT-LONG ARM,76.00
3900130,ER STRAPPING OF ANKLE AND/OR FT,119.00
3900125,ER STRAPPING OF ELBOW OR WRIST,31.00
3900126,ER STRAPPING OF HAND OR FINGER,31.00
3900129,ER STRAPPING OF KNEE,56.00
3900124,ER STRAPPING OF SHOULDER,196.00
3900131,ER STRAPPING OF TOES,56.00
3900185,ER THER/DIAG CONCURRENT INF,252.00
41027226,"ER THER/PROPH/DIAG IV INF, INITIAL/ER",606.00
41027105,ER THORACENTESIS FOR ASPIRATION/ER,739.50
280610,ER TRANS BLOOD PRODUCTS/ ER,467.00
3900112,ER TREAT ANKLE DISLOCATION,172.00
3900078,ER TREAT ELBOW DISLOCATION,238.00
3900085,ER TREAT FRACTURE RADIUS/ULNA,1096.00
3900072,ER TREAT SHOULDER DISLOCATION,172.00
3900187,ER TX/PRO/DX INJ SAME DRUG ADON,215.00
3900184,ER TX/PROPH/DG ADDL SEQ IV INF,148.00
41027931,ER WOUND CLOSURE BY ADHESIVE,100.00
978420,ERAXIS 100MG SDV,500.00
977370,ERTAPENEM 1GM,350.00
977373,ERYTHROMYCIN 500MG TAB,6.00
977375,ERYTHROMYCIN OPTHALMIC OINTMENT 0.5%,60.00
2040582,ERYTHROPOIETIN- HAI,59.00
977377,ESCITALOPRAM 10MG TAB,12.50
4440491,ESMARCHED BANDAGE,13.50
977378,ESMOLOL HCL  100MG/10ML,110.00
41027482,ESTRADIOL,107.50
978265,ESTRADIOL 1MG TAB,1.00
977387,ESTRADIOL VAG CREAM  0.01%,559.50
41027664,ESTRIOL,103.00
2059608,ESTROGEN- SERUM,142.50
977382,"ESTROGENS, CONJUGATED .625MG TAB",12.00
977380,"ESTROGENS, CONJUGATED VAGINAL CREAM",700.00
1075258,ETHANOL,140.00
978218,ETOMIDATE (AMIDATE) 40MG/20ML SDV,24.00
978431,ETOPOSIDE 100MG SDV (VEPESID),1200.00
976006,ETOPOSIDE 10MG (VEPESID),16.80
978435,ETOPOSIDE 500MG SDV (VEPESID),800.00
3235678,"EVENT MONITOR, RECORDING",78.50
41027974,EXC TR-EXT B9+MARG 3.1-4CM,1500.00
41027085,EXCISION /BIOPSY LEVEL 1,562.50
41027086,EXCISION /BIOPSY LEVEL 2,1277.50
41027087,EXCISION /BIOPSY LEVEL 3,1127.00
325050,EXTERNAL MONITOR,113.00
2309508,EYE FOR FOREIGN BODY BILATERAL,167.00
977393,EZETIMIBE 10MG TAB,7.00
6228746,F F P,88.50
2370252,FACIAL BONES 3 OR MORE VIEWS,315.50
2380590,FACIAL BONES-2 VIEWS,149.50
41027843,FACTOR II MUTATION,500.00
2041606,FACTOR VIII ANTIGEN,165.00
977396,FAMOTIDINE  20MG/2ML,47.00
977395,FAMOTIDINE 20MG TAB,5.00
978286,FAMOTIDINE VIAL 40MG/4ML,47.00
1688324,FANA SCREEN,69.50
978388,FAT EMULSION WITH FISH OIL 20% 500ML BAG,35.00
1489996,FATS/LIPID FECES QUAL,60.00
1081660,FE (IRON),37.50
1488394,FECAL OCCULT BLOOD,45.00
7003403,FEEDING TUBE,14.50
41027965,FEMUR LEFT,300.00
2473080,FEMUR RIGHT,300.00
977399,FENOFIBRATE 145MG TAB,10.50
977402,FENTANYL  PATCH  100MCG/HR,250.00
977405,FENTANYL CITRATE   50MCG/ML 100MCG INJ,42.50
977406,FENTANYL CITRATE  50MCG/ML 250MCG INJ,51.00
977407,FENTANYL CITRATE 50MCG/ML 1000MCG INJ,80.50
977404,FENTANYL PATCH  12MCG/HR,70.00
977401,FENTANYL PATCH  25MCG/HR,75.00
977400,FENTANYL PATCH 50MCG/HR,120.00
1674365,FERRITIN,125.00
977414,FERROUS SO4 325MG ECT,2.00
8782849,FETAL MONITOR STRAPS,10.00
6283949,FETAL SCREEN  (ROSETTE),76.00
977416,FEXOFENADINE 180MG TAB,7.50
977415,FEXOFENADINE 60MG TAB,5.00
6284095,FFP THAWING (EACH),61.50
1286723,FIBRINOGEN,135.50
977419,FINASTERIDE 5MG TAB,6.00
41027424,FINE NEEDLE ASPIRATION W/O IMAG GUIDE,154.50
2371581,FINGER FIFTH DIGIT LEFT,200.00
2371631,FINGER FIFTH DIGIT RIGHT,200.00
2371573,FINGER FOURTH DIGIT LEFT,200.00
2371623,FINGER FOURTH DIGIT RIGHT,200.00
2371557,FINGER SECOND DIGIT LEFT,200.00
2371607,FINGER SECOND DIGIT RIGHT,200.00
2371565,FINGER THIRD DIGIT LEFT,200.00
2371615,FINGER THIRD DIGIT RIGHT,200.00
2371540,FINGER THUMB LEFT,200.00
2371599,FINGER THUMB RIGHT,200.00
41027963,FINGERS LEFT,200.00
977420,FISH OIL 1000MG CAP,4.00
977421,FLECAINIDE ACETATE 50MG TAB,4.00
41027724,FLEXIMA ALL PURPOSE DRAINAGE CATH,350.00
1391119,FLOW CYTOMETRY/READ 2,128.00
41027498,FLOWCYTOMETRY/TC ADD ON,67.00
977423,FLUCONAZOLE 100MG TAB,18.00
977422,FLUCONAZOLE 150MG TAB,18.00
977424,FLUCONAZOLE SUSP  40MG/ML,110.00
978383,FLUCONAZOLE W/ NA CHLORIDE 200MG,20.00
977425,FLUCONAZOLE W/DEXT  2MG/ML  PREMIX,140.00
977427,FLUDROCORTISONE ACETATE .1MG TAB,5.00
7498710,FLUID WARMING SET,51.00
977428,FLUMAZENIL  0.1MG/ML 5ML SDV,129.00
2384675,FLUORO ASST PAIN MANG,373.50
2375327,FLUORO GUIDANCE/PICC,215.50
2573897,FLUOROSCOPY ASSIST,349.00
977434,FLUOROURACIL  500MG (500MG/10ML) SDV,30.00
977432,FLUOROURACIL 500MG (2.5GM/50ML),150.00
977433,FLUOROURACIL 500MG (5GM/100ML),300.00
977436,FLUOXETINE 10MG CAP,10.00
977439,FLUTICASONE HFA  44 MCG/INH MDV PER PUFF,2.00
977440,FLUTICASONE HFA 110 MCG/INH,2.00
977438,FLUTICASONE NASAL SPRAY 50MCG PER SPRAY,2.00
977443,FLUTICASONE/SALMETEROL HFA   230/21,2.00
1679372,FOLATE,102.00
1679373,FOLATE INHOUSE,102.00
977444,FOLIC ACID 1MG TAB,3.00
2473222,FOOT 3 VIEW LEFT,300.00
2473221,FOOT RIGHT,300.00
4369559,FORCEP BIOPSY DISP (BRNCH)1559,243.00
4441036,FORCEPS OPEN CURVED JAW,527.00
41027957,FOREARM LEFT,175.00
2472801,FOREARM RIGHT,175.00
977451,FOSPHENYTOIN  100MG/2ML,42.50
977450,FOSPHENYTOIN  50MG/ML,42.50
978136,FOSPREPITANT DIMEGLUMINE,7.33
41027472,FREE LIGHT CHAIN RATIO,216.50
2084044,FREE PSA,93.50
2075398,FREE T3,80.00
1679398,FREE T-4,73.00
2042067,FREE TESTOSTERONE,122.00
41027758,FROZEN SECTION PATHOLOGY,290.00
2063212,FROZEN SECTION PREP,508.00
2075414,FRUCTOSAMINE,24.50
1690106,FSH,188.50
41027879,FTL CGEN ABNOR FOUR ANAL,10.00
977452,FULVESTRANT INJ  ,300.00
977453,FUROSEMIDE   40MG/5ML,9.00
977455,FUROSEMIDE 20MG TAB,2.00
977454,FUROSEMIDE 40MG TAB,2.00
978117,FUROSEMIDE INJ 20MG,15.50
2075950,G6PD QUANTITATIVE,20.00
977457,GABAPENTIN 100MG CAP,6.00
977458,GABAPENTIN 300MG CAP,6.00
977459,GABAPENTIN 400MG CAP,6.00
2398501,"GAD-BASE MR CONTRAST NOS, 1ML",75.00
4812566,GAIT TRAINING-15 MIN,61.00
41027166,GAMMAGLOBULIN,90.00
41027930,GASTRIC OCCULT BLOOD,30.00
2040673,GASTRIN,29.50
4404083,GELFOAM 7MM,36.50
977464,GEMFIBROZIL 600MG TAB,6.00
41027921,GENOTYPE DNA/RNA HEP C,750.00
1079508,GENTAMICIN,124.00
977467,GENTAMICIN SO4 2OMG/2ML,27.50
977466,GENTAMICIN SO4 80MG/2ML SDV,45.00
977468,GENTAMICIN SO4 OPTHALMIC 0.3%,100.00
977469,GENTAMICIN SO4 OPTHALMIC OINTMENT 0.3%,90.00
1080431,GGT,36.50
2473395,GI & SMALL BOWEL,483.00
2473379,GI SERIES W/O KUB,384.50
2379329,GI W/AIR W/O KUB,384.50
2379337,GI W/KUB,451.50
2378099,GI WITH AIR & KUB,541.00
1599125,GIARDIA,67.50
977470,GLIMEPIRIDE 2MG TAB,5.00
977471,GLIPIZIDE 5MG TAB,4.00
977473,GLIPIZIDE XL 5MG TAB,4.00
1089622,GLUC TOL 3 SPEC,66.50
1089416,GLUC TOL EA AD,20.00
977475,GLUCAGON 1MG INJ,500.00
977476,GLUCOSE 31GM GEL,22.00
6919575,GLUCOSE BY REAGENT STRIP/ACCU CHECK,31.00
1087261,GLUCOSE FASTING,29.50
1087295,GLUCOSE POST PRAN (SULV),35.50
1088202,GLUCOSE-BODY FLUID,59.00
41027142,GLUCOSE-HEALTH FAIR,5.00
977478,GLYBURIDE 5MG TAB,5.00
977482,GLYCERIN 2.1GM SUPP,2.00
977485,GLYCOPYRROLATE  0.2MG/ML 1ML VIAL,5.00
7418106,GORETEX CV-2-SUTURE,113.00
4440954,GREENFIELD FILTER/ARTERIAL VINA CAVA,3722.50
977486,GUAIFENESIN   100MG/5ML,4.00
977487,GUAIFENESIN 400MG TAB,4.00
977489,GUAIFENESIN DM   200/20MG/10ML,4.00
977492,GUAIFENESIN ER 600MG TAB,2.50
977488,GUAIFENESIN/DEXTROMETHORPHAN HBR  100MG/,4.00
977493,GUIFANESIN/DM ER   600MG/30MG,3.50
2083681,H PYLORI ANTIGEN (STOOL),107.50
2077436,H PYLORIC AB,34.00
977495,HALOPERIDOL  5MG/ML,45.00
977494,HALOPERIDOL 1MG TAB,3.00
977496,HALOPERIDOL 5MG TAB,5.00
2309680,HAND 2-VIEWS BILATERAL,275.00
41027961,HAND 2-VIEWS LEFT,175.00
2478048,HAND 2-VIEWS RIGHT,175.00
41027962,HAND 3-VIEWS LEFT,250.00
2472900,HAND 3-VIEWS RIGHT,250.00
41027786,HANDPIECE FOR LIGASURE IMPACT 18CM,770.00
1678085,HAPATITIS PANEL ACUTE,450.00
1687805,HAPTOGLOBIN,105.50
1629500,HBSAG,62.00
41027728,HEAVY METAL QUANTITATIVE (COBALT),135.00
41027972,HEEL LEFT,175.00
2376267,HEEL RIGHT,175.00
7041015,HEELSTICKS,21.00
1288026,HEMATOCRIT HCT,22.00
41027779,HEMOCHROMATOSIS 3 MUTATIONS,120.00
1690031,HEMOGLOBIN A 1 C,59.00
1288018,HEMOGLOBIN HGB,23.00
1320001,HEMOGRAM CBC W/OUT DIFF,65.00
2085082,HEP B VIRUS DNA QUAL PCR,160.50
2085090,HEP C VIRAL RNA QUAN EXP,196.50
977500,HEPARIN FLUSH  100UNITS/ML,100.00
977498,HEPARIN FLUSH / DOSE    10 UNITS/ML,20.00
977501,HEPARIN FLUSH 100UNITS/ML,20.00
977504,HEPARIN NA  1000UNITS/ML,25.00
977503,HEPARIN NA  5000UNITS/ML,125.00
1089325,HEPATIC PANEL,127.00
2082667,HEPATITIS A TOTAL,80.50
2085249,HEPATITIS B CORE TOTAL AB,47.00
2082758,HEPATITIS B DNA QUANTITATIVE,129.00
978201,HEPATITIS B IMMUNE GLOBULIN (HUMAN),1000.00
2082626,HEPATITIS B SURFACE ANTIBODY,52.50
977505,HEPATITIS B VAC PED  10MCG/O.5ML,110.00
2040756,HEPATITIS BE ANTIBODY,23.50
2040764,HEPATITIS BE ANTIGEN,65.00
1799766,HEPATITIS C AB,80.50
2079523,HEPATITIS C VIRUS RNA  PCR,128.00
2079994,HERPES SIMPLEX CULT,108.50
2043164,HERPES SIMPLEX VIRUS AB,61.00
41027964,HIP 2-VIEWS LEFT,300.00
2380616,HIP 2-VIEWS RIGHT,300.00
2310514,HIP SINGLE VIEW RIGHT,115.00
2043669,HIV RNA QUANT/PCR,103.00
2059632,HIV SCREEN,105.00
2040780,HLA B27,220.00
41027706,HOLTER MONITOR,215.50
3135365,HOLTER MONITOR ANALYSIS,215.50
3135381,"HOLTER MONITOR, HOOKUP",215.50
2081719,HOMOCYSTEINE,101.00
41027216,HSV TYPE 1,62.00
41027217,HSV TYPE-2,62.00
41027953,HUMERUS LEFT,300.00
2472702,HUMERUS RIGHT,300.00
2041713,HYALURONIDASE,65.00
977507,HYDRALAZINE (APRESOLINE) 20MG/1ML SDV,84.00
978271,HYDRALAZINE 10MG TAB,2.00
977508,HYDRALAZINE HCL 25MG TAB,4.00
977511,HYDROCHLOROTHIAZIDE 12.5MG CAP,4.00
977510,HYDROCHLOROTHIAZIDE 25MG TAB,4.00
977513,HYDROCORTISONE 2.5%    25MG/GM,25.00
977515,HYDROCORTISONE ACETAT,12.00
977514,HYDROCORTISONE ACETATE/PRAMOXINE HCL   1,350.00
977519,HYDROCORTISONE NA SUC  250MG/2ML SDV,120.00
977517,HYDROCORTISONE NA SUCCINATE   100MG/2ML,40.00
978410,HYDROMORPHONE 0.5MG PRE-FILLED SYRINGE,30.00
978412,HYDROMORPHONE 2MG PRE-FILLED SYRINGE,120.00
977520,HYDROMORPHONE HCL     2MG/ML,32.50
977521,HYDROMORPHONE HCL 4MG TAB,5.00
978407,HYDROPORPHONE AMPUL 1MG,10.00
977522,HYDROXYCHLOROQUIN 200MG TAB,7.00
977523,HYDROXYUREA 500MG CAP,5.00
978094,HYDROXYZINE HCL,18.00
977525,HYDROXYZINE HCL 10MG TAB,4.00
977527,HYDROXYZINE PAMOATE 25MG CAP,4.00
977528,HYPROMELLOSE OPTHALMIC 0.5%,100.00
2378164,HYSTEROSALPINGOGRAM-RADIOLOGIC,409.00
3154283,I & D OF ABCESS - O.R.,412.00
1088350,IBC,47.00
977533,IBUPROFEN 100MG/5ML,3.00
977529,IBUPROFEN 200MG TAB,2.00
977531,IBUPROFEN 400MG TAB,4.00
977532,IBUPROFEN 600MG TAB,7.00
1082304,ID AEROBIC ORGANISM,52.50
1598994,ID ANEROBIC ORGANISM,68.50
41027910,IFOB,88.00
2075703,IGA,90.00
2080349,IGA SERUM,90.00
2080331,IGG,90.00
2081016,IGG 1 2 3 OR 4 EACH,41.50
2082347,IGG ELISA,82.50
2080356,IGM SERUM,90.00
977565,IMFEROM 100MG/2ML SDV,160.00
977535,IMIPENEM/CILASTATIN 500MG INJ,250.00
978387,IMMUNE GLOBULIN,175.00
978411,IMMUNE GLOBULIN 10% 40 GRAMS,160.00
978430,IMMUNE GLOBULIN INTRA ,230.00
7132608,IMMUNIZATION ADD'L VACCINES,43.00
7132590,IMMUNIZATION ONE VACCINE,60.50
2084358,IMMUNOASSAY INFECTIOUS AGENT,73.00
41027773,IMMUNOASSAY NON ANTIBODY,105.50
2075356,IMMUNOASSAY QUANT NOS NON AB,106.50
1689231,IMMUNOFIX E-PHORESIS SERUM,175.00
41027532,IMMUNOFIX E-PHORESIS; OTHER FLUIDS,175.00
41027918,IMMUNOHISTO ANTIBODY SLIDE,150.00
9295445,INCENTIVE SPIROMETRY,43.50
41027099,INCISION AND DRAINAGE OP LEV 1,721.00
977540,INDAPAMIDE 1.25MG TAB,5.00
977543,INDOMETHACIN 25MG CAP,5.00
2597321,INFANT SKELETAL SURVEY,383.50
977545,INFLIXIMAB ,250.00
977547,INFLUENZA VACCINE,50.00
977546,INFLUENZA VACCINE PEDIATRIC,50.00
1599075,INFLUENZAE A/B ANTIGEN,130.00
3534591,INFUSION PUMP TUBING,123.00
41027501,INJECT EPIDURAL PATCH,618.00
978401,INJECTAFER ,3.33
41027994,INSERT CATH PLEURA W/O IMAGE,3000.00
2059665,INSULIN,53.00
978211,INSULIN ASPART(NOVOLOG 70/30)100U/ML 10,0.10
977549,INSULIN DETEMIR (LEVIMIR) 1OOU/ML 10ML,0.10
977551,INSULIN GLARGINE (LANTUS) 100U/ML 10ML,0.15
977553,INSULIN HUMAN (HUMILIN R) 100U/ML 3ML,0.05
977548,INSULIN HUMAN 70/30 100UN/ML 10ML,0.05
977550,INSULIN HUMAN ISOPHANE (NOVILIN)100U/ML,0.10
977554,INSULIN LISPRO (HUMALOG) 100U/ML 3ML,0.05
977555,INSULIN LISPRO 75/25 (HUMALOG)100U/ML 10,0.05
977552,INSULIN NPH (HUMILIN N)100U/ML 10ML,0.05
100016,INTENSIVE CARE UNIT,300.00
8482820,INTRA-UTERINE MONITOR KIT DISP,133.50
4440574,INTUBATING STYLET,31.50
9298084,INTUBATION/REPIRATORY THERAPY,335.00
5012752,IONTOPHORESIS-15 MIN,91.50
978448,IPILIMUMAB INJ ,525.00
978283,IPRATROPIUM BROMIDE/ALBUTEROL 20MCG,8.50
977562,IPRATROPIUM NASAL SOLN 0.03%   21MCG/SPR,200.00
977559,IPRATROPIUM NEB.,8.00
977563,IRBESARTAN 150MG TAB,3.00
977564,IRINOTECAN 2OMG/5ML SDV (CAMPTOSAR),230.00
4334322,IRRIGATION WATER 3000ML,57.00
3916533,ISOLET SHORT STAY,26.50
977569,ISOSORBIDE DINITRATE 10MG TAB,4.00
977570,ISOSORBIDE DINITRATE 20MG TAB,4.00
977571,ISOSORBIDE DINITRATE 30MG TAB,4.00
977572,ISOSORBIDE MONO. ER 30MG TAB,4.00
977573,ISOSORBIDE MONONITRAT 20MG TAB,4.00
977574,ISOSULFAN BLUE  ,40.00
7016512,IV D 10 W 250 ML,67.50
41027144,IV D10 1000ML,75.00
41027146,IV D10 500ML,75.00
41027145,IV D5 .225% NACL 500ML,75.00
7000102,IV D5 1/2 NS 1000ML,96.50
7000151,IV D5 1/2 NS 500ML,81.50
851790,IV D5 1/2 NS/W KCL20MEQ 1000ML,148.50
851774,IV D5 1/2 NS/W KCL40MEQ 1000ML,148.50
853812,IV D5 1/2NS W/KCL 10MEQ 1000ML,148.50
7000185,IV D5 1/4 NS 1000ML,96.50
41027147,IV D5 100ML,75.00
41027149,IV D5 50ML,75.00
7000276,IV D5 LR 1000ML,108.50
7000300,IV D5 LR 500ML,90.50
7000318,IV D5 NS 1000ML,96.50
7000359,IV D5W 1000ML,88.50
7000375,IV D5W 250ML,75.00
7000391,IV D5W 500ML,75.00
7000417,IV D5W 50ML PF/130ML,75.00
7000565,IV LR 1000ML,126.00
7000573,IV LR 500ML,112.00
41027151,IV NACL .45% 1000ML,75.00
41027153,IV NACL .9% 250ML VISIIV,75.00
824656,IV NS /W 20MEQ KCL 1000ML,148.50
824664,IV NS /W 40MEQ KCL 1000ML,148.50
7000623,IV NS 1/2 500ML,78.50
7000581,IV NS 100 ML PF/130 ML,75.00
7000599,IV NS 1000ML,79.50
7000649,IV NS 250ML,75.00
7000664,IV NS 500ML,75.00
7000680,IV NS ADDVANTAGE 100ML,75.00
7000706,IV NS ADDVANTAGE 50ML,75.00
7000722,IV NS IRRIG 1000ML,59.00
7120223,IV PUSH BOLUS ADMINISTRATION,173.50
7016611,IV WATER/INJECT KCL10MEQ 100ML,103.00
280545,IV WITH MEDS,245.50
2379295,JOINT ASPIRATION,180.00
978434,KADCYLA,130.00
978433,KADCYLA ,130.00
41027582,KEPPRA QUANTITATION DRUG ASSAY,160.00
978234,KETAMINE HCI 200MG/20ML SDV,80.00
977576,KETAMINE HCL  50MG/ML,35.00
1087303,KETONE (ACETONE PLASMA),28.50
978313,KETORLAC 15MG/1ML,25.00
977579,KETOROLAC (TORADOL) 3OMG/ML SDV,60.00
8787012,KIT - OB OBSERVATION,73.00
41027967,KNEE >3 VIEWS LEFT,300.00
41027968,KNEE >3 VIEWS RIGHT,300.00
2309722,KNEE AP/LAT BILATERAL,400.00
41027966,KNEE AP/LAT LEFT,250.00
2473106,KNEE AP/LAT RIGHT,250.00
1498716,KOH,24.50
1086883,L D H,62.00
977581,LABETALOL 1O0MG/20ML MDV,30.00
977582,LABETALOL HCL 100MG TAB,4.00
116004,LABOR & DELIVERY ROOM & CARE 2,300.00
116005,LABOR & DELIVERY ROOM & CARE 1,285.00
41027919,LACOSMIDE,130.00
978347,LACTATED RINGERS W/ 10 UNITS OXYTOCIN,35.00
1087618,LACTIC ACID,119.00
41027658,LACTOFERRIN QUANTITATIVE,206.00
41027596,"LACTOFERRIN, FECAL; QUALITATIVE",93.00
977584,LACTULOSE  20GM/30ML,9.00
2063600,LAMICTAL (LAMOTRIGINE),160.00
977587,LAMOTRIGINE 100MG TAB,22.00
977586,LAMOTRIGINE 25MG TAB,3.00
977588,LANTANOPROST   0.005%,500.00
4440889,LAP PACK I,51.00
41027737,LAPAROSCOPIC GEL PORT,2350.00
977456,LASIX 1OMG/ML 40ML VIAL SDV,30.00
41027129,LDL DIRECT,42.50
2040855,LEAD,58.00
977592,LETROZOLE 2.5MG TAB,90.00
977589,LEUCOVORIN CALCIUM 50MG 350MG/17.5MLSDV,105.00
6283873,LEUKO-POOR FILTER- PLATELETS,54.50
977590,LEUPROLIDE DEPOT,2000.00
978197,LEVALBUTEROL NEB 1.25MG/0.5ML 1 VIAL,35.00
41027158,LEVEL 1 NERVE INJ - OP,145.50
41027178,LEVEL I MUSCULOSKELETAL PROCEDURES,1905.00
41027289,LEVEL I UPPER GI PROCEDURE,938.50
41027156,LEVEL III VASCULAR ACCESS PROCEDURE,2060.00
977594,LEVETIRACETAM 500MG INJ,500.00
977593,LEVETIRACETAM 500MG TAB,13.50
977596,LEVOBUNOLOL HCL OPTHALMIC 0.5%,110.00
977598,LEVOFLOXACIN 500MG TAB,50.00
977597,LEVOFLOXACIN 5OOMG/100ML IV BAG,222.00
978296,LEVOFLOXACIN INJ 5% DEXTROSE   250MG,12.00
977602,LEVOTHYROXINE NA 100MCG TAB,5.00
977600,LEVOTHYROXINE NA 125MCG TAB,6.00
977601,LEVOTHYROXINE NA 25MCG TAB,4.00
977603,LEVOTHYROXINE NA 50MCG TAB,5.00
977606,LEVOTHYROXINE NA 75MCG TAB,5.00
977605,LEVOTHYROXINE NA 88MCG TAB,5.00
978135,LEVOTHYROXINE SOD 100MCG/VIAL,220.00
977608,LEVOTHYROXINE SOD 112MCG TAB,5.00
977607,LEVOTHYROXINE SOD 200MCG INJ,88.50
41027734,LEXISCAN (REGADENASON) .40MG INJ,800.00
1690114,LH,95.00
2044212,LH 3RD GENERATION,95.00
4100160,LIDO/PRILO 2.5/2.5 CREAM(EMLA),25.00
978428,LIDOCAINE 1% NOT FOR EPIDURAL OR CAUDAL,15.00
977609,LIDOCAINE 5% PATCH,15.50
977625,LIDOCAINE HCL 1%  10MG/ML NOT FOR E MDV,15.00
978160,LIDOCAINE HCL 1% 10MG/ML 50ML,15.00
978220,LIDOCAINE HCL 1% W/EPI(NOT FOR EPID MDV,15.00
977611,LIDOCAINE HCL 2%   20MG/ML 100MG SUS,25.00
977623,LIDOCAINE HCL 2% 20MG/ML 20ML MDV,4.50
977612,LIDOCAINE HCL 4% (NOT FOR INJ)50ML MDV,25.00
977613,LIDOCAINE HCL JELLY 2%   20MG/ML  (TOPIC,40.00
978159,LIDOCAINE HCL JELLY 2% FOR TOPICAL 5ML,10.00
977618,LIDOCAINE HCL/EPI 2% NOT FOR EPID MDV,15.00
977620,LIDOCAINE HCL/EPI1% NOT FOR EPID MDV,15.00
977619,LIDOCAINE HCL/EPINEPHRINE 2% FOR EPIDURA,15.00
978216,LIDOCAINE VISCOUS (ORAL USE ONLY),13.50
977614,LIDOCAINE VISCOUS 2%,13.50
978391,LIDOCAINE W/EPINEPHRINE 2% 50ML MDV,5.00
977617,LIDOCAINE/PRILOCAINE  2.5%/2.5%   25MG/2,40.00
41027787,LIGASURE 5MM LAPARASCOPIC DEVICE,607.00
977628,LINDANE 1%,600.00
1086925,LIPASE,124.00
1082346,LIPID PANEL,105.50
977629,LISINOPRIL 10MG TAB,5.00
977631,LISINOPRIL 20MG TAB,8.00
977630,LISINOPRIL 5MG TAB,4.00
1088384,LITHIUM,105.50
977633,LOPERAMIDE HCL 2MG CAP,6.00
977635,LORATADINE  5MG/5ML,45.00
977634,LORATADINE 10MG TAB,12.50
977636,LORATADINE 5MG/PSEUDO   5MG/120MG,7.00
977639,LORAZEPAM .5MG TAB,3.00
977638,LORAZEPAM 1MG TAB,3.00
978390,LORAZEPAM 20MG MDV,5.00
977637,LORAZEPAM 2MG/1ML SDV,50.00
977640,LOSARTAN 25MG TAB,9.00
977642,LOSARTAN POT./HCTZ   50MG/12.5MG,12.00
41027293,LOWER GI ENDOSCOPY,1229.00
41027969,LOWER LEG LEFT,250.00
2473155,LOWER LEG RIGHT,250.00
978099,LUBIPROSTONE 2MCG CAP,18.50
2395259,LUMBAR SP & BENDING VIEWS,523.00
2395267,LUMBAR SPINE BENDING VIEW ONLY,343.00
2472157,LUMBOSACRAL AP/LAT,333.50
2472132,LUMBOSACRAL SPINE,343.00
9296286,LUNG VOLUMES (N2 WASHOUT),194.00
2042158,LUPUS ANTICOAGULANT,88.50
41027723,LUPUS COMPREHENSIVE REFLEXIVE PANEL,100.00
41027874,LYME DIS DNA AMP PROBE,273.00
41027854,LYME DISEASE ANTIBODY,200.00
2074458,LYME IGG/IGM,31.50
2063337,LYMPH NODE LMTCD4,144.50
977651,MAG SULFATE 1GM/2ML SDV,40.00
4026332,MAG SULFATE 2GM/50ML OR 40MG/ML,38.50
41027672,MAG SULFATE 40G/1000ML OR 40MG/ML,36.00
977644,MAG-AL-PLUS 30ML UNIT DOSE,6.00
1085026,MAGNESIUM,92.50
977645,MAGNESIUM CHLORIDE 64MG,5.00
977646,MAGNESIUM CITRATE  17.45GM/296ML,9.00
977647,MAGNESIUM HYDROXIDE  2400MG/30ML,5.00
977648,MAGNESIUM OXIDE 400MG TAB,2.00
978227,MAGNESIUM SULFATE 20GM 500ML,12.00
978226,MAGNESIUM SULFATE 4GM 100ML,44.00
978437,MAGNESIUM SULFATE IN WATER 4GM/50ML,40.00
978087,MAGNESIUM SULFATE PMX,36.00
561530,MAJOR SURGERY 1/4 HR ADDITION,391.00
561522,MAJOR SURGERY 1ST HOUR,1782.50
2479319,MAMM NEEDLE LOC ADDL SITE,126.00
2476067,MAMMO GUIDED NEEDLE PLACEMENT,393.00
8675472,MAMMOGRAM DIAGNOSTIC BILAT WITH CAD,163.00
8676249,MAMMOGRAM DIAGNOSTIC UNILAT WITH CAD,144.50
2479194,MAMMOGRAM SCREEN BILAT WITH CAD,129.00
2470144,MANDIBLE,248.00
977653,MANNITOL INJ 25%,28.50
41027681,MANUAL DIFF,45.15
4814026,MANUAL THERAPY/SOFT TISSUE-15MIN,78.50
3150513,"MD ABDOMINAL ULTRASOUND, LIMITED",290.00
3239506,MD ANKLE/BRACHIAL INDEX UNILATERAL,346.50
41027901,MD ANKLE/BRACHIAL INDEX W/EXERCISE BILAT,346.50
3235538,"MD ANKLE/BRACHIEL INDEX, BILATERAL",346.50
5610274,"MD ARTERIAL U/S, ARMS, UNILATERAL",513.00
5610050,"MD ARTERIAL U/S, LEGS, UNILATERAL",508.50
3150687,"MD ARTERIAL ULTRASOUND, ARMS, BILATERAL",524.00
3132552,"MD ARTERIAL, LEGS, BILATERAL",559.50
9299058,MD CARDIAC DOPPLER,650.00
9299009,MD CAROTID ULTRASOUND BILATERAL,491.50
9704310,MD CAROTID ULTRASOUND UNILATERAL,344.50
9299025,MD COLOR FLOW,750.00
5610431,MD CONTRAST (DEFINITY)PER ML,290.50
41027679,MD ECHO W/DEFINITY,2700.00
9299066,MD ECHOCARDIOGRAM (ECHO),2700.00
3134954,"MD ECHOCARDIOGRAM, LIMITED (ECHO)",1011.00
41027680,MD STRESS ECHO W/DEFINITY,2000.00
9299041,MD STRESS ECHOCARDIOGRAM (ECHO),1273.50
3179504,MD VENOUS U/S UNILATERAL,750.00
9299017,MD VENOUS ULTRASOUND BILATERAL,1100.00
978179,MEASLES MUMPS RUBELLA VACCINE,175.00
977655,MECLIZINE 25MG TAB,5.00
112516,MED/SURG OVERFLOW ROOM & CARE,300.00
100405,MEDICAL/SURGICAL H2,285.00
100406,MEDICAL/SURGICAL H2 P,300.00
100354,MEDICAL/SURGICAL NURSERY/NEWBORN LEVEL 1,145.00
100861,MEDICAL/SURGICAL-H1/ PRIVATE,300.00
100860,MEDICAL/SURGICAL-H1/ SEMI-PRIVATE,285.00
100960,MEDICAL/SURGICAL-H3/ PRIVATE,300.00
100958,MEDICAL/SURGICAL-H3/ PRIVATE DELUXE,310.00
100959,MEDICAL/SURGICAL-H3/ SEMI-PRIVATE,285.00
7413792,MEDIPORT CATH/HICKMAN,599.50
977657,MEDROXYPROGESTERONE A  150MG/ML,120.50
977658,MEGESTROL ACETATE  400MG/10ML SUSPENSION,22.00
977659,MEGESTROL ACETATE 40MG TAB,8.00
977660,MELOXICAM 7.5MG TAB,15.00
977661,MEMANTINE 5MG TAB,14.50
978355,MEMANTINE HCL 25MG/10ML,15.00
977662,MEPERIDINE HCL  50MG/ML,28.50
977663,MEPERIDINE HCL 50MG TAB,7.00
977666,MEROPENEM  1GRAM,258.50
41027530,"MESH 4.5"" CIRCLE LP (C R BARD DAVOL)",1154.00
41027520,MESH GOR-E-TEX SOFT TISSUE PATCH,488.50
2380632,MET BONE SURVEY,430.00
2040921,METANEPHRINES- TOTAL URINE,167.00
977669,METAXALONE 800MG TAB,8.50
977670,METFORMIN 500MG TAB,6.00
977671,METFORMIN 850MG TAB,7.00
977673,METHADONE HCL 10MG TAB,6.00
977674,METHIMAZOLE 5MG TAB,4.00
977675,METHOCARBAMOL 500MG TAB,5.00
977676,METHOCARBAMOL 750MG TAB,8.00
977678,METHOTREXATE 2.5MG TAB,2.00
977679,METHYLDOPA 250MG TAB,4.00
978110,METHYLENE BLUE 1% 100MG INJ,37.50
977680,METHYLERGONOVINE MALEATE  0.2MG/ML SDV,60.00
2043362,METHYLMALONIC ACID (SERUM),47.00
977685,METHYLPREDNISOLONE 4MG TAB,4.00
977681,METHYLPREDNISOLONE ACETATE 40MG/ML SDV,42.50
977684,METHYLPREDNISOLONE SUCCINATE 1000MG INJ,4.00
977687,METHYLSULFATE 1MG/ML,24.00
977689,METOCLOPRAMIDE HCL 5MG TAB,4.00
978414,METOCLOPRAMIDE HCL INJ 10MG,40.00
977692,METOLAZONE 2.5MG TAB,8.00
977693,METOLAZONE 5MG TAB,10.00
977694,METOPROLOL SUCCINATE 25MG TAB,6.00
977696,METOPROLOL TARTRATE  5MG/5ML,49.00
977697,METOPROLOL TARTRATE 50MG TAB,5.00
977699,METRONIDAZOLE  5MG/ML  PREMIX,97.50
977700,METRONIDAZOLE 250MG TAB,6.00
977698,METRONIDAZOLE 500MG TAB,7.00
977701,METRONIDAZOLE TOPICAL GEL 0.75%,310.00
978423,MICAFUNGIN,10.00
978424,MICAFUNGIN 50 MG SDV,500.00
977702,MICONAZOLE 2%,35.00
977703,MICONAZOLE VAG SUPP 200MG,40.50
1290527,MICROALBUMIN-RANDOM,53.50
2083905,MICROSOMAL ABS(THY/KID/LIV),75.00
978399,MIDAZOLAM 2 ML SDV,40.00
977705,MIDAZOLAM HCL SDV   5MG/5ML,70.00
977704,MIDAZOLAM HCL SDV  5MG/ML,70.00
4440762,MINOR ROOM LEVEL 1,772.50
4440763,MINOR ROOM LEVEL 2,1236.00
4440764,MINOR ROOM LEVEL 3,1724.50
561555,MINOR SURGERY 1/4 HR ADDITION,323.50
561548,MINOR SURGERY 1ST HOUR,1560.00
977709,MINOXIDIL 2.5MG TAB,4.00
977711,MIRTAZAPINE 15MG TAB,6.00
977712,MISOPROSTOL 100MCG TAB,2.00
977713,MITOMYCIN 20MG INJ,400.00
978422,MIVACURIUM CHLORIDE 5ML SDV,140.00
2075430,MMR ANTIBODIES MEASLES,23.50
2075448,MMR ANTIBODIES MUMPS,100.00
2075455,MMR ANTIBODIES RUBELLA,23.50
41027798,MOBILITY CURRENT STATUS,0.01
41027800,MOBILITY D/C STATUS,0.01
41027799,MOBILITY GOAL STATUS,0.01
4856605,MOBILIZATION-15 MIN,74.00
977714,MOMETASONE FUROATE  0.1%,110.00
977715,MOMETASONE FUROATE  50MCG/SPR,560.00
1082403,MONONUCLEOSIS TEST,31.50
977716,MONTELUKAST 10MG TAB,7.00
977718,MONTELUKAST 4MG CHEWABLE,26.00
977719,MONTELUKAST 4MG GRANULES,26.00
41027877,MOPATH PROCEDURE LEVEL 4,299.50
977724,MORPHINE  10MG/ML SDV,40.00
977723,MORPHINE  8MG/ML SDV,40.00
977725,MORPHINE PCA (PRES FREE) 1MG/ML 30MG,120.00
977721,MORPHINE SO4 5MG/10ML SDV,60.00
977726,MORPHINE SO4 CR 15MG TAB,6.00
977727,MORPHINE SO4 IR 15MG TAB,5.00
978202,MORPHINE SULFATE (DURAMORPH) 1MG/ML 1OML,30.00
978219,MORPHINE SULFATE ER TAB 30MG,3.00
978210,MORPHINE SULFATE ORAL SOL 20MG/ML,40.00
977734,MOXIFLOXACIN  1.6MG/ML  PREMIX  400MG,240.00
977733,MOXIFLOXACIN 400MG TAB,20.00
2390128,MRA HEAD W/O CONT,1780.50
2390151,MRA NECK W/O CONT,1780.50
2399814,MRI BRAIN W/WO CONTRAST,3442.00
2394534,MRI BRAIN/BRAIN STEM W CON,2700.00
2391522,MRI BRAIN/BRAIN STEM WO CON,2073.50
2399780,MRI CERVICAL W/WO CONTRAST,3649.50
2394500,MRI CERVICAL WITH CONTRAST,2863.00
2391597,MRI CERVICAL WO CON,2199.50
2390292,MRI JOINT LOW EXTREM W/WO CONT,2590.50
2394559,MRI JOINT LOWER EXTREM W/0 CONTRAST,2173.00
2390284,MRI JOINT LOWER EXTREM W/CONT,1745.00
2394542,MRI JOINT UPPER EXT W/O CONTRAST,2243.50
2390243,MRI JOINT UPPER EXTREM W/CONT,1745.00
2390276,MRI LOWER EXTREM W/CONT,1758.00
2390268,MRI LOWER EXTREM W/O,2084.50
2391548,MRI LOWER EXTREM W/WO CONTRAST,1624.00
2399806,MRI LUMBAR W/WO CONTRAST,3285.00
2394526,MRI LUMBAR WITH CONTRAST,2578.00
2391613,MRI LUMBAR WITHOUT CONTRAST,1979.50
2390110,MRI ORBITS/FACE/NECK W/WO CONT,2590.50
2390201,MRI PELVIS W/O CONT,1272.50
2390219,MRI PELVIS W/WO CONT,2122.50
2399798,MRI THORACIC W/WO CONTRAST,3016.50
2391605,MRI THORACIC WITHOUT CONTRAST,1818.50
2390227,MRI UPPER EXTREM W/O CONT,2152.50
2043727,MTHFR GENE,325.00
7121700,MULTIFIRE GIA LOADING UNIT,356.00
7121692,MULTIFIRE GIA STAPLER,588.00
41027614,MULTIPLE SLEEP LATENCY TEST,2750.00
977742,MULTIVITAMIN [THER] T,2.00
977739,MULTIVITAMIN ADULT,9.50
977743,MUPIROCIN 2% 2OMG/GM 440MG/22GM TUBE,80.00
4812624,MUS NER ELECT STIM,81.50
2098664,MYCOPHENOLIC ACID,200.00
2077691,MYCOPLASMA PNEUMONIAEIGM AB,75.00
2077279,MYOGLOBIN,99.00
1080563,MYOGLOBIN SERUM,99.00
2077056,MYOPATH PROCEDURE LEVEL 4,487.50
1498633,N GON DNA PROBE,128.00
2671147,NA IODIDE I 123 CAP 200 UCI -U,70.00
977745,NABUMETONE 750MG TAB,10.00
41027934,NACL 45% 1000ML W/ 20KCL,35.00
977746,NADOLOL 40MG TAB,6.00
977748,NALBUPHINE HCL   10MG/ML,40.50
978302,NALBUPHINE HCL INJ 20MG/1ML AMPULS,25.00
977749,NALOXONE HCL 0.4MG/ML 1ML VIAL SDV,45.00
977755,NAPROXEN 220MG TAB,4.00
977752,NAPROXEN 250MG TAB,6.00
977751,NAPROXEN 375MG TAB,10.00
977753,NAPROXEN 500MG TAB,11.00
2470300,NASAL BONES,246.00
1592104,NASAL SCREEN CULTURE,71.00
3916517,NB RESUSCITATION,156.00
2789998,NDL BX LIVER,707.00
2795128,NDL BX -LUNG/MEDIASTINUM,1500.00
9295098,NEB/MDI INITIAL TREATMENT,57.00
9295106,NEB/MDI SUBSEQUENT TREATMENT,57.00
977758,NEBIVOLOL 5MG TAB,12.00
2470771,NECK SOFT TISSUE;FB,67.50
7004526,NEEDLE  JAMSHIDI  DISP,57.00
3154127,NEEDLE BIOPSY-THYROID,781.00
8042236,NEEDLE TRU CUT  SPRING LOAD BX,136.50
7041221,NEEDLE VASTACK,14.50
977760,NEOMY/BACITRACIN/POLY,35.00
977761,NEOMYCIN SO4 500MG TAB,3.00
977759,NEOMYCIN/POLYMXIN/BACITRACIN  UNIT DOSE,4.00
977762,NEOMYCIN/POLYMYXIN /DEXAMETHASONE OPTHAL,200.00
977764,NEOMYCIN/POLYMYXIN/HC,140.00
977417,NEUPOGEN,4.25
4814059,NEURO-MUSCULAR RE-ED -15MIN,81.50
2083244,NEUTROTIN,160.00
978352,NICARDIPINE HCL 25MG/10ML,25.00
977767,NICOTINE 14MG PATCH,26.50
977766,NICOTINE 21MG PATCH,28.50
977769,NIFEDIPINE 10MG CAP,3.00
977768,NIFEDIPINE 20MG TAB,3.00
977770,NIFEDIPINE XL 30MG TAB,8.00
977774,NITROFURANTOIN MACROC 50MG TAB,4.00
977775,NITROFURANTOIN MONO M 100MG CAP,5.00
977781,NITROGLYCERIN  50MG/10ML,35.00
977779,NITROGLYCERIN .2MG PATCH,10.00
977780,NITROGLYCERIN .4MG PATCH,10.00
977783,NITROGLYCERIN .4MG SUB,4.00
977776,NITROGLYCERIN 2% 1 OINT APP 30GM,95.00
2678712,NM BONE SCAN,1304.50
2689800,NM BONE SCAN 3 PHASE,1929.00
2679512,NM GASTRIC EMPTYING,1087.50
2674059,NM GI BLEED SCAN,771.50
2678845,NM HIDA SCAN,1094.00
41027170,NM LTM BONE SCAN,602.00
2677532,NM LUNG VENT SCAN W/PERFUSION IMG,386.50
2679579,NM PARATHYROID SCAN,1583.00
2678811,NM PERFUSION LUNG SCAN,319.50
2678753,NM RENAL SCAN,561.50
2789790,NM RENAL SCAN WITH CAPTAPRIL,701.00
2679496,NM SENTINEAL NODE,1098.00
2679736,NM THYROID SCAN W/UPTAKE,941.00
977785,NOREPINEPHRINE BITAR   4MG/4ML,97.50
978409,NS 0.9% SODIUM CHLORIDE 10ML SYRINGE,5.00
1729672,NUCLEAR ANTIGEN ANIBODY,112.00
41027732,NUCLEAR CARDIAC STRESS TEST IMAGES,3500.00
2676054,NUCLEAR MEDICINE NEBULIZER,24.50
977787,"NYSTATIN   100,000 UNITS/GM",15.00
977788,"NYSTATIN   500,000UN/5ML",6.00
977789,NYSTATIN 1.5 POW,125.00
978384,"NYSTATIN CREAM 100,000 UNITS/GRAM",39.00
978123,NYSTATIN/TRIAMCINOLONE ACE CREAM 30MG,6.50
9299546,O2 DAILY,137.50
8787053,OB NON-STRESS,199.50
8787038,OB VAG DELIVERY TRACE CART,769.50
41027983,OBSERVATION DIRECT ADMIT,450.00
100407,OBSERVATION H2,15.00
100961,OBSERVATION H3,15.00
9704313,OBSERVATION ICU,15.00
325027,OBSERVATION L&D ADD'L HOU,11.50
325068,OBSERVATION L&D FIRST HOUR,11.50
978396,OCRELIZUMAB ,133.33
978405,OCTAGAM,350.00
977791,OCTREOTIDE ACETATE ,225.00
977793,OFLOXACIN  0.3%  OPTHALMIC,77.50
978427,OLANZAPINE (ZYPREXA) 10MG SDV,450.00
977796,OLANZAPINE 5MG TAB,16.50
977797,OLMESARTAN 20MG TAB,5.00
977799,OMALIZUMAB (XOLAIR),70.00
977800,OMEGA-3-ACID ETHYL 1000MG,6.00
977803,ONDANESTRON HCL 4MG/2ML SDV,40.00
976007,ONDANSETRON 1MG,15.00
977801,ONDANSETRON 4MG TAB,46.00
978393,ONDANSETRON 4MG TAB ORAL DISSOLVING,5.00
978340,OPDIVO,80.00
978341,OPDIVO  ,93.75
2309524,OPTIC FORAMINA BILATERAL,645.00
2374585,OR SPECIMEN,357.00
976008,ORENCIA 250MG INJ,3500.00
2085449,ORGANIC ACIDS URINE,397.00
978214,ORPHENADRINE CITRATE VIAL 60MG SDV,75.00
977804,OSELTAMIVIR 75MG CAP,12.50
978115,OSELTAMIVIR PHOS CAP 75MG,12.50
1088129,OSMOLALITY-SERUM,51.50
1080183,OSMOLALITY-URINE,73.00
41027812,OTHER PT/OT PRIMARY CURRENT STATUS,0.01
41027814,OTHER PT/OT PRIMARY D/C STATUS,0.01
41027813,OTHER PT/OT PRIMARY GOAL STATUS,0.01
4440798,OUTPATIENT SERVICE FEE,61.00
977805,OXALIPLATIN 5MG/ML (100MG/20ML) SDV,600.00
977806,OXALIPLATIN 5MG/ML (50MG/10ML)SDV,300.00
2044238,OXCARBAZEPINE (TRILEPTAL),160.00
978285,OXCARBAZEPINE(TRILEPTAL)300MG TABLET,3.00
977808,OXYBUTYNIN CL 5MG TAB,4.00
977809,OXYBUTYNIN CL XL 5MG TAB,9.00
978282,OXYCODONE HCL 15MG,5.00
977813,OXYCODONE HCL 5MG TAB,7.00
977811,OXYCODONE HCL SA 20MG TAB,9.00
977812,OXYCODONE SA 10MG TAB,6.00
7071517,OXYHOOD,27.50
977814,OXYMETAZOLINE  0.05%,5.50
977815,OXYTOCIN  10UNITS/ML,40.00
4856571,P T EVALUATION,194.00
1287507,P T T,63.00
2044014,P-1GG,105.50
977817,PACLITAXEL ,37.00
976005,PACLITAXEL 1MG (TAXOL),3.00
7002553,PAD HYPO-HYPERTHERMIA,135.50
977818,PALONOSETRON(ALOXI).25MG/5ML .05/ML SDV,90.00
977821,PANCRELIPASE DR  4200/17500/10000,5.50
977826,PANTOPRAZOLE 40MG INJ,84.50
977825,PANTOPRAZOLE 40MG TAB,7.00
3154150,PARACENTESIS- NEEDLE PLACE INIT,476.00
3154309,PARACENTESIS TRAY,131.50
4812426,PARAFFIN BATH,58.00
1498914,PARASITE CONCENTRATION,65.00
1690130,PARATHYROID INTACT (IRMA),198.00
977827,PAROXETINE 20MG TAB,15.00
9298159,PEAK FLOW METER,106.50
9298167,PEAK FLOWMETER MEASUREMENT,110.00
977829,PEGFILGRASTIM 6MG SDV,15000.00
978416,PEGFILGRASTIM ONPRO KIT 6MG,15000.00
3435179,PELVIC ULTRASOUND,383.50
4812475,PELVIC/ LUMBAR TRACTION,88.50
2372209,PELVIS AP AND/OR LAT,186.50
978375,PEMBROLIZUMAB ,186.00
977831,PEMETREXED (ALIMTA) ,165.00
977833,PENICILLIN G BENZATHI   1.2MU/2ML,200.00
977832,"PENICILLIN G BENZATHI  600,000UNITS/ML",150.00
977836,PENICILLIN V K 500MG TAB,3.00
977837,PENTOXIFYLLINE ER 400MG TAB,5.00
41027674,PERICARDIOCENTESIS/ICU,694.00
977838,PERPHENAZINE 2MG TAB,6.00
977839,PETROLATUM 41% 50GM,22.00
977842,PHENAZOPYRIDINE HCL 100MG TAB,7.00
977845,PHENOBARB/BELLADONNA 16.2MG TAB,5.00
977843,PHENOBARB/BELLADONNA ELIX 5ML,60.00
1073980,PHENOBARBITAL,90.50
978425,PHENOBARBITAL 32.4 MG TAB,4.00
977851,PHENYLEPHRINE 0.5% 1 SPRAY,20.00
977852,PHENYTOIN NA 100MG/2ML,30.00
977853,PHENYTOIN NA EXT D 100MG CAP,4.00
977854,PHENYTOIN SOD 250MG/5ML INJ,75.00
978114,PHENYTOIN UDL 100MG,4.00
6274112,PHLEBOTOMY/ THERAPEUTIC,300.00
4814034,PHONOPHORESIS -15MIN,78.50
1087022,PHOSPHORUS-SERUM,24.50
977856,PHYTONADIONE  1MG/0.5ML SINGLE DOSE AMP,15.00
977858,PHYTONADIONE 10MG/ML SDV,150.00
2373736,PICC INSERTION,2000.00
977859,PIOGLITAZONE 15MG TAB,7.00
977861,PIPERACILLIN/TAZOBACTAM 3.375GM SDV,60.00
977862,PIPERACILLIN/TAZOBACTAM 4.50GM,80.00
978088,Pipericillin/Tazobactam 2/0.25,100.00
325092,PITOCIN STRESS TEST,205.50
2063402,PKU FIRST STATE,49.00
41027666,PLASMA CATECHOLAMINES,153.50
4441788,PLASMA KINETIC CUTTING FORCEPS,757.50
4441770,PLASMA KINETIC NEEDLE ELEC,517.50
41027667,PLASMA METANEPHRINES,167.00
41027648,PLASMA RENIN,145.50
6283832,PLATELET- SD PACK,695.00
1288083,PLATELETS COUNT,47.00
4404059,PLEUR-EVAC SINGLE,450.50
978316,PNEUMOCOCCAL 23 VACCINE SYRINGE,350.00
41027783,PNEUMONIA VACCINE ADMINISTRATION,65.00
977866,POLYETHYLENE GLY UD 17GM PKT,10.00
978417,POTASSIUM CHLORIDE 10% ORAL SOLUTION,2.00
977870,POTASSIUM CHLORIDE ERT 10MEQ TAB,4.00
977869,POTASSIUM CHLORIDE ERT 8MEQ TAB,4.00
977872,POTASSIUM EF ORANGE 25MEQ TAB,4.00
977871,POTASSIUM ER 20MEQ TAB,4.00
977873,POTASSIUM PHOSPHATE 1 TAB EA,2.00
1087063,POTASSIUM-SERUM,29.50
1080209,POTASSIUM-URINE,41.50
977874,PRAMIPEXOLE .25MG TAB,18.00
977875,PRASUGREL 10MG TAB,35.00
8895476,PRE/POST SPIROMETRY,418.00
2075588,PREALBUMIN,62.00
977877,PREDNISOLONE   15MG/5ML SDV,160.00
977876,PREDNISOLONE 15MG/5ML 60MG/20ML SDV,160.00
977878,PREDNISOLONE ACETATE OPTHALMIC 1%,75.00
977880,PREDNISONE 10MG TAB,4.50
977882,PREDNISONE 1MG TAB,4.00
977881,PREDNISONE 20MG TAB,9.00
977879,PREDNISONE 5MG TAB,2.25
977883,PREGABALIN 100MG CAP,18.00
977884,PREGABALIN 25MG CAP,15.00
977885,PREGABALIN 50MG CAP,15.00
41027618,PREGNENOLONE,122.00
977886,PRENATAL VITAMIN 1 CAP,4.00
6284251,PRESTORAGE LEUKO DEPL PRC,243.00
41027780,PRIMIDONE,125.00
977887,PRIMIDONE 50MG TAB,5.00
978336,PROAMATINE 2.5 MG TAB,4.00
978299,PROCALAMINE (AMINO ACID GLYCERINE INJ),30.00
977888,PROCHLORPERAZINE  10MG/2ML,42.50
977889,PROCHLORPERAZINE MALEATE 5MG TAB,6.00
977363,PROCRIT NON-ESRD,75.00
977366,PROCRITUNITS NON-ESRD,75.00
2041077,PROGESTERONE,81.50
41027781,PROHANCE MRI CONTRAST 1OML,140.00
1690122,PROLACTIN,208.50
4441796,PROLASPE HEMMORRHOID KIT,912.50
977894,PROMETHAZINE HCL,13.50
977898,PROMETHAZINE HCL  6.25MG/5ML,38.50
977897,PROMETHAZINE HCL 25MG/ML SDV,38.50
977896,PROMETHAZINE HCL 50MG/ML INJ SDV,38.50
977899,PROMETHAZINE/CODEINE  6.25MG/ 10MG/10ML,6.00
977901,PROPOFOL 1%  10MG/ML  20ML 200MG INJ MDV,10.00
977902,PROPOFOL 1% 10MG/ML 100ML 1000MG INJSDV,165.00
977906,PROPRANOLOL HCL,8.00
978279,PRO-STAT SUGAR FREE AMINO ACID/PROTIEN H,7.00
4421418,PROTACK,496.50
978324,PROTAMINE S04 250MG/25ML,24.50
2080984,PROTEIN C QUANT,137.00
1689785,PROTEIN ELECTRO (URINE),91.00
1086909,PROTEIN FLUID,45.50
2042208,PROTEIN S,85.50
1187335,PROTEIN/TOTAL/SERUM,70.00
1080084,PROTEIN-URINE,35.50
2084366,PROTHROMBIN ANTIBODIES,181.00
1287093,PROTHROMBIN TIME,53.50
1678093,PSA SCREEN,93.50
9704329,PSA TOTAL,93.50
977911,PSEUDOEPHEDRINE HCL,3.00
977912,PSYLLIUM,4.00
977913,PSYLLIUM PACKET,4.00
41027944,PT EVAL HIGH COMPLEXITY,248.00
41027942,PT EVAL LOW COMPLEXITY,194.00
41027943,PT EVAL MODERATE COMPLEXITY,214.00
41027945,PT RE-EVALUATION,105.00
2080596,PTH-RELATED HORMONE,160.00
9299512,PULSE OXIMETER READING,64.00
8879785,PULSE OXIMETRY DAILY,75.00
41027199,"PURE TONE, AIR ONLY",36.50
978251,PYRIDOXINE 25MG TAB,2.00
1676048,QUALITATIVE HCG,72.00
2082346,QUANTIFERON,202.00
977916,QUETIAPINE,35.00
978256,RABIES IG IM/SC,970.00
978264,RABIES IMMUNE GLOBULIN ,800.00
977919,RABIES VACCINE,800.00
977920,RACEMIC EPINEPHRINE 2.25% INH SOLN,10.00
977921,RALOXIFENE,25.00
978344,RALTEGRAVIR,45.00
977925,RANITIDINE HCL 150MG TAB,10.00
977924,RANITIDINE HCL 150MG/10ML SDV,120.00
977927,RANOLAZINE ER,20.00
1190173,RAPAMYCIN,186.50
2041135,RBC FOLATE,27.50
481747,RECOVERY 0 TO 1.5 HOURS,602.00
481879,RECOVERY EACH ADDITIONAL 1/2HR,240.50
8088023,RECOVERY ICU 1/2 HR ADDITIONAL,240.50
8088015,RECOVERY ICU 1ST HOUR,602.00
600007,RECOVERY ROOM 1ST HOUR,713.00
669002,RECOVERY ROOM ADD 1/2 HOUR,286.00
977688,REGLAN 10MG/2ML SDV,30.00
1013549,RENAL FUNCTION PANEL,179.00
41027574,RESPIRATORY CULTURE,111.50
1288075,"RETICULOCYTE, MANUAL",59.00
2063014,R-F QUANTITATIVE,50.00
6284129,RH TYPE,39.50
6234090,RHOGAM,177.00
41027772,RIA NON ANTIBODY,160.00
41027948,RIBS UNILATERAL LEFT,300.00
2471506,RIBS UNILATERAL RIGHT,300.00
978154,RIFAXIMIN 200MG TAB,45.00
977930,RISPERIDONE 0.5MG TAB,2.50
977931,RISPERIDONE 1MG TAB,2.50
977932,RISPERIDONE 3MG TAB,9.00
977934,RITUXIMAB ,2200.00
978246,RIVAROBAXIN (XARELTO) 10MG TAB,34.00
977936,RIVASTIGMINE,29.50
977938,RIZATRIPTAN BENZOATE,6.00
977939,ROCURONIUM BROMIDE  10MG/ML,40.00
977940,ROCURONIUM BROMIDE  50MG/5ML,30.00
978143,ROFLUMILAST (DALIRESP) 500MCG TAB,25.00
977941,ROPINIROLE,5.50
978356,ROPINIROLE 5MG/1TAB,5.00
977942,ROPINIROLE HCL,14.00
978328,ROPIVACAINE 0.2% 200MG/100ML SDV,1.00
978320,ROPIVACAINE HCL,33.60
978326,ROPIVACAINE HCL 1% 100MG/10ML SDV,1.00
978331,ROPIVACCAINE HCL 0.5%  100MG/20ML SDV,1.00
1599067,ROTOVIRUS,126.00
8787061,ROUTINE SUTURE - OB,52.50
1082460,RSV NASAL SMEAR AG,62.00
2042430,RUBELLA-IGM,60.00
2372266,SACROILIAC JOINTS,131.50
2372282,SACRUM & COCCYX,272.00
7041353,SALEM SUMP TUBE ALL SIZES,73.00
1087584,SALICYLATE,111.00
977946,SALINE 0.65% NASAL SPRAY/DROPS,12.00
41027950,SCAPULA LEFT,300.00
2372555,SCAPULA RIGHT,300.00
1729706,SCL-70 ANTIBODY,148.00
2372456,SCOLIOSIS SURVEY,384.50
977950,SCOPOLAMINE (BASE),65.00
1288109,SED RATE-WESTERGREN,36.50
1290238,SEMEN MOTILITY AND COUNT,71.00
978174,SENNOSIDES TAB 8.6MG,3.00
977951,SERTRALINE HCL,8.00
41027731,SESTAMIBI PER SYRINGE,440.00
41027619,SEX HORMONE BINDING GLOBULIN,104.00
41027951,SHOULDER 1-VIEW LEFT,175.00
2477586,SHOULDER 1-VIEW RIGHT,175.00
2309573,SHOULDER BILATERAL,400.00
41027952,SHOULDER LEFT,250.00
2372605,SHOULDER RIGHT,250.00
41027984,SHUNNTOGRAM (IMAGES ONLY),500.00
1287705,SICKLE CELL PREP,76.00
977953,SILVER SULFADIAZINE  1%,40.50
977955,SIMETHICONE,4.00
977956,SIMETHICONE DROPS  20MG/0.3ML,24.00
977959,SIMVASTATIN,24.00
2476323,SINUS SURVEY < 3 VIEWS,124.00
2379360,SINUSES COMPLETE,249.00
977960,SITAGLIPTIN,25.00
2059756,SJOGRENS ANTIBODIES,148.00
7004161,SKIN MARKER,14.50
2370609,SKULL 1 TO 3 VIEWS,214.50
41027610,SLEEP STUDY,2750.00
2998562,SLEEP STUDY HOME/UNATTENDED,700.00
1729680,SM ANTIBODY,97.00
2373413,SMALL BOWEL,483.00
1498617,SMEAR,24.50
41027617,SMOKING CESSATION 3 - 10 MINUTES,26.00
977964,SMX 800MG / TMP 160MG,10.00
977965,SOD BICARB,2.00
977969,SODIUM BICARBONATE  8.4%  ABBOJECT  50ME,30.00
977968,SODIUM BICARBONATE 4.2%  ABBOJECT   5MEQ,30.00
977970,SODIUM BICARBONATE INJ  8.4%    1MEQ/ML,6.00
978287,SODIUM CHLORIDE .45% W/ 20MEQ KCL IV BAG,10.00
978109,SODIUM CHLORIDE 0.9%/20ML,2.50
978252,SODIUM CHLORIDE 3% (HYPERTONIC) 500ML,20.00
7016561,SODIUM CHLORIDE INJECTION,61.00
977971,SODIUM CITRATE/CITRIC ACID  1.5/1GM/15ML,5.00
977976,SODIUM POLYSTYRENE SULFONATE   15GM,26.00
1087246,SODIUM-SERUM,24.50
1080217,SODIUM-URINE,68.50
977977,SOLIFENACIN,2.50
978438,SOLIRIS ,850.00
2098580,SOLUABLE TRANSFERRIN RECEPTOR,250.00
977683,SOLUMEDROL 125MG/2ML SDV,60.00
977682,SOLUMEDROL 40MG/ML SDV,40.00
2059749,SOMATOMEDIN-C/ RIA,106.00
978097,SOTALOL HCL,14.00
1889484,SPECIFIC GRAVITY,29.00
4302881,SPINAL/EPIDURAL NEEDLE,49.00
8782864,SPIRAL ELECTRODES/LEG PLATE,36.50
8895468,SPIROMETRY/PFT,218.00
977978,SPIRONOLACTONE,5.00
7041429,SPLINT ARM  LONG / SHORT,128.00
7007925,SPLINT FINGER TOAD LG,25.50
7007933,SPLINT WRIST/FOREARM L/R,125.00
4322343,SPONGE LAP 18X18,31.50
41027534,SPOT ENDOSCOPIC MARKER 5CC SYRINGE,51.50
9295387,SPUTUM INDUCED,34.00
1729748,SS-A ANTIBODY,96.00
977153,STADOL 2MG/ML INJ SDV,48.50
41027124,STAPLER - ECHELON 60 ENDOPATH,739.00
7002918,STAPLER 12W SKIN DISP,53.50
41027125,STAPLER RELOAD - ECHELON 60 ENDOPATH,402.00
9298225,STERILE H2 O,61.00
2371706,STERNUM,196.50
4402558,STOCKINETTE/FT ALL SIZES,11.00
1498682,STOOL CULTURE,135.50
1474584,STREP A AG EIA,78.50
41027976,STREP A NDA AMP PROBE,130.00
3135159,STRESS TEST (GXT),853.50
41027733,STRESS TEST (TMILL OR PHARMA),853.50
4440244,SUBCLAVIAN LINE INSERT TRAY,360.00
977980,SUCCINYLCHOLINE CL  20MG/ML,40.00
977981,SUCRALFATE,6.00
977982,SUCRALFATE   1GM/10ML,16.00
977983,SUFENTANIL CITRATE  50MCG/ML,16.00
978298,SUFENTANIL CITRATE INJ 100MCG/2ML AMPUL,30.00
978432,SUGAMMADEX 200MG SDV,450.00
977984,SULFACETAMIDE NA OPTHALMIC 10%,75.00
977961,SULFAMETHOXAZOLE/TRIMETHOPRIM 5ML MDB,4.00
977988,SUMATRIPTAN,115.00
977987,SUMATRIPTAN SUCCINATE  6MG/0.5ML,188.50
978098,SUMITRIPTAN SUCCINATE,135.00
7114820,SURGI CLIP PREMIUM 9.0,394.00
7499114,SURGI PORT TORCAR 12MM,392.00
7499411,SURGI PRO MESH,452.50
7041494,SURGICEL ALL SIZES,64.00
7121825,SURGI-NEEDLE 150MM,145.50
1498658,SUSCEPTIBILITIES,59.00
4440582,SUTURE CONTROL RELEASE,51.00
7419021,SUTURE GORTEX CV-5,79.50
4440780,SUTURE STERILE SUPPLY,45.00
4440608,SUTURE SURGIDAC,37.50
2085256,SYOHILIS TEST NON-TRP QUAL,23.50
41027915,SYPHILIS TEST NON TREP QUANT,52.00
7041536,SYRINGE ECCENTRIC  TIP,26.50
2074763,T S I,114.00
2277086,T3 REVERSE,139.50
1690148,T3 TOTAL (RIA),77.50
1678002,T3 UPTAKE,71.00
1678010,T-4 TOTAL,71.00
7126063,TA 60 STAPLER,539.00
41027588,TACROLIMUS COLLECTION FEE,21.00
978317,TAMOXIFEN CITRATE 20MG/1TAB,1.25
977991,TAMSULOSIN HCL,20.00
2671006,TC 99M,23.50
2679629,TC 99M SESTAMIBI PER SYRINGE,150.50
2671055,TC MAA UP TO 10MCI,27.50
2671063,TC MDP (MEDRONATE),27.50
2671089,TC-99M MEBROFENIN 5MCI,234.00
2671329,TC-99M PENTETATE 35MCI,27.50
2671048,TC-SULFUR COLLOID/FILTER UP TO 20MCI,290.00
41027179,TDAP VACCINE ADULT,145.00
2671014,TECH 99M MERTIATIDE 10 MCI,331.50
8040339,TEGADERM 2X3,2.50
4402194,TEGADERM 4X4.75,4.50
7303670,TEGADERM 6 X 8,41.50
7303688,TEGRADERM 8 X 12,68.50
1083849,TEGRETOL (CARBAMAZEPINE),166.00
5881909,TELEMETRY,92.50
977992,TELMISARTAN,20.00
977994,TEMAZEPAM,4.00
977995,TENECTEPLASE,372.00
977997,TERAZOSIN HCL,10.00
977998,TERBINAFINE HCL,58.00
977999,TERBUTALINE SO4,5.00
978000,TERBUTALINE SO4  1MG/ML,59.00
978002,TERCONAZOLE 0.4%,200.00
978001,TERCONAZOLE 0.4% VAGINAL SUPPOSITORIES,116.00
3134897,TESTICULAR ULTRASOUND,298.00
978004,TESTOSTERONE CYPIONATE   200MG/ML,200.00
2080083,TESTOSTERONE TOTAL,123.00
978005,TETANUS IMMUNE GL,400.00
978007,TETANUS TOX/DIPTHERIA TOX,100.00
978008,TETANUSTOX/DIPHTHERIA TOX/PERTUSSIS VACC,182.00
978009,TETRACAINE HCL OPTHALMIC 0.5%,48.00
1074996,THEOPHYLLINE,92.50
978353,THEOPHYLLINE ER 24HR 200MG TAB,5.00
7131725,THER/PROPH/DIAG IV ADD HOUR/OP,85.50
7120199,"THER/PROPH/DIAG IV INF, FIRST HOUR/OP",128.00
4812525,THERAPEUTIC ACTIVITIES 15 MIN,80.50
4912523,THERAPEUTIC EXERCISE -15MIN,68.50
7120157,THERAPEUTIC INJ,87.00
4814067,THERAPEUTIC PROCEDURES/GRP,65.00
978016,THIAMINE,4.00
978017,THIAMINE HCL 200MG/2ML SDV,80.00
7131528,THORACENTESIS FOR ASPIRATION,739.50
3135225,THORACENTESIS WITH ULTRASOUND,356.00
2380889,THORACIC SPINE - 4 VIEW,582.00
2472116,THORACIC SPINE 2 VIEW,153.00
2379352,THORACIC SPINE 3 VIEWS,157.50
2395275,THORACO LUMBAR AP/LAT,319.50
1281583,THROMBIN TIME,58.00
2042059,THYROGLOBULIN,77.00
3135357,THYROID ULTRASOUND,219.00
978225,TICAGRELOR 90MG TAB,6.00
978024,TIMOLOL MALEATE OPTHALMIC 0.25%   3.4MG/,70.00
978329,TIOTROPIUM BROMIDE,5.00
978169,TIOTROPIUM BROMIDE INHALER,128.00
978025,TIZANIDINE,26.00
2380756,TMJ'S,184.00
1079995,TOBRAMYCIN,169.00
978026,TOBRAMYCIN SO4,51.00
2371649,TOE 1ST DIGIT LEFT,200.00
2371698,TOE 1ST DIGIT RIGHT,200.00
2371656,TOE 2ND DIGIT LEFT,200.00
2371672,TOE 4TH DIGIT LEFT,200.00
2371730,TOE 4TH DIGIT RIGHT,200.00
2371680,TOE 5TH DIGIT LEFT,200.00
2371748,TOE 5TH DIGIT RIGHT,200.00
978031,TOPIRAMATE,24.00
2044253,TOPIRAMATE RED 1 ML,48.00
978033,TORSEMIDE,5.00
1086131,TOTAL BILIRUBIN,24.50
978239,TPN FORMULA I PER BAG,234.00
978034,TRAMADOL,5.00
7120249,TRANS BLOOD PRODUCTS 0-4 HOUR/ OP,467.00
1087477,TRANSAMINASE SGOT,24.50
1088236,TRANSAMINASE-SGPT,24.50
1790724,TRANSFERRIN,131.50
978404,TRASTUZUMAB (HERCEPTIN) ,300.00
976004,TRASTUZUMAB (HERCEPTIN) 10MG,300.00
978036,TRAVOPROST OPTHALMIC 0.004%,420.00
7041890,TRAY ARTERIOGRAM,132.50
7003205,TRAY CATH URETH 14FR,75.00
8041220,TRAY EPIDURAL,169.00
4440665,TRAY LOCAL ANEST.,67.50
7003270,TRAY LUMBAR PUNC 18X3-1/2,191.00
7003296,TRAY PARACERV/PUDENTAL BLOCK,165.00
2380814,TRAY SALPINGOGRAM,39.50
978037,TRAZODONE HCL,4.00
978041,TRIAMCINOLONE ACE  40MG/ML,54.50
978038,TRIAMCINOLONE ACETONIDE 0.1%,64.00
978043,TRIAMTERENCE/HCTZ  37.5MG/25MG,4.00
1498898,TRICHROME STAIN,155.00
1088244,TRIGLYCERIDE,29.00
978206,TRIPTORELIN PAMOATE,500.00
978047,TROMETHAMINE  60MG/2ML,5.00
977580,TROMETHAMINE 10MG TAB,6.00
1087683,TROPONIN- QUANT,89.50
41027913,TRYPTASE,106.50
1679380,TSH,92.50
7050925,TUBE ENDOTRACH UNCUFFED 3.0MM,21.00
978178,TUBERCULIN PPD,34.00
41027864,U/S AAA SCREENING,495.00
3170511,U/S ABD LIMITED,405.00
3135274,U/S ABDOMINAL SCAN COMPLETE,668.50
2479160,U/S BREAST,341.00
41027573,U/S BREAST BIOPSY VACUUM ASST,1264.00
3150521,U/S BREAST NEEDLE LOC,247.00
3135191,U/S EXT NON-VASCULAR,244.00
41027138,U/S GUIDANCE FOR VASCULAR ACCESS,278.50
3135217,U/S GUIDE FOR PARACENTESIS,356.00
8787046,U/S OB,290.00
3134871,U/S VENOUS DOPPLER BILATERAL,1100.00
3135613,U/S VENOUS DOPPLER UNILATERAL,750.00
3132736,ULTRA SOUND AORTA,480.50
3132735,ULTRA SOUND RENAL,480.50
3132594,ULTRASOUND CHEST,244.00
3132545,ULTRASOUND SOFT TISSUE,216.50
4812368,ULTRASOUND-PER AREA-15 MIN,96.50
1089143,UREA CLEARANCE - URINE,80.50
1086941,URIC AC SYNOVIAL FL,28.50
1087469,URIC ACID-SERUM,24.50
4402236,URIMETER W/BAG,54.50
1989524,URINALYSIS W/O MICROSCOPIC,47.00
1889344,URINALYSIS WITH MICROSCOPIC,70.00
4440855,URINALYSIS/ OP,39.50
2041234,URINARY CALCULUS (STONES),111.00
8041311,URINARY DRAINAGE BAG,25.50
7041809,URINE COLLECTION BAG PEDS.,10.00
1498666,URINE CULTURE,68.50
1089721,URINE DRUG SCREEN,115.50
41027819,URINE MICROSCOPIC ONLY,45.00
41027796,URINE PH,47.00
7007537,URINOMETER,89.50
3150885,US GUIDED NEEDLE BIOPSY,356.00
3151248,US OB TRANSVAGINAL,224.50
3151214,US OB<14WKS SINGLE FETUS,410.00
3134913,US TRANSVAGINAL NON-OB,394.00
41027937,US URINE CAPACITY MEASURE,200.00
4338794,USE OF BRONCHOSCOPE FLEXIBLE,78.50
4440400,USE OF COLONOSCOPE,137.50
4374328,USE OF ESOPHAGOSCOPE,78.50
3916525,USE OF INFANT WARMER,66.50
4404257,USE OF LAPAROSCOPE,78.50
4370771,USE OF LARYNGOSCOPE,24.50
4440814,USE OF LMA,71.00
5120209,USE OF NEOPROBE,1391.50
4383808,USE OF SIGMOIDOSCOPE,77.50
7418924,USE OF VENODYNE BOOT,300.00
4386389,USE OF VIDEO EQUIPMENT,297.00
978049,VALACYCLOVIR HCL,38.00
978051,VALPROIC ACID,5.00
978053,VALSARTAN,6.00
1088830,VANCOMYCIN,166.00
978054,VANCOMYCIN HCL 1GM SDV,101.00
978055,VANCOMYCIN HCL 500MG SDV,57.00
2079747,VARICELLA ZOSTER IGG,54.00
4476420,VARIES NEEDLE/STERILE SUPPLY,65.00
1689710,VDRL OR RPR,63.00
978429,VENDOLIZUMAB ,50.00
978059,VENLAFAXINE ERC,24.00
977566,VENOFER 100MG/5ML SDV,350.00
9295254,VENTI MASK,18.00
9296146,VENTILATOR DAILY SUBSEQUENT,290.00
9296245,VENTILATOR INITIAL DAY,290.00
4440822,VENUS ACCESS FLUSH,23.50
978061,VERAPAMIL HCL,10.00
978060,VERAPAMIL HCL  5MG/2ML,12.00
978064,VERAPAMIL HCL SR,9.00
7385255,VESSEL LOOPS,18.00
978066,VINCRISTINE SO4   1MG/ML SDV,75.00
2080141,VIRUS INOCULATION TISSUE,125.00
2042463,VITAMIN A,149.50
41027661,VITAMIN B,140.50
978067,VITAMIN B 100 COMPLEX,1.00
1679364,VITAMIN B12,113.00
2040485,VITAMIN B2 (RIBOFLAVIN),188.50
2040484,VITAMIN C,171.00
2041275,VITAMIN D,142.00
2041283,VITAMIN D3 (1.25 DIHYDROXY),184.00
41027727,VITAMIN E,95.00
2075224,VITMAIN B6,68.50
2041291,VMA,114.00
2378578,VOIDING CYSTOURETHROGRAM,290.00
978071,WarFARIN NA,8.00
1288042,WBC,24.00
1498724,WET PREP AND INDIA INK,49.00
4812509,WHIRLPOOL BATH,139.00
4814133,WORK HARDENING - INITIAL 2 HRS,200.50
4814141,WORK HARDENING-ADDITIONAL HR,99.00
7071533,WOUND RETRACTOR,286.00
41027958,WRIST 2-VIEWS LEFT,175.00
2472850,WRIST 2-VIEWS RIGHT,175.00
41027959,WRIST 3-VIEWS LEFT,250.00
41027960,WRIST 3-VIEWS RIGHT,250.00
6284202,XM COOMBS,98.00
6284186,XM IMMEDIATE SPIN,98.00
41027990,X-RAY ABDOMEN 1 VIEW,180.00
41027991,X-RAY ABDOMEN 2 VIEWS,270.00
41027992,X-RAY ABDOMEN 3 OR MORE VIEWS,360.00
41027986,X-RAY CHEST 1 VIEW,185.00
41027987,X-RAY CHEST 2 VIEWS,275.00
41027989,X-RAY CHEST 4 OR MORE VIEWS,455.00
9297813,XYLOCAINE 4%,5.00
1290030,ZAP 70 FLOW CYTOMETRY,215.00
978084,ZINC OXIDE 16%,4.00
41027046,ZINC PLASMA,58.00
978078,ZINC SULFATE,2.00
978079,ZIPRASIDONE,42.00
978081,ZOLEDRONIC ACID ,700.00
978082,ZOLEDRONIC ACID  5MG/100ML (RECLAST)MDV,700.00
41027655,ZONISAMIDE (ZONEGRAN),160.00
978309,ZYVOX 600MG/300ML,167.00
