Procedure Name, Procedure Price  
HC R&B PRIVATE MED/SURG,"$1,500.00 "
HC R&B SEMI PRIVATE MED/SURG,"$1,200.00 "
HC R&B SEMI PRIVATE TELEMETRY,"$1,400.00 "
HC R&B SEMI PRIVATE REHAB,"$1,500.00 "
HC R&B ICU,"$3,500.00 "
HC R&B PRIVATE TELEMETRY,"$1,700.00 "
"HC IV INFU, HYDRATION, 31-60 MIN",$541.20 
"HC IV INFU, HYDRATION, EA ADD HOUR",$204.97 
"HC IV INFU, THERAP/PROPH/DIAGN, INIT, 1ST HR",$868.00 
"HC IV INFU, THERAP/PROPH/DIAGN, INIT, EA ADD HR",$222.92 
"HC IV INFU, THERAP/PROPH/DIAGN, ADD INF, 1ST HR",$300.00 
"HC IV INFU, THERAP/PROPH/DIAGN,CONCURRENT INF",$242.00 
"HC COLLECTION VENOUS BLOOD,VENIPUNCTURE",$34.66 
HC COLLECTION CAPILLARY BLOOD SPECIMEN,$30.00 
HC CNS DNA/RNA AMP PROBE MULTIPLE SUBTYPES 12-25,"$2,500.01 "
HC BASIC METABOLIC PANEL CALCIUM TOTAL,$329.50 
HC ELECTROLYTE PANEL,$297.50 
"HC METABOLIC PANEL,COMPREHENSIVE",$492.00 
HC LIPID PANEL,$303.50 
HC RENAL FUNCTION PANEL,$445.50 
"HC HEPATITIS PANEL,ACUTE",$347.70 
HC HEPATIC FUNCTION PANEL,$462.50 
HC ASSAY OF NORTIPTYLINE,$184.40 
HC ASSAY OF CARBAMAZEPINE TOTAL,$259.00 
HC ASSAY OF CYCLOSPORINE,$114.00 
HC ASSAY OF IMIPRAMINE,$210.78 
HC ASSAY OF DIGOXIN,$234.50 
"HC ASSAY OF VALPROIC ACID, TOTAL",$233.60 
HC ASSAY OF GENTAMICIN,$280.50 
HC ASSAY OF HALOPERIDOL,$198.40 
HC OXYCODONE SCREENING,$95.00 
HC DRUG SCREEN QUANTITATIVE LAMOTRIGINE,$180.40 
HC DRUG SCREEN QUANTITATIVE LEVETIRACETAM,$207.50 
HC ASSAY OF LITHIUM,$140.00 
HC ASSAY OF PHENOBARBITAL,$216.50 
"HC ASSAY OF PHENYTOIN, TOTAL",$243.00 
"HC ASSAY OF PHENYTOIN, FREE",$157.00 
HC ASSAY OF PRIMIDONE,$193.00 
HC ASSAY OF ACETAMINOPHEN,$256.00 
HC ASSAY OF TACROLIMUS,$120.00 
HC ASSAY OF THEOPHYLLINE,$232.00 
HC ASSAY OF TOBRAMYCIN,$258.00 
HC ASSAY OF TOPIRAMATE,$88.00 
HC ASSAY OF VANCOMYCIN,$261.50 
"HC QUANTITATIVE ASSAY, DRUG",$88.00 
HC UNLISTED MOLELCULAR PATHOLOGY PROCEDURE,$400.00 
HC ASSAY OF SALICYLATE,$220.50 
HC KETONE BODIES SERUM QUALITATIVE,$113.00 
HC KETONE BODIES SERUM QUANTITATIVE,$130.85 
HC ASSAY OF ACTH,$360.14 
HC ASSAY OF SERUM ALBUMIN,$80.33 
HC ASSAY OF URINE ALBUMIN,$80.33 
"HC MICROALBUMIN, QUANTITATIVE",$135.96 
HC ASSAY OF ETHANOL,$187.16 
HC ASSAY OF ALDOLASE,$66.10 
HC ASSAY OF ALDOSTERONE,$371.92 
"HC ALPHA-1-ANTITRYPSIN, TOTAL",$167.00 
"HC ALPHA-FETOPROTEIN, SERUM",$197.49 
"HC AMINO ACIDS, 6+ QUANT",$79.00 
HC ASSAY OF AMMONIA,$215.00 
HC ASSAY OF AMYLASE,$170.50 
HC ASSAY OF ANDROSTENEDIONE,$202.50 
HC ANGIOTENSIN I ENZYME TEST,$207.93 
HC ASSAY OF APOLIPOPROTEIN,$58.00 
HC ASSAY OF ARSENIC,$107.00 
HC ASSAY OF ASCORBIC ACID,$57.00 
HC ASSAY OF ETHCHLORVYNOL,$187.16 
HC BETA-2 PROTEIN,$73.00 
"HC BILE ACIDS, TOTAL",$274.00 
HC BILIRUBIN TOTAL,$119.50 
HC BILIRUBIN DIRECT,$121.50 
HC OCCULT BLOOD STOOL,$59.30 
"HC ASSAY VIT D, 25-HYDROXY W FRACTIONS",$312.50 
HC ASSAY OF CALCITONIN,$135.00 
"HC ASSAY OF CALCIUM, TOTAL",$149.50 
"HC ASSAY OF CALCIUM, IONIZED",$186.00 
HC ASSAY OF CALCIUM IN URINE,$125.50 
"HC CALCULUS ASSAY,QUANTITATIVE",$161.00 
HC ASSAY BLOOD CARBON DIOXIDE,$121.50 
HC ASSAY BLOOD CARBON MONOXIDE,$167.70 
HC CARCINOEMBRYONIC ANTIGEN,$243.01 
HC ASSAY OF CAROTENE,$98.00 
"HC ASSAY, THREE CATECHOLAMINES",$280.00 
HC ASSAY OF CERULOPLASMIN,$141.80 
HC CHEMILUMINESCENT ASSAY,$49.00 
HC ASSAY OF BLOOD CHLORIDE,$121.50 
HC ASSAY OF URINE CHLORIDE,$92.50 
"HC ASSAY, BLD/SERUM CHOLESTEROL",$113.00 
"HC ASSAY, SERUM CHOLINESTERASE",$10.72 
"HC CHROMOTOGRAPHY, QUANT, SINGLE",$88.00 
HC ASSAY OF CITRATE,$302.72 
HC ASSAY FOR COLLAGEN CROSS LINKS,$104.00 
HC ASSAY OF COPPER,$70.00 
"HC CORTISOL, FREE",$94.00 
HC TOTAL CORTISOL,$221.50 
HC ASSAY OF CREATINE,$128.00 
HC COLUMN CHROMOTOGRAPHY QUANT,$88.00 
HC ASSAY OF CK (CPK),$169.00 
HC ASSAY OF CPK IN BLOOD,$130.00 
"HC CREATINE, MB FRACTION",$205.00 
HC ASSAY OF CREATININE,$149.50 
HC ASSAY OF URINE CREATININE,$99.57 
HC CREATININE CLEARANCE TEST,$223.00 
HC ASSAY OF CRYOGLOBULIN,$44.05 
HC VITAMIN B-12,$192.50 
HC DEHYDROEPIANDROSTERONE,$142.00 
HC DEHYDROEPIANDROSTERONE-SULFATE,$262.00 
"HC ASSAY VIT D, 1,25-DIHYDROXY W FRACTIONS",$392.00 
HC ASSAY OF ERYTHROPOIETIN,$225.00 
HC ASSAY OF ESTRADIOL,$295.00 
HC ASSAY OF ESTROGEN,$195.00 
HC ASSAY OF ESTRIOL,$135.00 
HC ASSAY OF ESTRONE,$143.00 
HC ASSAY OF ETHYLENE GLYCOL,$214.00 
"HC FATS/LIPIDS, FECES, QUALITATIVE",$49.00 
"HC FATS/LIPIDS, FECES, QUANTITATIVE",$205.83 
HC ASSAY OF FERRITIN,$200.00 
"HC ALPHA-1-ANTITRYPSIN, PHENO",$197.00 
HC BLOOD FOLIC ACID SERUM,$192.00 
"HC ASSAY OF FOLIC ACID, RBC",$205.80 
"HC ASSAY OF GAMMAGLOBULIN IGA, IGD, IGG, IGM, EACH",$147.33 
HC ASSAY OF GAMMAGLOBULIN IGE,$183.00 
HC ASSAY OF GASTRIN,$195.00 
"HC ASSAY GLUCOSE, BODY FLUID",$120.50 
"HC ASSAY QUANTITATIVE,BLOOD GLUCOSE",$120.50 
HC GLUCOSE TOLERANCE TEST (GTT),$350.00 
HC GTT-ADDED SAMPLES,$388.00 
HC ASSAY OF G6PD ENZYME,$66.05 
HC GLUCOSE BLOOD TEST,$16.45 
HC ASSAY OF GGT,$149.50 
HC GLYCATED PROTEIN,$81.00 
HC GONADOTROPIN (FSH),$240.22 
HC GONADOTROPIN (LH),$247.99 
HC ASSAY GROWTH HORMONE (HGH),$113.60 
"HC ASSAY OF HAPTOGLOBIN, QUANT",$179.76 
"HC QUANTITATIVE SCREEN, METALS",$123.00 
HC HEMOGLOBIN CHROMOTOGRAPHY,$66.00 
HC GLYCOSYLATED HEMOGLOBIN TEST,$149.00 
"HC ASSAY OF HEMOSIDERIN, QUAL",$13.50 
HC ASSAY OF HISTAMINE,$188.50 
HC ASSAY OF HOMOCYSTINE,$87.00 
HC ASSAY OF 5-HIAA,$108.00 
HC ASSAY OF PROGESTERONE 17-D,$120.00 
HC IMMUNOASSAY ANALYTE QUANT RADIOIMMUNOASSAY,$76.00 
HC IMMUNOASSAY ANALYTE QUANTITATIVE NOS,$222.66 
"HC ASSAY OF INSULIN,TOTAL",$152.00 
HC ASSAY OF IRON,$123.12 
HC IRON BINDING TEST,$122.00 
HC ASSAY OF LACTIC ACID,$174.98 
HC LACTATE (LD) (LDH) ENZYME,$110.00 
HC ASSAY OF LEAD,$68.00 
HC ASSAY OF LIPASE,$237.50 
HC ASSAY OF LIPOPROTEIN(A),$72.00 
"HC ASSAY OF BLOOD LIPOPROTEIN,HDL CHOLEST",$215.00 
"HC ASSAY OF BLOOD LIPOPROTEIN,LDL CHOLEST",$109.74 
HC ASSAY OF MAGNESIUM,$150.50 
HC ASSAY OF MANGANESE,$146.50 
"HC MASS SPECTROMETRY QUANT,NONSPEC",$79.00 
HC ASSAY OF MERCURY,$65.00 
HC ASSAY OF METANEPHRINES,$261.71 
HC ASSAY OF METHADONE,$162.00 
"HC MYELIN BASIC PROTEIN,CSF",$219.50 
HC ASSAY OF MYOGLOBIN,$166.68 
HC NATRIURETIC PEPTIDE,$243.10 
"HC NEPHELOMETRY, NOT SPECIFIED",$375.00 
HC ASSAY OF URINE ALKALOIDS,$285.95 
HC OLIGOCLONAL IMMUNOGLOBULIN,$85.00 
"HC ASSAY SNGL ORGANIC ACID, QUANTITATIVE",$88.00 
HC ASSAY OF BLOOD OSMOLALITY,$122.47 
HC ASSAY OF URINE OSMOLALITY,$57.50 
HC ASSAY OF OXALATE,$20.00 
HC ASSAY OF PARATHORMONE,$360.00 
HC PH BODY FLUID NOS,$72.00 
HC ASSAY PHOSPHATASE ACID PROSTATIC,$13.15 
HC ASSAY ALKALINE PHOSPHATASE,$167.50 
"HC ASSAY ALKALINE PHOSPHATASE ,ISOENZYMES",$150.00 
HC ASSAY OF INORGANIC PHOSPHORUS,$157.50 
HC ASSAY OF URINE PHOSPHORUS,$122.00 
HC ASSAY OF SERUM POTASSIUM,$125.50 
HC ASSAY OF URINE POTASSIUM,$137.00 
HC ASSAY OF PREALBUMIN,$167.00 
HC ASSAY OF PROGESTERONE,$163.00 
HC ASSAY OF PROCALCITONIN,$182.45 
HC ASSAY OF PROLACTIN,$110.00 
"HC PROSTATE SPECIFIC ANTIGEN,FREE",$171.37 
HC PROTEIN TOT XCPT REFRACTOMETRY SERUM,$103.33 
HC PROTEIN TOT XCPT REFRACTOMETRY URINE,$103.33 
HC PROTEIN TOT XCPT REFRACTOMETRY OTH SRC,$158.50 
"HC PROTEIN E-PHORESIS, SERUM",$177.23 
HC PROTEIN E-PHORESIS/URINE/CSF,$177.23 
HC ASSAY OF PROINSULIN,$34.96 
HC ASSAY OF VITAMIN B-6,$258.26 
"HC ASSAY, NON-ENDOCRINE RECEPTOR",$185.00 
HC ASSAY OF RENIN,$242.92 
HC ASSAY OF VITAMIN B-2,$90.00 
HC ASSAY OF SELENIUM,$54.00 
HC ASSAY OF SEROTONIN,$86.00 
HC ASSAY OF SEX HORMONE BINDING GLOBULIN,$112.00 
HC ASSAY OF SERUM SODIUM,$123.50 
HC ASSAY OF URINE SODIUM,$98.50 
HC ASSAY OF SOMATOMEDIN,$98.00 
HC SPECTROPHOTOMETRY,$13.00 
HC ASSAY OF TESTOSTERONE,$234.75 
HC ASSAY OF TOTAL TESTOSTERONE,$254.00 
HC ASSAY OF VITAMIN B-1,$218.00 
HC ASSAY OF THYROGLOBULIN,$93.00 
HC ASSAY OF TOTAL THYROXINE,$167.50 
HC ASSAY OF FREE THYROXINE,$172.00 
HC ASSAY OF THYROXINE BNDNG GLOBULIN,$138.00 
HC ASSAY THYROID STIM HORMONE,$211.92 
HC ASSAY OF THYROID STIM IMMUNOGLOBULINS (TSI),$447.76 
HC ASSAY OF VITAMIN E,$80.00 
HC TRANSFERASE ASPARTATE AMINO (AST) (SGOT),$157.50 
HC TRANSFERASE ALANINE AMINO (ALT) (SGPT),$167.50 
HC ASSAY OF TRANSFERRIN,$159.00 
HC ASSAY OF TRIGLYCERIDES,$167.50 
HC THYROID HORM UPTAKE/THYR HORM BINDING RATIO,$150.50 
"HC TRIIODOTHYRONINE TOTAL ASSAY, TT-3",$194.00 
HC TRIIODOTHYRONINE FREE ASSAY (FT-3),$264.59 
HC TRIIODOTHYRONINE T3 REVERSE,$89.00 
"HC ASSAY OF TROPONIN, QUANT",$237.45 
"HC ASSAY UREA NITROGEN, QUAN",$157.50 
"HC ASSAY OF URIC ACID, BLOOD",$157.50 
"HC ASSAY OF URIC ACID, BLOOD, OTHER SOURCE",$149.00 
HC ASSAY OF URINE VMA,$88.00 
HC ASSAY OF VIP,$263.00 
HC ASSAY OF VASOPRESSIN,$231.20 
HC ASSAY OF VITAMIN A,$169.44 
HC ASSAY OF ZINC,$140.00 
HC ASSAY OF C-PEPTIDE,$195.00 
"HC CHORIONIC GONADOTROPIN, QUANT",$253.40 
"HC CHORIONIC GONADOTROPIN, QUAL",$234.50 
HC ASSAY OF PROSTATE SPECIFIC ANTIGEN TOTAL,$206.99 
HC DRUG SCREEN MULTIP CLASS,$281.50 
"HC DRUG SCREEN, PRESUMP SINGLE CLASS B",$20.47 
HC REAGENT STRIP/BLOOD GLUCOSE,$51.02 
HC DRUG SCREEN QUANT CLOZAPINE,$226.53 
HC DRUG SCREEN QUANT GABAPENTIN,$198.00 
HC DRUG SCRN QUANT OXCARBAZEPIN,$180.40 
HC DRUG SCREEN QUANT ZONISAMIDE,$180.40 
HC ASSAY OF AMPHETAMINES,$190.35 
"HC LACTOFERRIN, FECAL, QUAL",$33.00 
HC ASSAY OF BARBITURATES,$33.95 
HC ASSAY OF OPIATES,$49.00 
HC ALPHA-FETOPROTEIN L3,$525.90 
HC ASSAY TEST FOR BLOOD FECAL,$194.85 
HC ASSAY OF CHROMIUM,$65.00 
HC CYSTATIN C,$185.00 
HC IGG 1 2 3 OR 4 EACH,$147.48 
HC H PYLORI (C-13) BREATH,$380.00 
HC TEST FOR CHLOROHYDROCARBONS,$106.21 
HC ENZYME CELL ACTIVITY,$65.00 
HC ASSAY PHOSPHOHEXOSE ENZYMES,$154.55 
HC ASSAY OF 17-HYDROXYPREGNENO,$130.00 
HC WESTERN BLOT TEST,$42.00 
HC ASSAY OF PYRUVATE KINASE,$53.00 
HC ASSAY CARBAMAZEPINE FREE,$180.40 
HC ASSAY OF SIROLIMUS,$186.90 
HC ASSAY OF INSULIN,$176.20 
HC ASSAY LIPOPROTEIN PLA2,$323.33 
HC LIPOPROTEIN BLD BY NMR,$300.51 
"HC ASSAY OF VALPROIC ACID, FREE",$233.60 
HC ASSAY OF DIHYDROTESTOSTERONE,$281.04 
HC ASSAY OF PHENOTHIAZINE,$190.71 
HC ASSAY OF PREGNENOLONE,$106.00 
HC ASSAY OF TRANSCORTIN,$205.74 
HC ASSAY OF NOS VITAMIN,$67.00 
HC ASSAY OF VITAMIN K,$342.00 
HC DRUG/SUBSTANCE NOS 1-3,$199.44 
HC ASSAY OF ANGIOTENSIN II,$139.80 
"HC BLOOD GASES: PH, PO2 & PCO2",$321.00 
HC ASSAY OF BENZODIAZEPINES,$226.53 
"HC BLOOD GASES: PH, PO2 & PCO2 W O2 SATU",$354.17 
HC ASSAY FOR CALPROTECTIN FECAL,$93.00 
HC CANNABINOIDS NATURAL ASSAY,$120.00 
HC OPIOIDS & OPIATE ANALOGS 1-2,$127.00 
HC MYCOPHENOLATE ASSAY,$79.00 
"HC BLOOD OCCULT STOOL, 1-3 SIMULT, NON CAN SCREEN",$32.00 
HC DRUG TEST DEF 1-7 CLASSES,$293.25 
HC GENERAL HEALTH PANEL,$520.00 
HC DRUG SCREENING METHYLENEDIOXYAMPHETAMINES,$150.00 
HC SUGARS MONO DI&OLIGOS 1 QUALITATAIVE EACH SPEC,$104.72 
HC ASSAY BIOVLBL TESTOSTERONE DIRECT MEASUREMENT,$316.60 
HC IMMUNOASSAY ANALYTE QUAL/SEMIQUAL MULTIPLE STEP,$793.60 
"HC ALLERGEN SPEC IGE QUANT,EACH",$116.00 
"HC ALLERGEN SPEC IGE QUALIT,MULTI",$30.25 
HC PLATELET ANTIBODIES,$370.50 
HC ANTINUCLEAR ANTIBODIES,$202.00 
HC ANTINUCLEAR ANTIBODIES TITER,$183.00 
HC ANTISTREPTOLYSIN O TITER,$41.00 
HC C-REACTIVE PROTEIN,$137.33 
"HC C-REACTIVE PROTEIN,HIGH SENSITIVITY",$73.00 
"HC BETA 2 GLYCOPROTEIN I ANTIBODY,EA",$173.30 
HC CARDIOLIPIN ANTIBODY,$120.00 
"HC COMPLEMENT, ANTIGEN",$176.00 
HC COMPLEMENT/FUNCTION ACTIVITY,$58.00 
"HC COMPLEMENT, TOTAL (CH50)",$114.00 
HC CYCLIC CIRULLINATED PEPTIDE ANTIBODY,$72.00 
"HC DEOXYRIBONUCLEASE, ANTIBODY",$90.25 
"HC DNA ANTIBODY, NATV/2 STRAND",$198.00 
"HC DNA ANTIBODY, SINGLE STRAND",$163.00 
HC NUCLEAR ANTIGEN ANTIBODY,$182.50 
HC FLUORESCENT ANTIBODY; SCREEN,$219.52 
HC FLUORESCENT ANTIBODY; TITER,$174.35 
"HC IMMUNOASSAY, TUMOR ANTIGEN, CA 15-3",$85.00 
"HC IMMUNOASSAY, TUMOR ANTIGEN, CA 19-9",$246.00 
"HC IMMUNOASSAY, TUMOR ANTIGEN, CA 125",$259.00 
"HC HETEROPHILE ANTIBODIES,SCREEN",$142.00 
"HC IMMUNOASSAY, TUMOR ANTIGEN, QUANT",$223.50 
"HC IMMUNOASSAY,INFECT AGENT,QUANT",$92.00 
"HC IMMUNOFIX E-PHORESIS, SERUM",$267.72 
HC IMMUNFIX E-PHORSIS/URINE/CSF,$153.00 
HC INSULIN ANTIBODIES,$262.44 
HC INTRINSIC FACTOR ANTIBODY,$145.00 
HC ISLET CELL ANTIBODY,$134.75 
"HC B CELLS, TOTAL COUNT",$197.38 
"HC T CELLS, TOTAL COUNT",$216.00 
HC T CELL ABSOLUTE COUNT/RATIO,$320.05 
HC T CELL ABSOLUTE COUNT,$36.44 
HC MICROSOMAL ANTIBODY,$169.00 
"HC RHEUMATOID FACTOR, QUANT",$129.00 
"HC TB TEST, CELL MDIATD ANTGEN RESPS GAMMA INTFRON",$422.15 
HC SYPHILIS TEST NON TREPONEMAL ANTIBODY QUAL,$89.99 
"HC SYPHILIS TEST, QUANTITATIVE",$112.00 
HC ASPERGILLUS ANTIBODY,$96.00 
"HC BACTERIUM, ANTIBODY",$102.00 
"HC BARTONELLA, ANTIBODY",$40.00 
"HC BLASTOMYCES, ANTIBODY",$83.00 
HC BORDETELLA ANTIBODY,$73.00 
"HC LYME DISEASE ANTIBODY, CONFIRMATORY",$87.00 
HC LYME DISEASE ANTIBODY,$196.37 
"HC CHLAMYDIA, ANTIBODY",$124.78 
"HC CHLAMYDIA, IGM, ANTIBODY",$119.89 
HC CMV ANTIBODY,$90.37 
"HC CMV ANTIBODY, IGM",$75.00 
"HC ENTEROVIRUS, ANTIBODY",$87.00 
"HC EPSTEIN-BARR ANTIBODY,EARLY",$134.00 
"HC EPSTEIN-BARR ANTIBODY,NUCLEAR",$75.00 
"HC EPSTEIN-BARR ANTIBODY,V CAPSID",$75.00 
"HC EHRLICHIA, ANTIBODY",$300.00 
"HC FUNGUS, ANTIBODY",$91.00 
HC HELICOBACTER PYLORI,$190.87 
"HC HELMINTH, ANTIBODY",$68.00 
HC HTLV/HIV CONFIRMATORY TEST,$42.00 
"HC HERPES SIMPLEX TEST, UNSPECIFIED TYPE",$77.00 
"HC HERPES SIMPLEX TEST, TYPE 1",$126.87 
"HC HERPES SIMPLEX TEST, TYPE 2",$96.00 
HC HISTOPLASMA,$70.00 
HC HIV-1,$192.00 
"HC HIV-1/HIV-2, SINGLE ASSAY",$203.21 
"HC HEP B CORE AB TEST, TOTAL",$155.00 
"HC HEP B CORE AB TEST, IGM",$83.00 
HC HEPATITIS B SURFACE AB TEST,$159.00 
HC HEPATITIS BE AB TEST,$65.00 
HC HEP A ANTIBODY TOTAL,$170.00 
"HC HEP A AB TEST, IGM",$199.35 
HC INFLUENZA VIRUS,$75.00 
HC MUMPS,$73.00 
HC MYCOPLASMA,$156.00 
HC PARVOVIRUS,$85.00 
HC RUBELLA,$133.29 
HC RUBEOLA,$109.00 
HC TOXOPLASMA,$84.53 
"HC TOXOPLASMA, IGM",$155.00 
HC ANTIBODY TREPONEMA PALLIDUM,$122.00 
HC VARICELLA-ZOSTER,$72.00 
"HC VIRUS, NOT SPECIFIED",$57.15 
HC THYROGLOBULIN ANTIBODY,$94.00 
HC HEPATITIS C AB TEST,$104.20 
HC RBC ANTIBODY SCREEN,$380.34 
HC RBC ANTIBODY IDENTIFICATION,$918.45 
HC ANTIHUMAN GLOBULIN DIR EA ANTISERUM,$71.50 
"HC BLOOD TYPING, ABO",$380.34 
"HC BLOOD TYPING, RH (D)",$380.34 
"HC BLOOD TYPE ANTIGEN DONOR REAGENT SERUM, EA AG",$380.34 
"HC BLOOD TYPING, RBC ANTIGENS",$380.34 
"HC COMPATIBILITY TEST,SPIN TECH",$625.60 
"HC COMPATIBILITY TEST,ANTIGLOB TECH",$625.60 
HC HIV-2 ANTIBODY,$183.90 
HC IMMUNOLOGY PROCEDURE,$126.67 
HC GIARDIA AG EIA,$138.93 
HC HPYLORI STOOL EIA,$80.00 
HC HIV-1 AG W/HIV-1 & HIV-2 AB,$262.16 
HC IMMUNODIFFUSION OUCHTERLONY,$163.00 
HC ANTINOMYCES ANTIBODY,$152.35 
HC ALLERGEN SPECIFIC IGG,$99.40 
"HC COMPATIBILITY TEST, ELECTRONIC",$625.60 
HC BLOOD TRANSFUSION REACTION INTERPRETATION,$278.00 
HC CELLULAR FUNCTION ASSAY STIMUL&DETECT BIOMARKER,$765.00 
HC EIA HIV-1/HIV-2 SCREEN,$35.00 
HC PSA SCREENING,$231.75 
HC HEPB SCREEN HIGH RISK INDIV,$175.33 
HC ARC RBC ANTIBODY SCREEN,$39.00 
HC ARC RBC ANTIBODY ELUTION,$75.00 
HC ARC RBC ANTIBODY IDENTIFICATION,$60.00 
HC ARC ANTIHUMAN GLOBULIN DIR EA ANTISERUM,$20.00 
HC ARC ANTIHUMAN GLOBULIN INDIR QUAL EA REAGENT CELL,$12.00 
"HC ARC BLOOD TYPING, ABO",$15.00 
"HC ARC BLOOD TYPING, RH (D)",$14.00 
"HC ARC BLOOD TYPING, RBC ANTIGENS",$32.00 
"HC BLOOD SMEAR,MICRO EXAM,MANUAL DIFF WBC",$74.90 
HC BLOOD SMEAR MICRO EXAM W/O MANUAL DIFF,$8.50 
HC HEMATOCRIT,$79.50 
HC HEMOGLOBIN,$57.00 
HC COMPLETE CBC & AUTO DIFF WBC,$150.00 
HC COMPLETE CBC,$114.00 
HC RED BLOOD CELL (RBC) COUNT,$61.65 
"HC RETICULOCYTE COUNT,MANUAL",$152.00 
HC LEUKOCYTE (WBC) COUNT,$87.00 
HC PLATELET COUNT,$121.50 
HC BLOOD CLOT FACTOR V TEST,$109.00 
HC BLOOD CLOT FACTOR VII TEST,$121.95 
"HC BLOOD CLOT FACTOR VIII TEST, ONE STAGE",$200.00 
"HC BLD CLOT FACTOR VIII, VW FC, RISTOCETIN COFACTR",$91.00 
"HC BLD CLOT FACTOR VIII, VW FC ANTIGEN",$145.00 
"HC BLD CLOT FACTOR VIII TEST, VW FC, MULTIMET ANAL",$187.00 
HC BLOOD CLOT FACTOR XII TEST,$93.75 
"HC ANTITHROMBIN III TEST,ACTIV",$280.90 
"HC ANTITHROMBIN III TEST,ANTIGEN",$162.03 
"HC CLOT INHIB PROTEIN C,ANTIGEN",$292.92 
"HC CLOT INHIB PROTEIN C,ACTIV",$348.00 
"HC CLOT INHIB PROTEIN S,TOTAL",$118.00 
"HC CLOT INHIB PROTEIN S,FREE",$289.00 
HC ACTIVATED PROT C (APC) RESISTNCE ASSAY,$231.22 
"HC COAGULATION TIME, ACTIVATED",$93.30 
"HC FIBRIN DEGRAD PRODUCTS, AGGLUTINATION",$177.00 
"HC FIBRIN DEGRADPRODUCTS,D-DIMER, QUANT",$202.65 
"HC FIBRIN DEGRADPRODUCTS,D-DIMER, ULTRASENS",$119.50 
"HC FIBRINOGEN, ACTIVITY",$215.00 
HC FIBRINOLYTIC PLASMINOGEN,$22.66 
HC WBC ALKALINE PHOSPHATASE,$128.92 
HC MURAMIDASE,$79.00 
"HC PHOSPHOLIPID NEUTRALIZATION,PLATELET",$220.14 
"HC PHOSPHOLIPID NEUTRALIZ, HEXAGONAL PHOSPHOLIPID",$820.25 
HC PROTHROMBIN TIME,$135.00 
"HC RUSSELL VIPER VENOM, DILUTED",$158.91 
"HC RBC SED RATE, NONAUTO",$114.50 
HC RBC SICKLE CELL TEST,$96.50 
"HC THROMBIN TIME, PLASMA",$96.89 
HC THROMBOPLASTIN INHIBITION,$21.91 
HC THROMBOPLAS TIME PARTIAL,$221.00 
HC THROMBOPLAS TIME PART PLASMA FRAC,$80.50 
HC BLOOD VISCOSITY EXAMINATION,$53.00 
HC BLOOD SMEAR INTERPRETATION,$67.02 
HC FIBRINOGEN ANTIGEN,$127.16 
HC FIBRINOLYTIC PLASMINOGEN,$210.60 
HC OCCULT BLOOD OTHER SOURCES,$66.45 
HC BLOOD CULTURE FOR BACTERIA,$265.00 
"HC STOOL CULTURE,SALMONELLA & SHIGELLA",$318.00 
"HC CULTURE SPEC, BACTERIA, NOT URINE,STOOL,BLOOD",$325.50 
"HC BACTERIA IDENTIFICATION, AEROBIC ISOLATE",$111.21 
HC BACTERIA CULTURE SCREEN,$137.80 
"HC URINE CULTURE, COLONY COUNT",$181.50 
HC FUNGUS ISOLATION CULTURE,$212.30 
"HC CULTURE FUNGI, INDEFINITIVE, EACH ORGAN",$222.50 
HC MYCOPLASMA CULTURE,$79.00 
"HC MYCOBACT CULTURE,ISOLATN",$219.14 
"HC MACROSCOPIC EXAM, PARASITE",$47.75 
HC OVA AND PARASITES SMEARS,$158.31 
"HC ANTIBIOTIC SENS,MIC,EACH",$181.45 
"HC SMEAR,PRIMARY W/INTERP",$102.50 
"HC SMEAR, FLUOR STAIN, W INTERP",$160.50 
"HC SMEAR,INCLUSION BODIES/PARASITES,INTERP",$60.00 
"HC SMEAR,STAIN,WET MNT,INTERP",$100.98 
HC TISSUE EXAM BY KOH,$90.50 
"HC VIRUS ID,INOC TEST,OBSERV",$88.25 
"HC VIRUS ID;CENTRIF ENH TECH,W/IMMUNOFLUOR",$219.50 
"HC VIRUS ID,NON-IMMUNOLOGIC METHOD",$47.31 
"HC LEGION PNEUMO AG, DFA",$65.00 
"HC CLOSTRIDIUM AG, EIA",$139.50 
"HC CRYPTOSPOR AG, EIA",$138.93 
"HC HEPATITIS B SURFACE AG, EIA",$158.00 
"HC HEPATITIS B AG, EIA",$126.00 
"HC RESP SYNCYTIAL AG, EIA",$56.50 
"HC ROTAVIRUS AG, EIA",$68.00 
"HC AG DETECT NOS, EIA, MULT STEP",$97.00 
"HC CHYLMD TRACH, DNA, AMP PROBE",$239.00 
"HC CYTOMED, DNA, AMP PROBE",$288.79 
"HC CYTOMEG, DNA, AMP PROBE",$239.00 
HC INFECT AGENT DNA/RNA INFLUENZA FIRST 2 TYPES,$299.00 
"HC HEPATITIS B , DNA, QUANT",$240.00 
"HC HCV RNA, PCR, QUALITATIVE",$321.00 
HC IADNA HEPATITIS C QUANT & REVERSE TRANSCRIPTION,$551.92 
"HC HSV, DNA, AMP PROBE",$350.00 
HC IADNA HIV-1 QUANT & REVERSE TRANSCRIPTION,$603.00 
"HC N.GONORRHOEAE, DNA, AMP PROB",$239.00 
"HC DETECT AGENT NOS, DNA, AMP",$440.00 
"HC DETECT AGENT,IMMUN,DIR OBS,INFLUENZA",$149.00 
HC STREP A ASSAY W/OPTIC,$144.00 
HC AGENT NOS ASSAY W/OPTIC,$127.00 
"HC HEPATITIS C VIRUS, GENOTYPE ANAL DNA/RNA","$1,022.75 "
"HC HIV 1 GENOTYPE, DNA/RNA, OTHER REGIONS",$905.70 
HC HPV HIGH-RISK TYPES,$239.00 
HC HPV TYPES 16 & 18 ONLY,$334.32 
HC SKIN FUNGI CULTURE,$115.39 
HC FUNGI IDENTIFICATION MOLD,$154.55 
HC SMEAR COMPLEX STAIN,$220.14 
HC CYTOMEG DNA QUANT,$349.74 
HC DETECT AGENT NOS DNA QUANT,$349.74 
HC TRICHOMONAS ASSAY W/OPTIC,$138.93 
HC STOOL CULTR AEROBIC BACT EA,$108.03 
HC CULTURE AEROBIC QUANT OTHER,$212.15 
HC CULTURE BACTERIA ANAEROBIC,$141.35 
HC SHIGA-LIKE TOXIN AG EIA,$138.93 
HC CANDIDA DNA DIR PROBE,$245.61 
HC GARDNER VAG DNA DIR PROBE,$245.61 
HC HEPATITIS C RNA DIR PROBE,$245.61 
HC TRICHOMONAS VAGIN DIR PROBE,$245.61 
HC LYME DIS DNA AMP PROBE,$111.00 
HC TRICHOMONAS VAGINALIS AMPLIF,$282.72 
HC PHENOTYPE INFECT AGENT DRUG,$886.90 
HC GENOTYPE DNA HIV REVERSE TRANSCRIPTASE,"$1,751.75 "
"HC PHENOTYPE DNA HIV W/CULTURE, FIRST 10 DRUGS","$3,324.90 "
"HC PHENOTYPE DNA HIV W/CLT, EA ADD",$283.84 
"HC MACROSCOPIC EXAM, ARTHROPOD",$18.00 
"HC URINALYSIS, AUTO, W/SCOPE",$108.00 
HC URINALYSIS NONAUTO W/O SCOPE,$15.00 
"HC URINALYSIS, AUTO, W/O SCOPE",$113.00 
HC MICROSCOPIC EXAM OF URINE,$55.00 
HC URINE PREGNANCY TEST,$130.40 
HC F2 GENE ANALYSIS 20210G >A VARIANT,$485.34 
HC F5 COAGULATION FACTOR V ANAL LEIDEN VARIANT,$499.44 
HC HLA I LOW RESOLUTION ONE ANTIGEN EQUIVALENT EA,$594.60 
"HC CELL COUNT,MISC BODY FLUIDS",$137.00 
HC BODY FLUID CELL COUNT W DIFF,$160.78 
"HC EXAM,SYNOVIAL FLUID CRYSTALS",$124.78 
"HC SEMEN ANALYSIS,MOTIL & COUNT W/O HUHNER",$79.50 
HC HFE GENE,$125.00 
HC JAK2 GENE,$380.00 
HC MTHFR GENE,$356.40 
HC HLA II TYPING 1 ALLELE HR,$300.00 
HC BRAF GENE,$894.00 
HC SPUTUM SPECIMEN COLLECTION,$120.10 
"HC BONE MARROW,SMEAR INTERPRETATION",$318.00 
HC DECALCIFY TISSUE,$111.00 
"HC SPECIAL STAINS,GROUP I",$271.40 
"HC SPECIAL STAINS,GROUP II",$271.40 
HC PATH CONSULT IN SURGERY,$183.25 
"HC PATH CONSULT IN SURG,W FRZ SEC",$918.45 
"HC PATH CONSULT IN SURG,W ADDN FRZ SEC",$224.00 
HC IMHISTOCHEM/CYTCHM 1ST SEP IDENT ANTIBODY SLIDE,$320.00 
HC IMMUNOFLUOR INITIAL SINGLE ANTIBODY STAIN,$91.00 
"HC ELECTRON MICROSCOPY,DIAGNOSTIC","$1,707.00 "
HC IMMUNOFLUOR ANTB 1ST STAIN,$918.45 
HC FETAL CHRMOML ANEUPLOIDY,$39.00 
HC MOPATH PROCEDURE LEVEL 4,$790.00 
HC IMHISTOCHEM/CYTCHM EA ADD SEP IDENT ANTIBODY SLIDE,$316.00 
HC IMMUNOFLUOR EA ADD SINGLE ANTIBODY STAIN,$91.00 
HC MORPH INSITU HYBRIDIZE MANL PER SPCMN EA MULTPLX PROB STAIN,"$1,047.10 "
HC CALR GENE ANALYSIS COMMON VARIANTS IN EXON 9,$623.00 
HC MOLECULAR PATHOLOGY PROCEDURE LEVEL 3,$807.00 
HC MOLECULAR PATHOLOGY PROCEDURE LEVEL 7,"$2,411.50 "
HC MOLECULAR PATHOLOGY PROCEDURE LEVEL 8,"$2,042.00 "
HC IA DNA CANDIDA SPECIES AMPLIFIED PROBE TQ,$210.60 
HC INFECTIOUS AGENT ENZYMATIC ACTV OTH/THN VIRUS,$85.00 
HC FLOW CYTOMETRY INTERPRETATION 16/> MARKERS,$274.68 
"HC CYTOPATH FLUIDS,CONCENTRATN,INTERP",$227.00 
"HC CYTOPATH, CELL ENHANCE TECH",$133.00 
HC CYTOPATH CERV/VAG THIN LAYER,$87.08 
"HC CYTOPATH,OTHR SOURC,SCREEN,INTERP",$136.50 
"HC CYTOPATH,OTHR SOURC,PREP,SCRN,INTERP",$136.50 
"HC EVAL FNA SMEAR TO DETERMIN ADEQUACY, FIRST EVAL",$57.00 
HC INTERPRETATION OF FNA SMEAR,$351.00 
"HC EVAL FNA SMEAR TO DETRMIN ADEQUACY, EA ADD EVAL",$64.82 
"HC FLOWCYTOMETRY/ TECH COMPONENT, 1 MARKER",$918.45 
"HC TISSUE CULTURE, LYMPHOCYTE",$276.00 
"HC TISSUE CULTURE, BONE MARROW",$753.00 
"HC CHROMOSOME ANAL:15-20,2 KARYOTYPES",$431.00 
HC CHROMOSOME ANALYSIS:20-25,$848.95 
HC FLOWCYTOMETRY/TC ADD-ON,$164.37 
HC CYTOGENETICS DNA PROBE,$225.00 
HC CYTOGENETICS 100-300,$352.00 
"HC SURG PATH,GROSS,LEVEL I",$147.00 
"HC SURG PATH,LEVEL II",$225.00 
"HC SURG PATH,LEVEL III",$302.20 
"HC SURG PATH,LEVEL IV",$397.00 
"HC SURG PATH,LEVEL V",$296.50 
"HC SURG PATH,LEVEL VI","$1,471.25 "
HC TUMOR IMMUNOHISTOCHEM/MANUAL,$918.45 
HC X-RAY JAW 4+ VW,$701.00 
HC X-RAY FACIAL BONES <3 VW,$399.00 
HC X-RAY FACIAL BONES 3+ VW,$552.00 
HC X-RAY NASAL BONES,$428.00 
HC X-RAY ORBITS,$475.10 
HC X-RAY SINUSES <3 VW,$347.00 
HC X-RAY SINUSES 3+ VW,$558.00 
HC X-RAY SKULL <4 VW,$436.00 
HC X-RAY SKULL 4+ VW,$719.00 
HC X-RAY TMJ UNILAT,$415.59 
HC X-RAY NECK SOFT TISSUE,$390.95 
HC X-RAY SIALOGRAM,$707.28 
HC X-RAY RIBS 2 VW UNILAT,$483.18 
HC X-RAY RIBS 3 VW BILAT,$456.50 
"HC X-RAY RIBS, CHEST 4+ VW",$710.00 
HC X-RAY STERNUM 2+ VW,$427.00 
HC X-RAY SPINE ONE VIEW,$352.00 
HC RADEX SPINE CERVICAL 2 OR 3 VIEWS,$504.91 
HC RADEX SPINE CERVICAL 4 OR 5 VIEWS,$665.00 
HC RADEX SPINE CERVICAL 6 OR MORE VIEWS,$737.00 
HC X-RAY THORACIC SPINE+SWIM 3 VW,$475.10 
HC X-RAY THORACIC SPINE 4 VW,$665.14 
HC X-RAY THOR-LUMB SP 2 VW,$303.94 
HC X-RAY LUMBAR SPINE 2/3 VW,$544.00 
HC X-RAY LUMBAR SPINE 4 VW,$701.00 
HC X-RAY LUMBAR SPINE 6+ VW,$475.10 
HC X-RAY LUMBAR SPINE FLEX/EXTEN,$681.50 
HC X-RAY PELVIS 1/2 VW,$475.10 
HC X-RAY SACROILIAC JTS <3 VW,$415.59 
HC X-RAY SACROILIAC JTS 3+ VW,$424.00 
HC X-RAY SACRUM/COCCYX 2+ VW,$425.00 
HC MYELOGRAPHY LUMBAR SPINE,"$1,914.00 "
HC MYELOGRAPHY OF ENTIRE SPINE,"$2,210.50 "
HC X-RAY CLAVICLE,$435.00 
HC X-RAY SCAPULA,$409.00 
HC X-RAY SHOULDER 1 VW,$383.38 
HC X-RAY SHOULDER 2+ VW,$475.10 
HC X-RAY AC JTS,$351.00 
HC X-RAY HUMERUS,$435.00 
HC X-RAY ELBOW 2 VW,$405.00 
HC X-RAY ELBOW 3+ VW,$476.38 
HC X-RAY FOREARM 2 VW,$432.00 
"HC X-RAY ARM, INFANT",$607.88 
"HC X-RAY ARM, INFANT",$303.94 
HC X-RAY WRIST 2 VW,$382.00 
HC X-RAY WRIST 3+ VW,$480.00 
HC X-RAY HAND 2 VW,$475.10 
HC X-RAY HAND 3+ VW,$465.28 
HC X-RAY EXAM OF FINGER(S),$166.50 
"HC XRAY HIP W PELVIS, UNILAT 1 VW",$785.06 
"HC XRAY HIP W PELVIS, UNILAT 2-3 VW",$459.60 
"HC XRAY HIPS W PELVIS, BILAT 2 VW",$574.00 
HC XRAY FEMUR =>2 VW,$469.40 
HC X-RAY KNEE 1 OR 2 VIEW,$413.00 
HC X-RAY KNEE 3 VIEW,$493.00 
HC X-RAY KNEE 4+ VIEW,$537.00 
HC X-RAY KNEE BILAT STANDING,$296.85 
"HC X-RAY TIB + FIB, 2VW",$434.00 
"HC X-RAY LEG, INFANT",$303.94 
HC X-RAY ANKLE 2 VW,$475.10 
HC X-RAY ANKLE 3+ VW,$475.10 
HC X-RAY FOOT 2 VW,$401.00 
HC X-RAY FOOT 3+ VW,$452.00 
HC X-RAY HEEL,$372.98 
HC X-RAY TOE(S),$303.94 
HC RADIOLOGIC EXAM ABDOMEN 1 VIEW,$403.00 
HC X-RAY ABDOMEN 2 VW,$540.00 
"HC X-RAY ABDOMEN,COMP ACUTE SERIES",$619.00 
HC ESOPHAGRAM,$714.27 
"HC SWALLOWING FCN,W/CINE &/OR VIDEO",$508.45 
HC XRAY UPPER GI TRACT + KUB,"$1,106.28 "
"HC XRAY UPPER GI TRACT,W/SMALL INTEST,F/T","$1,315.00 "
"HC X-RAY,SMALL BOWEL,W/MULT SERIAL FILMS",$920.76 
HC X-RAY COLON CONTRAST,"$1,068.57 "
HC X-RAY COLON AIR CONTRAST,$956.06 
HC X-RAY FOR BILE DUCT ENDOSCOPY,"$1,151.30 "
HC X-RAY URETHROCYSTOGRAM & VOIDING,"$1,064.70 "
HC X-RAY HYSTEROSALPINGOGRAM,$898.00 
HC VENOGRAM EXTREM UNILAT,"$1,797.00 "
HC FLUOROSCOPY SPX UP TO 1 HOUR PHYS/QHP TIME,$797.65 
HC FLUOROSCOPY SPX >1 HOUR PHYS/QHP TIME,"$1,175.40 "
HC X-RAY NOSE-RECTUM CHILD F.B.,$371.00 
HC UNLISTED DX RADIOGRAPHIC PROCEDURE,$554.50 
HC XR FLUORO GUIDANCE CV/PICC LINE,$618.00 
HC FLUOROSCOPIC GUIDANCE NEEDLE PLACEMENT,$802.00 
HC FLUORSCOPIC GUIDANCE SPINAL INJECTION,$848.60 
HC X-RAYS FOR BONE AGE,$371.00 
"HC X-RAYS, BONE LENGTH STUDIES",$517.23 
"HC X-RAYS, BONE SURVEY COMPLETE",$834.00 
"HC X-RAYS, BONE SURVEY, INFANT",$910.50 
"HC DEXA,BONE DENSITY, 1 + SITE, AXIAL SKELETON",$564.00 
"HC DEXA,BONE DENSITY, 1 + SITE, APPENDICULR SKELTN",$415.59 
HC X-RAY BLADDER W CONTRAST,"$1,326.25 "
HC CONTRAST INJ PERQ RADIOLOGIC EVAL GI TUBE,$794.30 
HC VENOGRAM SUPER VENA CAVA,"$3,623.69 "
HC VENOGRAM RENAL UNILAT,"$3,623.69 "
"HC INJECTION PROC,EXTREMITY,VENOGRAPHY","$2,874.20 "
HC VASCULAR SURGERY PROCEDURE UNLIST,"$4,476.05 "
HC FINE NEEDLE ASP;W/IMAGING GUIDANCE,"$1,787.25 "
HC PERQ LUMBOSACRAL INJ,"$13,010.65 "
HC INJECTION FOR BLADDER X-RAY,"$2,568.90 "
HC X-RAY THORACIC SPINE 2 VW,$517.00 
HC VENOGRAM EXTREM BILAT,"$2,628.78 "
HC THORACENTESIS NDL/CATH PLEURA ASP W IMAG,$956.35 
HC PERQ CATH DRN W IMG VISCERAL,"$4,003.44 "
HC X-RAY SMALL BOWEL ENTEROCLYSIS,"$1,297.00 "
"HC XRAY SPINE, COMPLETE, 2-3 VW",$703.00 
"HC XRAY HIPS W PELVIS, BILAT 3-4 VW",$704.83 
"HC XRAY HIPS W PELVIS, BILAT =>5 VW","$1,343.79 "
HC XRAY FEMUR 1 VW,$425.60 
HC ANGIO AORTOGRAM THOR SERIAL,"$4,370.00 "
HC ANGIO AORTOGRAM ABD SERIAL,"$12,802.10 "
HC ANGIO AORTOBIFEMORAL W CATH,"$5,035.00 "
HC ANGIO EXTREMITY UNILAT,"$4,507.00 "
HC ANGIO EXTERMITY BILAT,"$5,052.00 "
HC CHEST X-RAY 1 VW,$349.00 
HC CHEST X-RAY 2 VW,$437.00 
HC CHEST X-RAY 4 VW,$648.03 
HC CHEST X-RAY W APICAL LORD,$303.94 
HC CHEST X-RAY STEREO PA,$419.02 
"HC CHEMOTHER,NON-HORMONE ANTI-NEOPL, SUB-Q/IM",$302.00 
HC RO SET RADN THERAPY FIELD SIMPLE,$668.45 
"HC RO RADIATION THERAPY,DOSIMETRY PLAN",$429.60 
HC RO RADIATION SUPERVISION AND HANDLING,$421.00 
HC RO SPECIAL RADIATION TREATMENT,"$2,022.04 "
HC RO SET RADN THERAPY FIELD INTERME,"$1,167.08 "
HC RO SET RADN THERAPY FIELD COMPLEX,"$1,264.00 "
HC RO 3-D RADIOTHERAPY PLAN DOSE-VOLUME HISTOGRAMS,"$4,107.24 "
HC RO INTEN MOD RADIOTHER PLAN W/DOSE VOL HIST,"$4,107.24 "
"HC RO TELETHERAPY ISODODE PLAN, COMPLEX","$1,167.08 "
HC RO TELETHER ISO-PORT PLAN,"$1,167.08 "
HC RO RADN TREATMENT AID(S) SIMPLE,$429.60 
HC RO RADN TREATMENT AID(S) COMPLX,"$1,167.08 "
HC RO RADN PHYSICS CONSULT CONTINUING,$429.60 
HC RO MLC IMRT DESIGN & CONSTRUCTION PER IMRT PLAN,"$1,167.08 "
"HC RO IMRT, SIMPLE","$2,022.04 "
"HC RO IMRT, COMPLEX","$2,022.04 "
HC RO RADN RX DELIVERY >=1 MEV COMPLX,$777.40 
HC RO RADIOLOGY PORT FILM(S),$265.00 
HC RO RESPIRATOR MOTION MGMT SIMULATION,$952.00 
HC RO BRACHYTX ISODOSE PLAN SIMPLE 1 CHNL,$429.60 
HC RO BRACHYTX ISODOSE PLAN INTERMED 2-12 CHNL,"$1,167.08 "
HC RO SRS LINEAR BASED,"$29,200.96 "
HC RO SBRT DELIVERY >5 FRACTIONS,"$6,687.64 "
HC RO APPLY INTRCAV RADIAT SIMPLE,"$2,022.04 "
HC RO APPLY INTRCAV RADIAT INTERM,"$2,022.04 "
"HC CHEMOTHER, IV INFUSION, 1 HR",$725.00 
"HC CHEMOTHER, IV INFUSION, EA ADD HR",$316.00 
"HC CHEMOTHER, IV INFUSE, EACH SEQU INFUS",$402.00 
HC NM PARATHYROID PLANAR IMAGING,"$1,522.00 "
HC NM HEPATOBILIARY SYST IMAGING INCLUDING GALLBLADDR,"$2,135.12 "
HC NM HEPATOBIL SYST IMAG INC GB W/PHARMA INTERVENJ,"$2,420.50 "
HC NM GASTRIC EMPTYING STUDY,"$2,107.00 "
"HC NM BONE IMAGING, WHOLE BODY","$1,661.55 "
"HC NM BONE IMAGING, 3 PHASE","$2,208.00 "
HC NM MYOCARDIAL SPECT SINGLE STUDY AT REST OR STRESS,"$5,702.70 "
HC NM MYOCARDIAL SPECT MULTIPLE STUDIES,"$5,702.70 "
HC NM PULMONARY VENTILATION & PERFUSION IMAGING,"$2,281.25 "
"HC NM RENAL FLOW/FUNCT IMAGE,PHARM RX","$1,970.00 "
"HC NM ABSCESS IMAGING, WHOLE BODY","$2,722.00 "
"HC NM BONE IMAGING, LIMITED AREA","$2,199.50 "
HC NM BRAIN IMAGING TOMOGRAPHIC SPECT,"$2,154.11 "
"HC NM IMAGING, WHOLE BODY, SINGLE DAY","$1,724.52 "
HC NM LOCALIZATION/ABSCESS,"$1,724.52 "
HC THYROID UPTAKE SINGLE/MULTIPLE QUANT MEASURE,$981.00 
HC THYROID MET IMAGING BODY,"$1,760.00 "
HC LYMPHATICS & LYMPH GLANDS IMAGING,"$1,848.00 "
"HC TUMOR IMAGING, WHOLE BODY, 2 OR MORE DAYS","$3,250.00 "
"HC ABSCESS IMAGING, LTD AREA","$1,879.00 "
HC QUANT DIFF PULM PRFUSION & VENT W/WO IMG,"$3,082.38 "
"HC NM THERAPY, ORAL","$1,614.55 "
"HC CT SCAN,LIMITED/LOCALIZED F/U STUDY",$748.50 
HC CT GUIDANCE NEEDLE PLACEMENT,"$2,282.00 "
HC CT GUIDANCE PLACEMENT RAD THERAPY FIELDS,"$1,465.22 "
"HC CT SCAN,HEAD/BRAIN,W/O CONTRAST MATL","$2,219.00 "
HC CT SCAN HEAD CONTRAST,"$1,204.60 "
HC CT SCAN HEAD COMBO,"$3,152.00 "
HC CT ORBIT/SELLA/POST FOSSA/EAR W/O CONTR,"$2,251.00 "
HC CT ORBIT/SELLA/POST FOSSA/EAR W CONTR,"$2,481.00 "
"HC CT SCAN,MAXILLOFACIAL AREA,W/O CONTRAST","$2,408.00 "
"HC CT SCAN,SOFT TISSUE NECK,W/O CONTRAST","$2,188.00 "
HC CT NECK TISSUE CONTRAST,"$2,914.25 "
HC CT NECK TISSUE COMBO,"$1,348.55 "
"HC CT ANGIO,HEAD COMBO,INCL IMAGE PROCESS","$3,054.00 "
"HC CT ANGIO,NECK COMBO,INCL IMAGE PROCESS","$3,297.00 "
HC CT SCAN MAXILLOFACIAL AREA W CONTRAST,"$2,887.76 "
HC CT SCAN MAXILLOFACIAL AREA COMBO,"$2,857.00 "
HC CT ORBIT/SELLA/POST FOSSA/EAR WO/W CONTR,"$2,126.74 "
"HC CT SCAN,THORAX,W/O CONTRAST","$2,462.00 "
HC CT SCAN THORAX W CONTRAST,"$3,000.00 "
HC CT SCAN THORAX COMBO,"$3,605.00 "
"HC CT ANGIO, CHEST, COMBO, INCL IMAGE PROC","$3,620.00 "
"HC CT SCAN,CERVICAL SPINE,W/O CONTRAST","$2,756.85 "
"HC CT SCAN,THORACIC SPINE,W/O CONTRAST","$2,738.41 "
HC CT SCAN LUMBAR SPINE WO CONTRAST,"$2,549.00 "
HC CT SCAN LUMBAR SPINE W CONTRAST,"$2,965.00 "
"HC CT SCAN,PELVIS,W/O CONTRAST",$600.10 
HC CT SCAN OF PELVIS CONTRAST,"$2,978.46 "
HC CT UPPER EXTREMITY WO CONTRAST,"$2,268.00 "
HC CT UPPER EXTREMITY W CONTRAST,"$2,729.00 "
"HC CT SCAN,LOWER EXTREMITY,W/O CONTRAST","$2,316.00 "
HC CT SCAN OF LEG CONTRAST,"$2,499.00 "
HC CT SCAN OF LEG COMBO,"$2,872.00 "
"HC CT SCAN,ABDOMEN,W/O CONTRAST","$2,829.00 "
HC CT SCAN OF ABDOMEN CONTRAST,"$3,382.99 "
HC CT SCAN OF ABDOMEN COMBO,"$3,347.00 "
HC CT ANGIO ABD & PLVIS WO/W CONTRAST,"$1,877.85 "
"HC CT ANGIO, ABD, COMBO,INCL IMAGE PROC","$3,278.00 "
HC CT SCAN ABDOMEN/PELVIS WO CONTRAST,"$4,502.00 "
HC CT SCAN ABDOMEN/PELVIS W CONTRAST,"$5,307.25 "
HC CT SCAN ABDOMEN/PELVIS COMBO,"$6,511.00 "
"HC CT ANGIO AORTOBIFEMORAL, COMBO","$3,513.00 "
HC MYELOGRAM INJ; SPINAL NOT C1-C2,"$2,084.95 "
HC CT SCAN CERV SPINE CONTRAST,"$3,448.87 "
HC CT SCAN CERV SP COMBO,"$2,248.50 "
HC CT SCAN DORSAL SP CONTRAST,"$3,144.70 "
"HC CT ANGIO,UPPER EXTREM,COMBO","$1,409.70 "
HC CT SCAN LUMBAR SPINE WO/W CONTRAST,"$2,126.74 "
HC CT UPPER EXTREMITY WO/W CONTRAST,"$2,126.74 "
HC OR TIME 1ST 60 MIN LVL 1,"$5,848.00 "
HC OR TIME 1ST 60 MIN LVL 2,"$7,310.00 "
HC OR TIME 1ST 60 MIN LVL 3,"$8,563.15 "
HC OR TIME 1ST 60 MIN LVL 4,"$9,607.45 "
HC OR TIME 1ST 60 MIN LVL 5,"$10,442.85 "
HC OR TIME EACH ADDL 15 MIN LVL 1,$570.00 
HC OR TIME EACH ADDL 15 MIN LVL 2,$712.50 
HC OR TIME EACH ADDL 15 MIN LVL 3,$834.65 
HC OR TIME EACH ADDL 15 MIN LVL 4,$936.45 
HC OR TIME EACH ADDL 15 MIN LVL 5,"$1,017.85 "
HC REPR WND SMP FACE <2.5 CM,$276.96 
HC INTRO CATH DIALYSIS CIRC W/TCAT PLMT IV STENT S&I,"$43,885.94 "
HC EXC B9 LESION MRGN XCP SK TG T/A/L 0.5 CM/&LT;,"$2,695.55 "
HC TX SUPERFICIAL WOUND DEHISCENCE W/PACKING,"$1,463.10 "
HC ARTHROSCOPY SHOULDER SURG DEBRIDEMENT EXTENSIVE,"$11,091.25 "
HC ARTHROSCOPY SHOULDER DISTAL CLAVICULECTOMY,"$11,091.25 "
HC ARTHROSCOPY SHOULDER W/CORACOACRM LIGMNT RELEASE,"$8,766.49 "
HC APP SKN SUB TRNK/ARM/LEG TTL 100SQCM 1ST 25 SQCM,"$1,302.00 "
HC APP SKN SUB HEAD/HND/FT/GNT TTL 100SQCM 1ST 25 SQCM,"$1,527.00 "
HC LW $ SKN SUB TRNK/ARM/LEG TTL 100SQCM 1ST 25 SQCM,"$1,024.00 "
HC BRONCHOSCOPY DIAG,$443.00 
HC BRONCHOSCOPY DIAG W BRUSH,"$2,797.90 "
HC BRONCHOSCOPY DIAG W LAVAGE,"$5,275.60 "
HC BRONCHOSCOPY DIAG W BRONCH BX,"$2,797.90 "
"HC BRONCHOSCOPY DIAG W LUNG BX, SINGLE LOBE","$5,275.60 "
"HC BRONCHOSCOPY DIAG W NEEDLE ASP BX, SINGLE LOBE","$11,281.80 "
"HC BRONCHOSCOPY DIAG W NEEDLE ASP BX, EA ADD LOBE","$1,863.04 "
HC BRONCHOSCOPY DIAG W REMOVAL FB,"$5,275.60 "
"HC BRONCHOSCOPY THERAPEUTIC ASPIR, INIT","$2,797.90 "
"HC THROMBOLYTIC THERAPY, STROKE",$976.00 
"HC BIOPSY SALIVARY GLAND,NEEDLE","$1,452.00 "
HC CATH/INJECT HYSTEROSALPINGOGRAM,"$1,298.15 "
"HC MYELOGRAPHY LUMBAR INJ, LUMBOSCRAL","$3,071.40 "
HC INJ DX/THR PARAVRT FACET JNT IMG LUMB/SAC 1ST LVL,"$2,649.45 "
HC INCISION & DRAIN SKIN ABSCESS SIMPLE,$809.80 
HC INCISION & DRAIN SKIN ABSCESS COMPLIC,"$1,025.00 "
HC INCISION & DRAIN PILONIDAL CYST SIMPL,$449.30 
HC INCISION & DRAIN PILONIDAL CYST COMPLICATED,"$3,472.95 "
HC REMOVE FOREIGN BODY SIMPLE,$449.30 
HC INCISION & DRAIN OF HEMATOMA/FLUID,"$3,472.95 "
HC PUNCTURE DRAINAGE OF LESION,"$1,100.80 "
HC DEBRIDE SKIN SUB-Q TISS =<20 SQ CM,"$1,945.00 "
HC DEBRIDE SKIN SUB-Q TISS MUSCLE =<20 SQ CM,"$2,485.00 "
HC DEBRIDE SKIN SUB-Q TISS MUSCLE BONE =<20 SQ CM,"$2,002.95 "
HC DEBRIDE SKIN SUB-Q TISS EACH ADD 20 SQ CM,$903.00 
HC DEBRIDE SKIN SUB-Q TISS MUSCLE EA ADD 20 SQ CM,"$1,054.50 "
"HC TRIM BENIGN HYPERKERATOTIC SKIN LESION, SINGLE",$251.00 
"HC TRIM BENIGN HYPERKERATOTIC SKIN LESION,2-4",$244.00 
"HC BIOPSY OF SKIN LESION, SINGLE",$995.61 
"HC REMOVAL OF SKIN TAGS, UP TO 15",$315.50 
"HC DEBRIDEMENT OF NAILS, 1-5",$224.00 
HC REMOVAL OF NAIL PLATE,$334.00 
HC REMOVAL OF NAIL BED,$617.00 
HC RECONSTRUC OF NAIL BED,$461.60 
HC REPR WND SMP BODY/SCALP/EXTR <2.5 CM,$461.60 
HC REPR WND SMP BODY/SCALP/EXTR 2.6-7.5 CM,$461.60 
HC REPR WND SMP BODY/SCALP/EXTR 7.6-12.5 CM,$461.60 
HC REPR WND SMP BODY/SCALP/EXTR 12.6-20 CM,$553.92 
HC REPR WND SMP BODY/SCALP/EXTR 20.1-30 CM,$498.10 
HC REPR WND SMP FACE 2.6-5.0 CM,$369.28 
HC REPR WND SMP FACE 5.1-7.5 CM,$461.60 
"HC TREAT WND DEHISCENCE, SIMPLE CLOSURE","$2,150.60 "
HC REPR WND INTRMD BODY/SCALP/EXTR <2.5 CM,$461.60 
HC REPR WND INTRMD BODY/SCALP/EXTR 2.6-7.5 CM,"$1,087.70 "
HC REPR WND INTRMD BODY/SCALP/EXTR 7.6-12.5 CM,$461.60 
HC REPR WND INTRMD NECK/HND/FT/GENT <2.5 CM,$568.20 
HC REPR WND INTRMD NECK/HND/FT/GENT 2.6-7.5 CM,$461.60 
HC REPR WND INTRMD NECK/HND/FT/GENT 7.6-12.5 CM,$461.60 
HC REPR WND INTRMD FACE <2.5 CM,$276.96 
HC REPR WND INTRMD FACE 5.1-7.5 CM,$461.60 
HC REPR WND CPLX SCALP 2.6-7.5 CM,$461.60 
HC REPR WND CPLX SCALP ADD 5.0 CM,$505.75 
HC REPR WND CPLX EYE/EAR/NOSE/LIP 2.6-7.5 CM,"$1,578.55 "
HC PREP WND TRK/AR/LG 100 SQCM OR 1% PEDS,"$1,771.00 "
"HC TREAT BURN 1ST DEGREE, INITIAL",$252.25 
HC DRESS/DEBRIDE BURN <5% TOTAL SM,$260.00 
HC I&D BREAST LESION,"$1,040.50 "
HC ASP/DRAIN LARGE JOINT/BURSA,$674.45 
HC BIOPSY SOFT TISSUE NECK/CHEST,"$2,092.45 "
HC DRAIN FINGER ABSCESS SIMPLE,$449.30 
"HC DRAIN FINGER ABSCESS,COMPLICATED","$3,472.95 "
HC DRAIN LOWER LEG DEEP ABSC/HEMATOMA,"$4,200.00 "
"HC BX LOW LEG SOFT TISSUE,DEEP","$4,543.00 "
HC REMOVAL FOOT FB SUBQ,"$1,234.30 "
HC REMOVE NASAL FB,$182.60 
HC INTUBATION ENDOTRACHEAL,$899.00 
HC CATHETER ASPIRATN NASOTRACH,$184.00 
HC PERQ LUNG/MEDIASTINUM BX,"$2,500.89 "
HC TUBE THORACOSTOMY W DRAIN SYS,$956.35 
HC THORACENTESIS NDL/CATH PLEURA ASP WO IMAG,$956.35 
"HC PERICARDIOCENTESIS, INIT",$956.35 
HC INSERT NON-TUNNEL CV CATH =>5 YR,"$4,159.35 "
HC INSERT TUNNELED CV CATH W/O PORT OR PUMP,"$8,850.73 "
HC RPLC CV CATH CMPLT TUNLD WO SUBQ PORT/PUMP,"$8,984.85 "
HC REPLACE PICC WO PORT/PUMP,"$3,474.25 "
HC REMOVAL TUNLD CV CATH W SUBQ PORT/PUMP,"$3,990.30 "
HC REPOSITION VENOUS CATHETER,"$3,428.95 "
"HC INSERT NEEDLE,INTRAOSSEOUS INFUSN",$439.70 
HC BONE MARROW; ASPIRATION ONLY,$163.50 
"HC BONE MARROW BX, NEEDLE/TROCAR",$163.50 
"HC NEEDLE BIOPSY, LYMPH NODE(S)","$1,492.75 "
"HC REPAIR LIP,FULL THICK,VERMILION","$2,411.20 "
"HC REPAIR TONGUE LACER,>2.6 CM/COMPLX","$2,411.20 "
HC DRAINAGE OF GUM LESION,$440.00 
HC CHANGE GASTROSTOMY TUBE PERCUTANEOUS W/O GUIDE,$881.40 
HC I&D PERIRECTAL ABSCESS,"$5,382.10 "
"HC I&D PERIANAL ABSCESS,SUPERFICIAL","$4,404.55 "
HC INCISE EXTERNAL HEMORRHOID,$743.10 
HC NEEDLE BIOPSY LIVER,"$1,786.35 "
HC ABDOM PARACENTESIS DX/THER W/O IMAGING GUIDANCE,"$2,151.90 "
"HC PERCUT BIOPSY, ABDOMINAL MASS","$2,500.89 "
HC RENAL BIOPSY PERQ,"$2,500.89 "
HC IRRIGATION OF BLADDER,$496.00 
"HC INSERT,NON-INDWELLING BLADDER CATHETER",$658.70 
"HC INSERT,TEMP INDWELLING BLAD CATH,SIMPLE",$658.75 
HC I&D OF VULVA/PERINEUM ABSCESS,"$1,209.95 "
HC I&D BARTHOLIN GLAND ABSCESS,$708.35 
"HC BIOPSY OF THYROID,PERCUT","$1,040.50 "
"HC SPINAL PUNCTURE,LUMBAR,DIAGNOSTIC","$1,863.80 "
"HC SPINAL PUNCTURE,THERAPEUTIC DRAINAGE","$1,495.90 "
"HC REMV F.B.,EYE,SUPERF CONJUNC",$368.30 
"HC REMV F.B.,EYE,CORNEA,NO SLIT",$368.30 
"HC REMV F.B.,EYE,CORNEA,SLIT LAMP",$368.30 
HC DRAINAGE OF EYELID ABSCESS,"$1,258.80 "
"HC DRAIN EXT EAR ABSC/BLOOD,SIMPLE",$449.30 
HC REMV EXT CANAL FOREIGN BODY,$182.60 
HC REMOVAL IMPACTED CERUMEN INSTRUMENTATION UNILAT,$182.60 
HC DEBRIDEMENT OPEN WOUND 20 SQ CM<,$373.43 
HC DEBRIDEMENT OPEN WOUND EA ADDL 20 SQ CM,$258.00 
"HC DEBRIDEMNT WOUND, NON-SELECTIVE, EA",$91.00 
HC INJECT TENDON ORIGIN/INSERT,$517.00 
HC INJ DX/THER SBST INTRLMNR CRV/THRC WO IMG,"$3,360.30 "
HC INJ DX/THER SBST INTRLMNR LMBR/SAC WO IMG,"$2,060.95 "
HC REMOVAL TUNNELED CV CATH W/O SUBQ PORT OR PUMP,"$1,657.30 "
HC PLACEMENT NG/OG TUBE BY PHYSICIAN,"$1,133.30 "
HC EXC SKIN MALIG >4 CM TRNK/ARM/LEG,"$7,071.40 "
HC BRONCHOSCOPY COMPUTER ASSIST/IMAGE GUIDED NAVIGAT,"$3,875.00 "
HC INSERT PICC W/O SUB-Q PORT,"$4,217.50 "
"HC PLACE NEPROSTOMY CATH, PERQ W IMG","$6,134.75 "
"HC INJ DX/THER AGNT PARAVERT FCT W IMG,LUMB/SAC, 2ND LVL","$1,499.96 "
HC DSTR NROLYTC AGNT PARVERTEB FCT SNGL CRVCL/THORA,"$6,253.68 "
HC DSTR NROLYTC AGNT PARVERTEB FCT ADDL CRVCL/THORA,"$1,922.89 "
HC DSTR NROLYTC AGNT PARVERTEB FCT SNGL LMBR/SACRAL,"$5,570.24 "
HC DSTR NROLYTC AGNT PARVERTEB FCT ADDL LMBR/SACRAL,"$2,307.68 "
HC BONE MARROW ASPIRATE &BIOPSY,$58.00 
HC INJ PARAVERT F JNT C/T 1 LEV,"$2,649.45 "
HC INJ PARAVERT F JNT C/T 2ND LVL,"$1,455.00 "
HC INJ PARAVERT F JNT C/T 3RD LVL,"$1,279.00 "
HC INJ DX/THR PARAVRT FACET JNT IMG LUMB/SAC 3RD LVL,"$1,380.00 "
HC INJ DX/THER SBST INTRLMNR CRV/THRC W IMG,"$2,534.90 "
HC INJ DX/THER SBST INTRLMNR LMBR/SAC W IMG,"$2,534.90 "
HC INTRO CATH DIALYSIS CIRC DX ANGRPH FLUOR S&I,"$4,788.91 "
HC INTRO CATH DIALYSIS CIRC W/TRLUML BALO ANGIOP S&I,"$24,126.00 "
"HC INJECTION SACROILIAC JNT, STROID/ANES AGENT","$2,028.76 "
HC EXC B9 LESION MRGN XCP SK TG T/A/L 1.1-2.0 CM,"$4,132.90 "
HC DIAGNOSTIC BONE MARROW BIOPSIES & ASPIRATIONS,"$6,740.15 "
HC ANESTHESIA 1ST 60 MIN GENERAL,"$1,950.00 "
HC ANESTHESIA ADDL 15 MIN GENERAL,$487.50 
HC BLOCK/SPINAL 1ST 60 MIN,"$1,500.00 "
HC BLOCK/SPINAL ADDL 15 MIN,$375.00 
HC MAC 1ST 60 MIN,"$1,000.00 "
HC MAC ADDL 15 MIN,$250.00 
HC LOCAL 1ST 60 MIN,$550.00 
HC MODER SEDATE SAME PHYS/QHP <5 YRS INIT 15 MIN,$589.96 
HC MODER SEDATE SAME PHYS/QHP 5/>YRS INIT 15 MIN,"$3,842.00 "
HC MODER SEDATE SAME PHYS/QHP EACH ADDL 15 MIN,$589.96 
"HC INJ NERV BLCK, TRIGEMINAL",$674.45 
"HC INJ NERV BLCK, GREATER OCCIPITAL","$1,863.80 "
"HC INJ NERV BLCK, BRACHIAL PLEXUS, SINGLE","$1,863.80 "
"HC INJ NERV BLCK, INTERCOSTAL, SINGLE",$674.45 
"HC INJ NERV BLCK, INTERCOSTAL, MULT, REGIONL","$3,360.30 "
"HC INJ NERV BLCK, LUMBAR PLEX POST, CONTINU W CATH","$3,360.30 "
"HC INJ NERV BLCK,OTHR PERIPH NERV",$674.45 
HC MOD SEDATJ DIFF PHYS/QHP <5 YRS INIT 15 MIN,$462.76 
HC MODERATE SEDATJ DIFF PHYS/QHP 5/>YRS INIT 15 MIN,"$4,440.00 "
HC MODERATE SEDATJ DIFF PHYS/QHP EA ADDL 15 MIN,$424.22 
"HC INJ ANES/STROD FORAMEN CERV/THORA W IMG, ADDL LVL","$2,879.00 "
"HC INJ ANES/STROD FORAMEN LUMBR/SACR W IMG, 1 LVL","$1,789.50 "
"HC RBC LEUKOCYTES REDUCED, PER UNIT",$193.00 
"HC PLATELETS PHERESIS LEUKOCYTES REDUCED, PER UNIT",$611.00 
"HC PLATELETS PHRSIS LEUKO REDUCE IRRADIAT, EA UNIT",$610.00 
"HC RBC IRRADIATED, PER UNIT",$460.00 
"HC RBC LEUKOREDUCED IRRADIATED, PER UNIT",$325.00 
"HC PLASMA CRYOPRECIPITATE REDUCED, PER UNIT",$46.00 
"HC FRESH FROZEN PLASMA IN 8-24HR, PER UNIT",$56.00 
HC BLOOD TRANSFUSION SERVICE,"$1,486.50 "
"HC IRRADIATION BLOOD PRODUCT, PER UNIT",$39.00 
HC TRANSFUSION PROCEDURE,$535.00 
HC PERQ DEV PLACE BREAST LOC 1ST LES W MAMMO GUID,"$1,414.56 "
HC PERQ DEV PLACE BREAST LOC 1ST LES W MAMMO GUID,$707.28 
HC MAMMOGRAPHY; UNILATERAL,$291.00 
HC MAMMOGRAPHY; BILATERAL,$906.90 
HC BX BREAST W DEVICE STEREOTACT GUIDE 1ST LESION,"$5,263.15 "
HC BX BREAST W DEVICE STEREOTACT GUIDE ADDL LESION,"$5,263.15 "
HC PERQ BREAST LOC DEV PLACE STROTACT GUID 1ST LES,"$1,060.92 "
HC PERQ BREAST LOC DEV PLACE STROTACT GUID 1ST LES,$530.46 
HC PERQ DEVICE PLACEMT BREAST LOC EA LES W GUIDNCE,$707.28 
HC DIGITAL BREAST TOMOSYNTHESIS UNILAT,$493.20 
HC DIGITAL BREAST TOMOSYNTHESIS BILAT,$493.20 
HC ABDOM PARACENTESIS DX/THER W IMAGING GUIDANCE,"$2,151.90 "
"HC US, HEAD/NECK TISSUES,REAL TIME",$867.00 
"HC US, CHEST,REAL TIME",$651.00 
"HC US, BREAST UNILAT COMPLETE",$340.38 
"HC US, BREAST UNILAT COMPLETE",$170.19 
"HC US, ABDOM,B-SCAN &/OR REAL TIME,COMPLETE","$1,135.00 "
"HC US, ABDOMEN LIMITED",$903.00 
"HC US,RETROPERIT, B-SCAN/REAL TIME,COMPLETE",$915.00 
"HC US, RETROPERITNL ABD, LTD",$822.99 
"HC US, OB < 14 WKS, SINGLE FETUS",$851.00 
"HC US, OB < 14 WKS, ADD'L FETUS",$467.00 
"HC US, OB >/= 14 WKS, SNGL FETUS",$924.00 
"HC US,PREGNANT UTERUS,LIMITED, 1/> FETUSES",$674.25 
"HC US,PREGNANT UTERUS,TRANSVAGINAL",$732.00 
"HC ULTRASOUND,TRANSVAGINAL",$792.00 
"HC ULTRASOUND,PELVIC (NONOBSTETRIC)","$1,025.00 "
HC US PELVIS NONOBST LIMITED/FU,$608.00 
"HC ULTRASOUND,SCROTUM & CONTENTS",$854.00 
HC US EXTREMITY NON VASCULAR REAL TIME COMP,$847.05 
HC US EXTREMITY NON VASCULAR REAL TIME LTD,$661.64 
"HC US GUIDE, VASCULAR ACCESS",$718.16 
HC US GUIDE FOR NEEDLE PLACEMENT,"$1,081.92 "
HC BX BREAST W DEVICE US GUIDE 1ST LESION,"$15,789.46 "
HC BX BREAST W DEVICE US GUIDE 1ST LESION,"$7,894.73 "
HC BX BREAST W DEVICE US GUIDE ADDL LESION,"$5,263.15 "
"HC MEAS,POST-VOID RES,US,NON-IMAGING",$182.60 
"HC US,TRANSPLANTED KIDNEY, REAL TIME/ DOPPLER",$899.00 
"HC US,PREGNANT UTERUS,F/U,TRANSABD APP",$552.00 
"HC US,TRANSRECTAL",$894.00 
"HC US GUID,COMP REPAIR,PSEUDO-ANEUR/AV FIST","$1,197.00 "
HC GUIDE RAD THERAPY FIELDS,$597.75 
"HC US, OB >/= 14 WKS, ADD'L FETUS",$650.00 
HC ULTRASOUND BREAST UNILAT LIMITED,"$1,284.00 "
HC ULTRASOUND BREAST UNILAT LIMITED,$642.00 
"HC MAMMOGRAM, SCREENING",$506.25 
HC SCREENING DIGITAL BREAST TOMOSYNTHESIS BILAT,$139.94 
HC PET IMAGING CT ATTENUATION SKULL BASE MID-THIGH,"$9,003.61 "
HC WITHDRAWAL OF ARTERIAL BLOOD,$658.75 
"HC VENT MANAGEMENT, INPATIENT, INITIAL DAY","$2,077.97 "
"HC POS AIRWAY PRESSURE, CPAP",$823.15 
"HC CHEST WALL MANIPULATION,INITIAL",$195.00 
HC THERAPEUTIC PROCD STRG ENDUR,$200.00 
"HC VENT MANAGEMENT, INPAT/OBSER, EA SUBQ DAY","$1,958.14 "
"HC CHEST WALL MANIPULATION, SUBSEQUENT",$261.85 
"HC THERAPEUTIC PROCD IMPROVE RESP FUNC, PER 15 MIN",$123.00 
"HC THERAPEUTIC PROCD IMPROVE RESP FUNC, 2 OR > INDIV",$794.18 
HC AIRWAY INHALATION TREATMENT,$823.15 
"HC CONTINUOUS INHALATION TX, 1ST HR",$659.00 
"HC DEMO &/OR EVAL,PT USE,AEROSOL DEVICE",$823.15 
"HC HYPERBARIC OXY, FULL BODY, PER 30 MIN",$450.95 
"HC THERAPEUTIC EXERCISES, EA 15 MIN",$158.00 
"HC GAIT TRAIN THERAPY, EA 15 MIN",$200.75 
HC THERAPEUT ACTVITY DIRECT PT CONTACT EA 15 MIN,$169.00 
"HC NEUROMUSC REEDUCAT,1+ AREAS, EA 15 MIN",$215.00 
HC SELF CARE MNGMENT TRAIN EA 15 MIN,$204.00 
HC HOT OR COLD PACKS THERAPY,$162.00 
"HC ELECTRIC CURRENT THER, IONTOPHORESIS  EA 15 MIN",$226.00 
HC MANUAL THERAPY 1/> REGIONS EA 15 MIN,$222.10 
HC MASSAGE THERAPY EA 15 MIN,$159.00 
HC PARAFFIN BATH THERAPY,$120.00 
HC ULTRASOUND THERAPY EA 15 MIN,$205.00 
HC ELEC STIM OTHER THAN WOUND,$245.00 
HC ELECTRICAL STIMULATION EA 15 MIN,$153.00 
HC ORTHOTIC MGMT AND TRAIN  INITIAL ENCTR EA 15 MIN,$265.00 
HC SENSORY INTEGRATION EA 15 MIN,$241.70 
HC AQUATIC THERAPY/EXERCISES EA 15 MIN,$198.00 
HC GROUP THERAPEUTIC PROCEDURES,$135.61 
HC WHEELCHAIR MNGMENT TRAIN EA 15 MIN,$312.00 
HC WHIRLPOOL THERAPY,$221.00 
HC ELECT STIMUL UNATTND FOR ULCERS,$245.00 
HC PROSTHETIC TRAIN INITIAL ENCTR EA 15 MIN,$142.00 
HC MECHANICAL TRACTION THERAPY,$218.00 
"HC PHYS THRP RE-EVAL, 20 MIN",$202.00 
"HC PHYS THRP EVAL, LOW COMPLEXITY, 20 MIN",$230.00 
"HC PHYS THRP EVAL, MODERATE COMPLEXITY, 30 MIN",$345.00 
"HC PHYS THRP EVAL, HIGH COMPLEXITY, 45 MIN",$460.00 
HC THERAPEUTIC IVNTJ W/FOCUS ON COGNITIVE FUNCTION,$277.50 
"HC OCCUP THRP RE-EVAL, 30 MIN",$420.00 
"HC OCCUP THRP EVAL,  LOW COMPLEXITY, 30 MIN",$324.00 
"HC OCCUP THRP EVAL, MODERATE COMPLEXITY, 45 MIN",$432.00 
"HC OCCUP THRP EVAL, HIGH COMPLEXITY, 60 MIN",$648.00 
"HC SPEECH/HEARING THERAPY INDIVIDUAL, 15 MIN",$207.00 
"HC SPEECH/HEARING THERAPY INDIVIDUAL, 30 MIN",$414.00 
"HC SPEECH/HEARING THERAPY INDIVIDUAL, 45 MIN",$621.00 
"HC SPEECH/HEARING THERAPY INDIVIDUAL, 60 MIN",$828.00 
"HC ORAL FUNCTION THERAPY, 15 MIN",$438.00 
"HC ORAL FUNCTION THERAPY, 30 MIN",$338.20 
"HC ORAL FUNCTION THERAPY, 45 MIN",$507.30 
"HC ORAL FUNCTION THERAPY, 60 MIN",$676.40 
"HC ST EVAL SPEECH SOUND PRODUCTION ARTICULATE, 15 MIN",$136.25 
"HC ST EVAL SPEECH SOUND PRODUCTION ARTICULATE, 30 MIN",$272.50 
"HC ST EVAL SPEECH SOUND PRODUCTION ARTICULATE, 45 MIN",$408.75 
"HC ST EVAL SPEECH SOUND PRODUCTION ARTICULATE, 60 MIN",$545.00 
"HC ST EVAL SPEECH SOUND PROD LANGUAG COMPRHNS, 15 MIN",$115.50 
"HC ST EVAL SPEECH SOUND PROD LANGUAG COMPRHNS, 30 MIN",$231.00 
"HC ST EVAL SPEECH SOUND PROD LANGUAG COMPRHNS, 45 MIN",$346.50 
"HC ST EVAL SPEECH SOUND PROD LANGUAG COMPRHNS, 60 MIN",$462.00 
"HC ST EVAL SPEECH SOUND PROD LANGUAG COMPRHNS, 75 MIN",$577.50 
"HC EVAL,ORAL & PHARYNGEAL SWALLOW FUNCTION, 15 MIN",$174.24 
"HC EVAL,ORAL & PHARYNGEAL SWALLOW FUNCTION, 30 MIN",$348.48 
"HC EVAL,ORAL & PHARYNGEAL SWALLOW FUNCTION, 45 MIN",$522.72 
"HC EVAL,ORAL & PHARYNGEAL SWALLOW FUNCTION, 60 MIN",$696.96 
"HC EVAL,SWALLOW FUNCTION,CINE/VIDEO RECORD, 30 MIN",$300.50 
"HC EVAL,SWALLOW FUNCTION,CINE/VIDEO RECORD, 45 MIN",$450.75 
"HC EVAL,SWALLOW FUNCTION,CINE/VIDEO RECORD, 60 MIN",$601.00 
"HC EVAL,SWALLOW FUNCTION,CINE/VIDEO RECORD, 75 MIN",$751.24 
HC EX FOR SPEECH DEVICE RX INIT HR,$652.00 
HC ED LEVEL 1,$319.00 
HC ED LEVEL 2,$563.95 
HC ED LEVEL 3,"$1,007.50 "
HC ED LEVEL 4,"$1,669.00 "
HC ED LEVEL 5,"$2,463.45 "
"HC CRITICAL CARE, E/M 30-74 MINUTES","$3,503.18 "
"HC CRITICAL CARE, ADDL 30 MIN",$991.00 
HC BREATHING CAPACITY TEST,$157.00 
HC EVAL OF BRONCHOSPASM,$436.00 
HC GAS DILUT/WASHOUT LUNG VOL W/WO DISTRB VENT&VOL,$427.00 
HC DIFFUSING CAPACITY,$214.00 
"HC NONINVASV OXYGEN SATUR,MULTIPLE",$75.00 
"HC NONINVASV OXYGEN SATUT,CONTINUOUS",$563.55 
HC NONINVASV OXYGEN SATUR;SINGLE,$25.00 
"HC PULMONARY STRESS TESTING,SIMPLE",$110.00 
HC EXHALED CARBON DIOXIDE TEST,$230.00 
"HC PULMONARY STRESS TESTING, COMPLEX",$273.54 
HC HEART/LUNG RESUSCITATION (CPR),"$1,190.20 "
"HC CARDIOVERSION, ELECTIVE;EXTERN","$2,352.50 "
HC INSERT VENTR PM W TRANSVENOUS ELECTRODE,"$23,011.77 "
HC INSERT ART & VENTR PM W TRANSVENOUS ELECTROD,"$26,904.24 "
HC INSRT SINGLE TRANSVEN ELECTROD/PM/DEFIB,"$19,636.02 "
"HC REMV TRANSVEN PACER ELECTRODE,2 LEAD","$7,204.40 "
HC ENDOVAS AAA REPR W/SM TUBE,"$8,716.74 "
HC PLC CATH EXTREM ARTERY,$591.57 
HC PLC CATH AORTA,"$1,622.24 "
"HC PLC CATH SELECTIVE ART,NECK","$1,261.33 "
HC NONSLCTV CATH THOR AORT ANGIO INTR/XTRCRANL ART,"$8,505.98 "
HC SLCTV CATH CAROTID/INNOM ART ANGIO XTRCRANL ART,"$8,505.98 "
HC SLCTV CATH CAROTD/INNOM ART ANGIO INTRCRANL ART,"$8,505.98 "
HC SLCTV CATH SUBCLAVIAN ART ANGIO VERTEBRAL ART,"$8,505.98 "
HC SLCTV CATH XTRNL CAROTID ANGIO XTRNL CAROTD CIR,"$8,505.98 "
"HC PLACE CATH SELECT ART,ABD/PEL","$1,420.30 "
"HC PLACE CATH SUBSELECT ART,ABD/PEL","$1,723.93 "
"HC PLACE CATH SUBSUBSELECT ART,ABD/PEL","$2,027.55 "
HC SLCTV CATH 1STORD W/WO ART PUNCT/FLUORO/S&I UNI,"$12,463.70 "
HC INSERT INTRVAS VC FILTR W VASC ACS VSSL RS&I,"$17,294.55 "
HC REVASC ILIAC ARTANGIOPLASTY INIT VSSL,"$22,696.10 "
HC REVASC ILIAC ART ANGIOPL/STNT INIT VSSL,"$21,184.90 "
HC REVASC ILIAC ART ANGIOPL EA ADD VESSEL,"$11,394.82 "
HC REVASC ILIAC ART ANGIOPLASTY/STNT EA ADD VSSL,"$21,184.90 "
HC REVASC FEM/POP ART ANGIOPLASTY,"$12,720.00 "
HC REVASC FEM/POP ART ANGIOPL/STNT/ATHERECTOMY,"$46,734.69 "
HC REVASC TIBIAL/PERON ART ANGIOPL INIT,"$28,883.58 "
HC REVASC TIBIAL/PERON ART ANGIOPLASTY EA ADD,"$21,120.82 "
HC REVASC TIBIAL/PERON ART ANGIOPL/ATHEREC EA ADD,"$21,120.82 "
HC OPEN/PERQ PLACEMENT INTRAVASCULAR STENT INITIAL,"$28,883.58 "
HC OPEN/PERQ PLACEMENT INTRAVASCULAR STNT SAME 1ST,"$28,883.58 "
"HC LEFT HEART CATH INJ VETRICULOGRAPHY, RS/I","$15,281.80 "
HC CATH PLC/COR ANGIO RS/I,"$15,281.80 "
HC CATH PLC/COR ANGIO RS/I BYPASS ANGIO,"$15,281.80 "
HC CATH PLC/COR ANGIO RS/IN W RIGHT HEART CATH,"$15,281.80 "
HC CATH PLC/COR ANGIO RS/I W L HRT VENTRICULOGRPHY,"$15,281.80 "
HC CATH PLC/COR ANGIO RS/I R&L HRT CATH L VENTRIC,"$15,281.80 "
HC INSERT/PLACE FLOW DIRECT CATH,"$4,929.10 "
HC INJ SUPRAVALVULAR AORTOGRAPHY DURING HEART CATH,$263.35 
HC REVASC FEM/POP ART ANGIOPL/ATHERECTOMY,"$26,385.06 "
HC REVASC TIBIAL/PERON ART ANGIOPL/ATHERECT INIT,"$21,319.02 "
HC TRLML BLLN ANGIOP OPEN/PERQ IMG S&I INIT ART,"$24,115.80 "
HC TRLML BLLN ANGIOP OPEN/PERQ IMG S&I EA ADDL ART,"$14,469.48 "
HC TRLML BLLN ANGIOP OPEN/PERQ W/IMG S&I INIT VEIN,"$24,115.80 "
HC TRLML BLLN ANGIOP OPEN/PERQ W/IMG S&I ADDL VEIN,"$14,469.48 "
HC EVASC RPR DPLMNT AORTO-AORTIC NDGFT,"$12,859.10 "
HC EVASC RPR DPLMNT AORTO-BI-ILIAC NDGFT,"$16,029.88 "
"HC CARDIAC STRESS TST,TRACING ONLY (93017)","$1,437.63 "
"HC ECHO HEART XTHORACIC,COMPLETE W DOPPLER","$2,612.62 "
"HC ECHO HEART XTHORACIC,LIMITED",$948.00 
"HC ECHO HEART,TRANSESOPHAGEAL,COMPLETE","$2,972.20 "
HC DOPPLER COLOR FLOW VELOCITY MAP (93325),$710.01 
"HC ECHO HEART XTHORACIC, STRESS/REST",$945.05 
HC ECHO TTHRC R-T 2D W/WO M-MODE RST&STRS CONT ECG,"$2,972.20 "
HC ECHO CONTRAST AGENT DURING STRESS ECHO (93352),$278.65 
HC 2D TTE W OR W/O FOL W/CON COMPLETE,"$2,452.40 "
HC TTE 2D W OR W/O FOL W/CON LIMITED,"$2,486.55 "
"HC TTE W OR WO FOL WCON, STRESS","$2,114.00 "
"HC TTE CONGENITAL ANOMALIES, F/U OR LIMIT","$1,143.05 "
HC MRI CHEST WO/W CONTRAST,"$3,543.82 "
"HC MRI, PELVIS, W/O CONTRAST","$3,447.46 "
"HC MRI, PELVIS, COMBO","$4,504.50 "
HC MRI UPPER EXTREMITY W/O CONTRAST,"$1,014.00 "
HC MRI UPPER EXTREM WO/W CONTRAST,"$1,559.00 "
HC MRI JOINT UPPER EXTREM WO CONTRAST,"$1,687.00 "
"HC MRI, JOINT UPPER EXTREM COMBO","$1,998.00 "
"HC MRI, LOWER EXTREM","$1,045.00 "
HC MRI LOWER EXTR W/O CONTRAST F/U BY CONTRAST,"$4,183.00 "
"HC MRI LOWER EXTREM JT, W/O CONTRAST","$1,681.00 "
HC MRI JOINT OF LEG W/CONTRAST,"$3,796.00 "
HC MRI JOINT OF LEG. COMBO,"$2,673.00 "
HC MRI ABDOMEN WO CONTRAST,"$3,461.11 "
HC MRI ABDOMEN WO/W CONTRAST,"$4,733.77 "
HC MRI BREAST BI WO/W CONTRAST,"$1,374.00 "
"HC MRI, FACE, NECK","$3,517.00 "
"HC MRI, FACE, NECK, COMBO","$4,740.14 "
HC MRI BRAIN,"$3,587.00 "
HC MRI BRAIN CONTRAST,"$4,185.75 "
HC MRI BRAIN COMBO,"$5,116.57 "
"HC MRI, CERV SPINE","$3,604.09 "
"HC MRI, DORSAL SPINE","$3,544.46 "
"HC MRI, LUMBAR SPINE","$3,572.30 "
"HC MRI, CERV SPINE COMBO","$5,197.98 "
"HC MRI, DORSAL SPINE COMBO","$5,125.75 "
"HC MRI, LUMBAR SPINE COMBO","$4,934.00 "
"HC MR ANGIO, HEAD","$3,164.38 "
"HC MR ANGIO, NECK",$915.00 
"HC MR ANGIO, NECK, COMBO","$2,415.40 "
HC PACU 1ST 60 MIN,$914.00 
HC PACU ADDL 15 MIN,$183.00 
"HC ELECTROCARDIOGRAM, TRACING",$393.35 
HC EXT ECG RECORD CONTIN UP TO 48 HR,$151.00 
"HC EEG,W/AWAKE & DROWSY RECORD",$425.00 
"HC EEG,W/AWAKE & ASLEEP RECORD","$1,187.62 "
"HC EEG,EXTENDED MONITORING,41-60 MINUTES",$425.00 
HC MULTIPLE SLEEP LATENCY TEST,"$3,165.00 "
HC SLP STDY UNATTND SIMUL RCORD HR/O2 SAT/RESP FLW/RESP EFF,$846.00 
HC POLYSOM 6/>YRS SLEEP 4/> ADDL PARAM ATTND,"$4,326.00 "
HC POLYSOM 6/>YRS SLEEP W/CPAP 4/> ADDL PARAM ATTND,"$4,747.00 "
HC ESOPHAGOSCOPY FLEXIBLE TRANSORAL DIAGNOSTIC,"$3,728.00 "
HC ESOPHAGOSCOPY FLX TRANSORAL WITH BIOPSY,"$3,728.00 "
HC ESOPHAGOSCOPY FLX BALLOON DILAT <30 MM DIAM,"$2,400.15 "
HC EGD TRANSORAL DIAGNOSTIC,"$2,400.15 "
HC EGD TRANSORAL BIOPSY SINGLE/MULTIPLE,"$2,470.21 "
HC EGD BAND LIGATION ESOPHGEAL/GASTRIC VARICES,"$2,400.15 "
HC EGD DILATION GASTRIC/DUODENAL STRICTURE,"$3,019.00 "
HC EGD PERCUTANEOUS PLACEMENT GASTROSTOMY TUBE,"$2,400.15 "
HC EGD FLEXIBLE FOREIGN BODY REMOVAL,"$2,400.15 "
HC EGD BALLOON DILATION ESOPHAGUS <30 MM DIAM,"$2,400.15 "
HC EGD REMOVAL TUMOR POLYP/OTHER LESION SNARE TECH,"$2,400.15 "
HC EGD TRANSORAL CONTROL BLEEDING ANY METHOD,"$2,400.15 "
HC ERCP DX COLLECTION SPECIMEN BRUSHING/WASHING,"$5,539.60 "
"HC ERCP,SPHINCTEROTOMY","$5,539.60 "
HC ERCP REMOV CALCULI/DEBRIS BILIARY/PANCREAS DUCT,"$5,539.60 "
HC ENDOSCOPIC PAPILLA CANNULATION BILE/PANCREATIC,"$8,001.90 "
HC ERCP STENT PLACEMENT BILIARY/PANCREATIC DUCT,"$8,002.90 "
HC ERCP BALLN DILATE BILIARY/PANC DUCT/AMPULLA EA,"$5,539.60 "
HC DILATE ESOPHAGUS,"$3,728.00 "
"HC SIGMOIDOSCOPY,DIAGNOSTIC","$1,401.05 "
"HC SIGMOIDOSCOPY,BIOPSY","$2,370.10 "
"HC SIGMOIDOSCOPY,FLEX,W/CONTROL,BLEEDING","$2,370.10 "
"HC SIGMOIDOSCOPY,DECOMPRESS VOLVULUS","$1,401.05 "
"HC COLONOSCOPY,DIAGNOSTIC","$2,546.70 "
"HC COLONOSCOPY,BIOPSY","$2,546.70 "
"HC COLONOSCPY,FLEX,W/DIR SUBMUC INJECT","$3,949.30 "
"HC COLONOSCOPY,FLEX,W/CONTROL, BLEEDING","$2,546.70 "
"HC COLONOSCOPY,REMV LESN,FORCEP/CAUTERY","$2,546.70 "
"HC COLONOSCOPY,REMV LESN,SNARE","$2,748.08 "
"HC COLONOSCOPY THRU STOMA,POLYPECTOMY","$3,763.80 "
"HC ESOPHAGEAL MOTILITY STUDY, MANOMETRY","$1,982.60 "
HC GERD TST W/ MUCOS PH ELECTROD,"$1,982.60 "
"HC COLORECTAL CANCER SCREEN, FLEX SIGMOIDSCOPE","$2,344.55 "
"HC COLORECTAL CANCER SCREEN, COLONOSCOPY HIGH RISK","$3,275.20 "
"HC COLORECTAL CANCER SCRN, COLONOSCOPY NOT HIGH RISK","$3,275.20 "
HC EGD FLEX ESOPHAGUS BALLOON DILATION =>30 MM,"$5,440.00 "
HC COLONOSCOPY THRU STOMA WASH/BRUSH,"$3,763.80 "
HC COLONOSCOPY THRU STOMA LESION/TUMOR REMOV SNARE,"$3,763.80 "
HC SIGMOIDOSCOPY FLEX LESION/TUMOR REMOV SNARE,"$2,462.25 "
HC SIGMOIDOSCOPY FLEX LESION/TUMOR REMOV SNARE,"$3,763.80 "
HC SIGMOIDOSCOPY FLEX BLLN DILAT,"$3,763.80 "
HC COLONOSCOPY FLEX DECOMPRESSION,"$3,763.80 "
HC MODERATE SEDATION GI ENDO SERVICE > 5 YRS,"$4,440.00 "
HC INSERT TUNNEL IP CATH SUBQ PORT,"$8,850.73 "
HC OFFICE OUTPATIENT NEW 10 MIN,$189.00 
HC OFFICE OUTPATIENT NEW 20 MIN,$259.00 
HC OFFICE OUTPATIENT NEW 30 MIN,$352.00 
HC OFFICE OUTPATIENT NEW 45 MIN,$407.00 
HC OFFICE OUTPATIENT NEW 60 MIN,$488.00 
HC OFFICE OUTPATIENT F/U VISIT 5 MIN,$154.00 
HC OFFICE OUTPATIENT F/U VISIT 10 MIN,$207.00 
HC OFFICE OUTPATIENT F/U VISIT 15 MIN,$256.00 
HC OFFICE OUTPATIENT F/U VISIT 25 MIN,$337.00 
HC OFFICE OUTPATIENT F/U VISIT 40 MIN,$398.00 
HC TRIM NAIL(S),$223.55 
HC CLSD TREAT SHLDR DISLOC W MANIP WO ANES,$614.16 
"HC CLSD TREAT SHLDR DISLOC,GR TUB FX, W MANIP","$3,566.25 "
HC CLSD TREAT MID HUMERUS FX W MANIP,$614.80 
HC CLSD TREAT ELBOW DISLOC WO ANES,$511.80 
HC CLSD TREAT RADIAL HEAD DISLOC CHILD W AMNIP,$614.16 
HC CLSD TREAT RAD/ULNA SHAFT FX W MANIP,$864.20 
HC CLSD TREAT DISTL RAD/ULNA FX W MANIP,$614.16 
HC CLSD TREAT METACARPAL FX W MANIP EA,$614.16 
HC CLSD TREAT MC-P DISLOC W MANIP WO ANES,$614.16 
HC CLSD TREAT FINGR ARTICULAR FX W MANIP EA,$576.15 
HC CLSD TREAT IP JNT DISLOC W MANIP WO ANES,$511.80 
HC CLSD TREAT TRAUMATIC HIP DISLOC WO ANES,$511.80 
HC CLSD TREAT POST HIP ARTHRPLAS DISLOC W ANES,$609.95 
HC CLSD TREAT KNEE DISLOC WO ANES,$337.86 
HC CLSD TREAT PATELLR DISLOC WO ANES,$511.80 
HC CLSD TREAT TIBIA SHAFT FX W MANIP,"$7,166.30 "
HC CLSD TREAT TRIMALLEOLAR FX W MANIP,$567.65 
HC CLSD TREAT ANKLE DISLOC WO ANES,$567.65 
HC CLSD TREAT TOE FX W MANIP EA,$614.16 
HC APPLY LONG ARM SPLINT,$321.45 
HC APPLY FOREARM SPLINT STATIC,$321.45 
HC APPLY FINGER SPLINT STATIC,$321.45 
HC APPLY SHORT LEG CAST,$658.95 
HC APPLY RIGID LEG CAST,$623.00 
HC APPLY LONG LEG SPLINT,$385.74 
HC APPLY LOWER LEG SPLINT,$321.45 
HC STRAPPING UNNA BOOT,$639.35 
HC CONTROL NOSE BLEED ANTER SIMPLE,$364.25 
HC CONTROL NOSE BLEED POST PACK/CAUT INIT,$364.25 
"HC NEG PRESS WOUND TX W DME, </= 50 CM",$157.00 
"HC NEG PRESS WOUND TX W DME, > 50 CM",$315.50 
HC APPLY MULTLAY COMPRS LWR LEG,$432.35 
HC IRRIG IMPLANTED DRUG DELIVERY DEVICE,$459.00 
"HC NEG PRESS WOUND TX W NON-DME, </= 50 CM",$687.00 
HC REMOVE IMPACTED EAR WAX UNI,$279.70 
"HC IMMUNIZ ADMIN, INJ, INIT VAC",$268.00 
"HC IMMUNIZ ADMIN, INJ, EA AD VAC",$138.60 
HC ADMIN INFLUENZA VIRUS VAC,$163.00 
HC ADMIN PNEUMOCOCCAL VAC,$267.70 
HC ER / UNSCHEDULED DIALYSIS FOR ESRD,"$1,993.21 "
HC HEMODIALYSIS W SING EVAL,"$2,097.01 "
HC HEMODIALYSIS W SING EVAL (CRRT),"$2,097.01 "
HC DIALYSIS OTHER THAN HEMO W SING EVAL (CAPD),"$1,750.00 "
"HC DUPLEX SCAN EXTRACRANIAL,BILAT","$1,352.00 "
"HC NON-INV PHYSIOLOGIC STD EXTREM ART 3 LVLS, COMP",$972.50 
HC DUPLEX LO EXTREM ART UNILAT/LTD,$674.25 
HC DUPLEX UP EXTREM ART BILAT,$948.10 
"HC DUPLEX EXTREM VENOUS,BILAT","$1,571.05 "
"HC DUPLEX EXTREM VENOUS,UNI OR LTD","$1,107.75 "
"HC DUPLEX ABD/PEL VASC STUDY,COMPLETE","$1,414.67 "
HC DUPLEX LO EXTREM ART BILAT,"$1,321.00 "
"HC DUPLEX ABD/PEL VASC STUDY,LIMITD",$933.00 
"HC DUPLEX LARGE VESSEL(S),COMPLETE","$1,342.00 "
"HC INJ, THERAP/PROPH/DIAGN, IM OR SUBCUT",$267.70 
"HC INJ, THERAP/PROPH/DIAGN, IV PUSH INIT DX",$541.20 
"HC INJ, THERAP/PROPH/DIAGN, IV PUSH EA ADD NEW DX",$240.00 
"HC INJ, THERAP/PROPH/DIAGN, IV PUSH EA ADD SAME DX",$235.00 
HC TOBACCO USE CESSATION INTENSIVE >10 MINUTES,$135.60 
"HC MED NUTR THER, 1ST, INDIV, EA 15 MIN",$38.00 
HC DIAB OP MANAGE INDIVIDUAL PER 30 MIN,$140.00 
HC DIAB OP MANAGE GROUP PER 30 MIN,$84.00 
"HC MED NUTR THER, SUBSQ, INDIV, EA 15 MIN",$20.00 
"HC MED NUTR THER, GROUP, EA 30 MIN",$49.00 
HC OP CARDIAC REHAB WO CONT ECG MONIT PER SESSION,$480.50 
HC OP CARDIAC REHAB W CONT ECG MONIT PER SESSION,$516.50 
HC CARD REH 3 W/O MONTR PER SESS,$10.00 
HC PULMONARY REHAB W EXER,$200.00 
