DRGCODE,DRGDESC,AVERAGECHARGE
3,"ECMO OR TRACH W MV >96 HRS OR PDX EXC FACE, MOUTH & NECK W MAJ O.R.","$514,813.12 "
4,"TRACH W MV >96 HRS OR PDX EXC FACE, MOUTH & NECK W/O MAJ O.R.","$294,108.00 "
11,"TRACHEOSTOMY FOR FACE,MOUTH & NECK DIAGNOSES OR LARYNGECTOMY W MCC","$148,939.55 "
12,"TRACHEOSTOMY FOR FACE,MOUTH & NECK DIAGNOSES W CC","$74,742.36 "
23,CRANIOTOMY W MAJOR DEVICE IMPLANT OR ACUTE CNS PDX W MCC OR CHEMOTHERAPY IMPLANT,"$136,807.27 "
25,CRANIOTOMY & ENDOVASCULAR INTRACRANIAL PROCEDURES W MCC,"$92,611.25 "
26,CRANIOTOMY & ENDOVASCULAR INTRACRANIAL PROCEDURES W CC,"$53,945.57 "
27,CRANIOTOMY & ENDOVASCULAR INTRACRANIAL PROCEDURES W/O CC/MCC,"$36,336.20 "
28,SPINAL PROCEDURES W MCC,"$162,712.46 "
29,SPINAL PROCEDURES W CC OR SPINAL NEUROSTIMULATORS,"$63,340.78 "
30,SPINAL PROCEDURES W/O CC/MCC,"$60,776.48 "
32,VENTRICULAR SHUNT PROCEDURES W CC,"$54,015.45 "
33,VENTRICULAR SHUNT PROCEDURES W/O CC/MCC,"$43,901.19 "
36,CAROTID ARTERY STENT PROCEDURE W/O CC/MCC,"$68,743.00 "
37,EXTRACRANIAL PROCEDURES W MCC,"$124,169.09 "
38,EXTRACRANIAL PROCEDURES W CC,"$46,877.80 "
39,EXTRACRANIAL PROCEDURES W/O CC/MCC,"$34,931.18 "
40,PERIPH/CRANIAL NERVE & OTHER NERV SYST PROC W MCC,"$109,873.55 "
41,PERIPH/CRANIAL NERVE & OTHER NERV SYST PROC W CC OR PERIPH NEUROSTIM,"$63,201.33 "
42,PERIPH/CRANIAL NERVE & OTHER NERV SYST PROC W/O CC/MCC,"$34,499.15 "
52,SPINAL DISORDERS & INJURIES W CC/MCC,"$28,628.01 "
54,NERVOUS SYSTEM NEOPLASMS W MCC,"$25,123.89 "
55,NERVOUS SYSTEM NEOPLASMS W/O MCC,"$24,692.66 "
56,DEGENERATIVE NERVOUS SYSTEM DISORDERS W MCC,"$60,326.82 "
57,DEGENERATIVE NERVOUS SYSTEM DISORDERS W/O MCC,"$24,578.13 "
59,MULTIPLE SCLEROSIS & CEREBELLAR ATAXIA W CC,"$27,985.12 "
60,MULTIPLE SCLEROSIS & CEREBELLAR ATAXIA W/O CC/MCC,"$20,408.88 "
61,"ISCHEMIC STROKE, PRECEREBRAL OCCLUSION OR TRANSIENT ISCHEMIA W THROMBOLYTIC AGEN","$95,981.07 "
62,"ISCHEMIC STROKE, PRECEREBRAL OCCLUSION OR TRANSIENT ISCHEMIA W THROMBOLYTIC AGEN","$57,397.97 "
63,"ISCHEMIC STROKE, PRECEREBRAL OCCLUSION OR TRANSIENT ISCHEMIA W THROMBOLYTIC AGEN","$78,987.42 "
64,INTRACRANIAL HEMORRHAGE OR CEREBRAL INFARCTION W MCC,"$54,613.81 "
65,INTRACRANIAL HEMORRHAGE OR CEREBRAL INFARCTION W CC OR TPA IN 24 HRS,"$28,367.64 "
66,INTRACRANIAL HEMORRHAGE OR CEREBRAL INFARCTION W/O CC/MCC,"$21,094.66 "
68,NONSPECIFIC CVA & PRECEREBRAL OCCLUSION W/O INFARCT W/O MCC,"$28,191.71 "
69,TRANSIENT ISCHEMIA W/O THROMBOLYTIC,"$19,477.57 "
70,NONSPECIFIC CEREBROVASCULAR DISORDERS W MCC,"$51,081.04 "
71,NONSPECIFIC CEREBROVASCULAR DISORDERS W CC,"$27,311.55 "
72,NONSPECIFIC CEREBROVASCULAR DISORDERS W/O CC/MCC,"$20,329.74 "
73,CRANIAL & PERIPHERAL NERVE DISORDERS W MCC,"$43,403.80 "
74,CRANIAL & PERIPHERAL NERVE DISORDERS W/O MCC,"$30,513.55 "
75,VIRAL MENINGITIS W CC/MCC,"$38,732.35 "
76,VIRAL MENINGITIS W/O CC/MCC,"$17,925.65 "
77,HYPERTENSIVE ENCEPHALOPATHY W MCC,"$23,023.36 "
78,HYPERTENSIVE ENCEPHALOPATHY W CC,"$19,185.40 "
79,HYPERTENSIVE ENCEPHALOPATHY W/O CC/MCC,"$28,220.40 "
80,NONTRAUMATIC STUPOR & COMA W MCC,"$29,426.78 "
82,"TRAUMATIC STUPOR & COMA, COMA >1 HR W MCC","$76,218.98 "
83,"TRAUMATIC STUPOR & COMA, COMA >1 HR W CC","$30,361.11 "
84,"TRAUMATIC STUPOR & COMA, COMA >1 HR W/O CC/MCC","$11,044.69 "
85,"TRAUMATIC STUPOR & COMA, COMA <1 HR W MCC","$43,044.82 "
86,"TRAUMATIC STUPOR & COMA, COMA <1 HR W CC","$20,976.23 "
87,"TRAUMATIC STUPOR & COMA, COMA <1 HR W/O CC/MCC","$16,095.06 "
89,CONCUSSION W CC,"$17,915.67 "
90,CONCUSSION W/O CC/MCC,"$15,957.54 "
91,OTHER DISORDERS OF NERVOUS SYSTEM W MCC,"$57,349.23 "
92,OTHER DISORDERS OF NERVOUS SYSTEM W CC,"$21,844.21 "
93,OTHER DISORDERS OF NERVOUS SYSTEM W/O CC/MCC,"$20,760.60 "
94,BACTERIAL & TUBERCULOUS INFECTIONS OF NERVOUS SYSTEM W MCC,"$54,942.61 "
95,BACTERIAL & TUBERCULOUS INFECTIONS OF NERVOUS SYSTEM W CC,"$116,277.92 "
96,BACTERIAL & TUBERCULOUS INFECTIONS OF NERVOUS SYSTEM W/O CC/MCC,"$35,994.29 "
97,NON-BACTERIAL INFECT OF NERVOUS SYS EXC VIRAL MENINGITIS W MCC,"$51,157.95 "
98,NON-BACTERIAL INFECT OF NERVOUS SYS EXC VIRAL MENINGITIS W CC,"$36,236.37 "
99,NON-BACTERIAL INFECT OF NERVOUS SYS EXC VIRAL MENINGITIS W/O CC/MCC,"$29,737.08 "
100,SEIZURES W MCC,"$44,501.25 "
101,SEIZURES W/O MCC,"$18,676.93 "
102,HEADACHES W MCC,"$15,672.99 "
103,HEADACHES W/O MCC,"$20,166.50 "
115,EXTRAOCULAR PROCEDURES EXCEPT ORBIT,"$44,504.43 "
116,INTRAOCULAR PROCEDURES W CC/MCC,"$28,458.05 "
117,INTRAOCULAR PROCEDURES W/O CC/MCC,"$45,391.50 "
121,ACUTE MAJOR EYE INFECTIONS W CC/MCC,"$14,522.03 "
122,ACUTE MAJOR EYE INFECTIONS W/O CC/MCC,"$8,321.74 "
123,NEUROLOGICAL EYE DISORDERS,"$22,707.01 "
124,OTHER DISORDERS OF THE EYE W MCC,"$47,911.70 "
125,OTHER DISORDERS OF THE EYE W/O MCC,"$13,898.28 "
133,"OTHER EAR, NOSE, MOUTH & THROAT O.R. PROCEDURES W CC/MCC","$30,118.64 "
134,"OTHER EAR, NOSE, MOUTH & THROAT O.R. PROCEDURES W/O CC/MCC","$16,902.80 "
135,SINUS & MASTOID PROCEDURES W CC/MCC,"$26,723.20 "
137,MOUTH PROCEDURES W CC/MCC,"$37,455.48 "
138,MOUTH PROCEDURES W/O CC/MCC,"$16,163.73 "
146,"EAR, NOSE, MOUTH & THROAT MALIGNANCY W MCC","$26,598.07 "
147,"EAR, NOSE, MOUTH & THROAT MALIGNANCY W CC","$19,779.27 "
148,"EAR, NOSE, MOUTH & THROAT MALIGNANCY W/O CC/MCC","$23,053.30 "
149,DYSEQUILIBRIUM,"$18,878.20 "
150,EPISTAXIS W MCC,"$94,775.41 "
151,EPISTAXIS W/O MCC,"$15,148.09 "
152,OTITIS MEDIA & URI W MCC,"$48,052.39 "
153,OTITIS MEDIA & URI W/O MCC,"$14,230.06 "
154,"OTHER EAR, NOSE, MOUTH & THROAT DIAGNOSES W MCC","$42,915.61 "
155,"OTHER EAR, NOSE, MOUTH & THROAT DIAGNOSES W CC","$21,246.26 "
156,"OTHER EAR, NOSE, MOUTH & THROAT DIAGNOSES W/O CC/MCC","$15,558.82 "
157,DENTAL & ORAL DISEASES W MCC,"$50,489.88 "
158,DENTAL & ORAL DISEASES W CC,"$26,085.03 "
159,DENTAL & ORAL DISEASES W/O CC/MCC,"$13,669.14 "
163,MAJOR CHEST PROCEDURES W MCC,"$100,726.01 "
164,MAJOR CHEST PROCEDURES W CC,"$56,806.61 "
165,MAJOR CHEST PROCEDURES W/O CC/MCC,"$42,727.71 "
166,OTHER RESP SYSTEM O.R. PROCEDURES W MCC,"$109,273.91 "
167,OTHER RESP SYSTEM O.R. PROCEDURES W CC,"$45,899.31 "
168,OTHER RESP SYSTEM O.R. PROCEDURES W/O CC/MCC,"$45,133.02 "
175,PULMONARY EMBOLISM W MCC,"$42,714.44 "
176,PULMONARY EMBOLISM W/O MCC,"$23,224.50 "
177,RESPIRATORY INFECTIONS & INFLAMMATIONS W MCC,"$56,624.18 "
178,RESPIRATORY INFECTIONS & INFLAMMATIONS W CC,"$39,663.56 "
179,RESPIRATORY INFECTIONS & INFLAMMATIONS W/O CC/MCC,"$32,377.06 "
180,RESPIRATORY NEOPLASMS W MCC,"$46,073.60 "
181,RESPIRATORY NEOPLASMS W CC,"$31,106.43 "
182,RESPIRATORY NEOPLASMS W/O CC/MCC,"$27,823.40 "
183,MAJOR CHEST TRAUMA W MCC,"$25,814.23 "
184,MAJOR CHEST TRAUMA W CC,"$24,936.04 "
185,MAJOR CHEST TRAUMA W/O CC/MCC,"$18,522.26 "
186,PLEURAL EFFUSION W MCC,"$51,622.41 "
187,PLEURAL EFFUSION W CC,"$32,378.64 "
188,PLEURAL EFFUSION W/O CC/MCC,"$20,367.09 "
189,PULMONARY EDEMA & RESPIRATORY FAILURE,"$40,734.80 "
190,CHRONIC OBSTRUCTIVE PULMONARY DISEASE W MCC,"$41,075.65 "
191,CHRONIC OBSTRUCTIVE PULMONARY DISEASE W CC,"$30,024.11 "
192,CHRONIC OBSTRUCTIVE PULMONARY DISEASE W/O CC/MCC,"$21,847.19 "
193,SIMPLE PNEUMONIA & PLEURISY W MCC,"$45,733.85 "
194,SIMPLE PNEUMONIA & PLEURISY W CC,"$28,764.72 "
195,SIMPLE PNEUMONIA & PLEURISY W/O CC/MCC,"$19,717.40 "
196,INTERSTITIAL LUNG DISEASE W MCC,"$45,551.35 "
197,INTERSTITIAL LUNG DISEASE W CC,"$31,634.30 "
198,INTERSTITIAL LUNG DISEASE W/O CC/MCC,"$32,841.04 "
199,PNEUMOTHORAX W MCC,"$34,450.24 "
200,PNEUMOTHORAX W CC,"$24,733.19 "
201,PNEUMOTHORAX W/O CC/MCC,"$17,397.58 "
202,BRONCHITIS & ASTHMA W CC/MCC,"$27,949.88 "
203,BRONCHITIS & ASTHMA W/O CC/MCC,"$20,110.09 "
204,RESPIRATORY SIGNS & SYMPTOMS,"$22,019.28 "
205,OTHER RESPIRATORY SYSTEM DIAGNOSES W MCC,"$50,076.69 "
206,OTHER RESPIRATORY SYSTEM DIAGNOSES W/O MCC,"$19,027.18 "
207,RESPIRATORY SYSTEM DIAGNOSIS W VENTILATOR SUPPORT >96 HOURS OR PERIPHERAL EXTRAC,"$150,589.64 "
208,RESPIRATORY SYSTEM DIAGNOSIS W VENTILATOR SUPPORT <= 96 HOURS,"$69,089.81 "
216,CARDIAC VALVE & OTH MAJ CARDIOTHORACIC PROC W CARD CATH W MCC,"$229,931.50 "
217,CARDIAC VALVE & OTH MAJ CARDIOTHORACIC PROC W CARD CATH W CC,"$209,053.02 "
218,CARDIAC VALVE & OTH MAJ CARDIOTHORACIC PROC W CARD CATH W/O CC/MCC,"$145,500.28 "
219,CARDIAC VALVE & OTH MAJ CARDIOTHORACIC PROC W/O CARD CATH W MCC,"$260,082.50 "
220,CARDIAC VALVE & OTH MAJ CARDIOTHORACIC PROC W/O CARD CATH W CC,"$176,514.46 "
221,CARDIAC VALVE & OTH MAJ CARDIOTHORACIC PROC W/O CARD CATH W/O CC/MCC,"$147,961.62 "
222,CARDIAC DEFIB IMPLANT W CARDIAC CATH W AMI/HF/SHOCK W MCC,"$272,174.55 "
224,CARDIAC DEFIB IMPLANT W CARDIAC CATH W/O AMI/HF/SHOCK W MCC,"$313,089.17 "
225,CARDIAC DEFIB IMPLANT W CARDIAC CATH W/O AMI/HF/SHOCK W/O MCC,"$266,975.54 "
226,CARDIAC DEFIBRILLATOR IMPLANT W/O CARDIAC CATH W MCC,"$232,960.98 "
227,CARDIAC DEFIBRILLATOR IMPLANT W/O CARDIAC CATH W/O MCC,"$241,456.51 "
228,OTHER CARDIOTHORACIC PROCEDURES W MCC,"$181,594.37 "
229,OTHER CARDIOTHORACIC PROCEDURES W/O MCC,"$141,502.75 "
231,CORONARY BYPASS W PTCA W MCC,"$175,576.30 "
232,CORONARY BYPASS W PTCA W/O MCC,"$167,458.01 "
233,CORONARY BYPASS W CARDIAC CATH W MCC,"$173,272.78 "
234,CORONARY BYPASS W CARDIAC CATH W/O MCC,"$134,022.02 "
235,CORONARY BYPASS W/O CARDIAC CATH W MCC,"$171,560.27 "
236,CORONARY BYPASS W/O CARDIAC CATH W/O MCC,"$100,810.98 "
239,AMPUTATION FOR CIRC SYS DISORDERS EXC UPPER LIMB & TOE W MCC,"$87,686.85 "
240,AMPUTATION FOR CIRC SYS DISORDERS EXC UPPER LIMB & TOE W CC,"$67,136.85 "
241,AMPUTATION FOR CIRC SYS DISORDERS EXC UPPER LIMB & TOE W/O CC/MCC,"$38,660.28 "
242,PERMANENT CARDIAC PACEMAKER IMPLANT W MCC,"$135,202.08 "
243,PERMANENT CARDIAC PACEMAKER IMPLANT W CC,"$91,538.34 "
244,PERMANENT CARDIAC PACEMAKER IMPLANT W/O CC/MCC,"$86,603.34 "
245,AICD GENERATOR PROCEDURES,"$172,229.13 "
246,PERCUTANEOUS CARDIOVASCULAR PROCEDURES W DRUG-ELUTING STENT W MCC OR 4+ ARTERIES,"$128,369.06 "
247,PERC CARDIOVASC PROC W DRUG-ELUTING STENT W/O MCC,"$98,369.33 "
248,PERCUTANEOUS CARDIOVASCULAR PROCEDURES W NON-DRUG-ELUTING STENT W MCC OR 4+ ARTE,"$120,965.79 "
249,PERC CARDIOVASC PROC W NON-DRUG-ELUTING STENT W/O MCC,"$86,232.36 "
250,PERC CARDIOVASC PROC W/O CORONARY ARTERY STENT W MCC,"$79,509.99 "
251,PERC CARDIOVASC PROC W/O CORONARY ARTERY STENT W/O MCC,"$75,224.90 "
252,OTHER VASCULAR PROCEDURES W MCC,"$79,528.56 "
253,OTHER VASCULAR PROCEDURES W CC,"$78,529.48 "
254,OTHER VASCULAR PROCEDURES W/O CC/MCC,"$55,646.14 "
255,UPPER LIMB & TOE AMPUTATION FOR CIRC SYSTEM DISORDERS W MCC,"$66,645.15 "
256,UPPER LIMB & TOE AMPUTATION FOR CIRC SYSTEM DISORDERS W CC,"$38,616.44 "
258,CARDIAC PACEMAKER DEVICE REPLACEMENT W MCC,"$199,031.91 "
259,CARDIAC PACEMAKER DEVICE REPLACEMENT W/O MCC,"$81,007.06 "
260,CARDIAC PACEMAKER REVISION EXCEPT DEVICE REPLACEMENT W MCC,"$82,258.32 "
261,CARDIAC PACEMAKER REVISION EXCEPT DEVICE REPLACEMENT W CC,"$50,233.54 "
262,CARDIAC PACEMAKER REVISION EXCEPT DEVICE REPLACEMENT W/O CC/MCC,"$70,490.05 "
263,VEIN LIGATION & STRIPPING,"$62,462.53 "
264,OTHER CIRCULATORY SYSTEM O.R. PROCEDURES,"$96,140.35 "
265,AICD LEAD PROCEDURES,"$207,843.12 "
268,AORTIC AND HEART ASSIST PROCEDURES EXCEPT PULSATION BALLOON W MCC,"$130,275.86 "
269,AORTIC AND HEART ASSIST PROCEDURES EXCEPT PULSATION BALLOON W/O MCC,"$108,302.54 "
270,OTHER MAJOR CARDIOVASCULAR PROCEDURES W MCC,"$132,802.66 "
271,OTHER MAJOR CARDIOVASCULAR PROCEDURES W CC,"$91,781.44 "
272,OTHER MAJOR CARDIOVASCULAR PROCEDURES W/O CC/MCC,"$72,830.90 "
273,PERCUTANEOUS INTRACARDIAC PROCEDURES W MCC,"$157,442.79 "
274,PERCUTANEOUS INTRACARDIAC PROCEDURES W/O MCC,"$226,173.83 "
280,"ACUTE MYOCARDIAL INFARCTION, DISCHARGED ALIVE W MCC","$53,201.15 "
281,"ACUTE MYOCARDIAL INFARCTION, DISCHARGED ALIVE W CC","$34,229.60 "
282,"ACUTE MYOCARDIAL INFARCTION, DISCHARGED ALIVE W/O CC/MCC","$33,658.34 "
283,"ACUTE MYOCARDIAL INFARCTION, EXPIRED W MCC","$42,072.39 "
284,"ACUTE MYOCARDIAL INFARCTION, EXPIRED W CC","$10,459.49 "
285,"ACUTE MYOCARDIAL INFARCTION, EXPIRED W/O CC/MCC","$12,656.43 "
286,"CIRCULATORY DISORDERS EXCEPT AMI, W CARD CATH W MCC","$56,147.13 "
287,"CIRCULATORY DISORDERS EXCEPT AMI, W CARD CATH W/O MCC","$38,589.67 "
288,ACUTE & SUBACUTE ENDOCARDITIS W MCC,"$137,737.64 "
289,ACUTE & SUBACUTE ENDOCARDITIS W CC,"$47,312.20 "
290,ACUTE & SUBACUTE ENDOCARDITIS W/O CC/MCC,"$33,099.33 "
291,HEART FAILURE & SHOCK W MCC OR PERIPHERAL EXTRACORPOREAL MEMBRANE OXYGENATION (E,"$37,400.52 "
292,HEART FAILURE & SHOCK W CC,"$22,000.39 "
293,HEART FAILURE & SHOCK W/O CC/MCC,"$16,712.82 "
294,DEEP VEIN THROMBOPHLEBITIS W CC/MCC,"$37,048.53 "
296,"CARDIAC ARREST, UNEXPLAINED W MCC","$36,165.06 "
297,"CARDIAC ARREST, UNEXPLAINED W CC","$14,797.40 "
299,PERIPHERAL VASCULAR DISORDERS W MCC,"$34,235.86 "
300,PERIPHERAL VASCULAR DISORDERS W CC,"$23,758.37 "
301,PERIPHERAL VASCULAR DISORDERS W/O CC/MCC,"$15,469.49 "
302,ATHEROSCLEROSIS W MCC,"$30,497.37 "
303,ATHEROSCLEROSIS W/O MCC,"$28,434.20 "
304,HYPERTENSION W MCC,"$23,343.45 "
305,HYPERTENSION W/O MCC,"$16,607.71 "
306,CARDIAC CONGENITAL & VALVULAR DISORDERS W MCC,"$54,676.60 "
307,CARDIAC CONGENITAL & VALVULAR DISORDERS W/O MCC,"$25,394.10 "
308,CARDIAC ARRHYTHMIA & CONDUCTION DISORDERS W MCC,"$41,674.83 "
309,CARDIAC ARRHYTHMIA & CONDUCTION DISORDERS W CC,"$20,610.45 "
310,CARDIAC ARRHYTHMIA & CONDUCTION DISORDERS W/O CC/MCC,"$15,184.18 "
311,ANGINA PECTORIS,"$14,400.98 "
312,SYNCOPE & COLLAPSE,"$20,280.95 "
313,CHEST PAIN,"$15,491.67 "
314,OTHER CIRCULATORY SYSTEM DIAGNOSES W MCC,"$45,382.33 "
315,OTHER CIRCULATORY SYSTEM DIAGNOSES W CC,"$25,005.88 "
316,OTHER CIRCULATORY SYSTEM DIAGNOSES W/O CC/MCC,"$19,356.02 "
326,"STOMACH, ESOPHAGEAL & DUODENAL PROC W MCC","$110,838.97 "
327,"STOMACH, ESOPHAGEAL & DUODENAL PROC W CC","$69,883.00 "
328,"STOMACH, ESOPHAGEAL & DUODENAL PROC W/O CC/MCC","$46,294.09 "
329,MAJOR SMALL & LARGE BOWEL PROCEDURES W MCC,"$134,445.91 "
330,MAJOR SMALL & LARGE BOWEL PROCEDURES W CC,"$80,501.87 "
331,MAJOR SMALL & LARGE BOWEL PROCEDURES W/O CC/MCC,"$53,698.79 "
332,RECTAL RESECTION W MCC,"$104,546.53 "
334,RECTAL RESECTION W/O CC/MCC,"$49,919.51 "
335,PERITONEAL ADHESIOLYSIS W MCC,"$173,519.19 "
336,PERITONEAL ADHESIOLYSIS W CC,"$68,650.86 "
337,PERITONEAL ADHESIOLYSIS W/O CC/MCC,"$46,648.53 "
338,APPENDECTOMY W COMPLICATED PRINCIPAL DIAG W MCC,"$108,747.02 "
339,APPENDECTOMY W COMPLICATED PRINCIPAL DIAG W CC,"$48,889.34 "
340,APPENDECTOMY W COMPLICATED PRINCIPAL DIAG W/O CC/MCC,"$33,706.70 "
341,APPENDECTOMY W/O COMPLICATED PRINCIPAL DIAG W MCC,"$50,735.33 "
342,APPENDECTOMY W/O COMPLICATED PRINCIPAL DIAG W CC,"$42,528.65 "
343,APPENDECTOMY W/O COMPLICATED PRINCIPAL DIAG W/O CC/MCC,"$30,113.26 "
344,MINOR SMALL & LARGE BOWEL PROCEDURES W MCC,"$196,301.46 "
345,MINOR SMALL & LARGE BOWEL PROCEDURES W CC,"$24,030.59 "
346,MINOR SMALL & LARGE BOWEL PROCEDURES W/O CC/MCC,"$32,647.67 "
347,ANAL & STOMAL PROCEDURES W MCC,"$90,270.69 "
348,ANAL & STOMAL PROCEDURES W CC,"$43,755.31 "
349,ANAL & STOMAL PROCEDURES W/O CC/MCC,"$29,775.38 "
350,INGUINAL & FEMORAL HERNIA PROCEDURES W MCC,"$60,512.89 "
351,INGUINAL & FEMORAL HERNIA PROCEDURES W CC,"$38,464.05 "
352,INGUINAL & FEMORAL HERNIA PROCEDURES W/O CC/MCC,"$31,730.25 "
353,HERNIA PROCEDURES EXCEPT INGUINAL & FEMORAL W MCC,"$115,873.97 "
354,HERNIA PROCEDURES EXCEPT INGUINAL & FEMORAL W CC,"$46,770.62 "
355,HERNIA PROCEDURES EXCEPT INGUINAL & FEMORAL W/O CC/MCC,"$34,694.30 "
356,OTHER DIGESTIVE SYSTEM O.R. PROCEDURES W MCC,"$145,089.34 "
357,OTHER DIGESTIVE SYSTEM O.R. PROCEDURES W CC,"$57,661.29 "
358,OTHER DIGESTIVE SYSTEM O.R. PROCEDURES W/O CC/MCC,"$36,182.03 "
368,MAJOR ESOPHAGEAL DISORDERS W MCC,"$61,323.36 "
369,MAJOR ESOPHAGEAL DISORDERS W CC,"$37,398.72 "
370,MAJOR ESOPHAGEAL DISORDERS W/O CC/MCC,"$21,543.99 "
371,MAJOR GASTROINTESTINAL DISORDERS & PERITONEAL INFECTIONS W MCC,"$46,148.16 "
372,MAJOR GASTROINTESTINAL DISORDERS & PERITONEAL INFECTIONS W CC,"$31,152.57 "
373,MAJOR GASTROINTESTINAL DISORDERS & PERITONEAL INFECTIONS W/O CC/MCC,"$19,001.38 "
374,DIGESTIVE MALIGNANCY W MCC,"$59,037.95 "
375,DIGESTIVE MALIGNANCY W CC,"$42,541.03 "
376,DIGESTIVE MALIGNANCY W/O CC/MCC,"$28,669.73 "
377,G.I. HEMORRHAGE W MCC,"$56,925.34 "
378,G.I. HEMORRHAGE W CC,"$30,953.16 "
379,G.I. HEMORRHAGE W/O CC/MCC,"$20,139.58 "
380,COMPLICATED PEPTIC ULCER W MCC,"$63,133.46 "
381,COMPLICATED PEPTIC ULCER W CC,"$39,218.62 "
382,COMPLICATED PEPTIC ULCER W/O CC/MCC,"$29,408.17 "
383,UNCOMPLICATED PEPTIC ULCER W MCC,"$30,154.84 "
384,UNCOMPLICATED PEPTIC ULCER W/O MCC,"$26,256.52 "
385,INFLAMMATORY BOWEL DISEASE W MCC,"$51,883.91 "
386,INFLAMMATORY BOWEL DISEASE W CC,"$31,916.28 "
387,INFLAMMATORY BOWEL DISEASE W/O CC/MCC,"$26,323.69 "
388,G.I. OBSTRUCTION W MCC,"$63,082.11 "
389,G.I. OBSTRUCTION W CC,"$27,989.22 "
390,G.I. OBSTRUCTION W/O CC/MCC,"$18,103.05 "
391,"ESOPHAGITIS, GASTROENT & MISC DIGEST DISORDERS W MCC","$37,898.09 "
392,"ESOPHAGITIS, GASTROENT & MISC DIGEST DISORDERS W/O MCC","$21,771.82 "
393,OTHER DIGESTIVE SYSTEM DIAGNOSES W MCC,"$46,316.93 "
394,OTHER DIGESTIVE SYSTEM DIAGNOSES W CC,"$28,226.40 "
395,OTHER DIGESTIVE SYSTEM DIAGNOSES W/O CC/MCC,"$18,757.53 "
405,"PANCREAS, LIVER & SHUNT PROCEDURES W MCC","$154,813.73 "
408,BILIARY TRACT PROC EXCEPT ONLY CHOLECYST W OR W/O C.D.E. W MCC,"$98,377.85 "
409,BILIARY TRACT PROC EXCEPT ONLY CHOLECYST W OR W/O C.D.E. W CC,"$35,588.40 "
411,CHOLECYSTECTOMY W C.D.E. W MCC,"$158,018.64 "
412,CHOLECYSTECTOMY W C.D.E. W CC,"$116,289.16 "
414,CHOLECYSTECTOMY EXCEPT BY LAPAROSCOPE W/O C.D.E. W MCC,"$134,911.39 "
415,CHOLECYSTECTOMY EXCEPT BY LAPAROSCOPE W/O C.D.E. W CC,"$71,981.83 "
416,CHOLECYSTECTOMY EXCEPT BY LAPAROSCOPE W/O C.D.E. W/O CC/MCC,"$42,421.46 "
417,LAPAROSCOPIC CHOLECYSTECTOMY W/O C.D.E. W MCC,"$66,998.29 "
418,LAPAROSCOPIC CHOLECYSTECTOMY W/O C.D.E. W CC,"$50,827.14 "
419,LAPAROSCOPIC CHOLECYSTECTOMY W/O C.D.E. W/O CC/MCC,"$40,410.43 "
420,HEPATOBILIARY DIAGNOSTIC PROCEDURES W MCC,"$129,188.44 "
421,HEPATOBILIARY DIAGNOSTIC PROCEDURES W CC,"$42,370.54 "
423,OTHER HEPATOBILIARY OR PANCREAS O.R. PROCEDURES W MCC,"$52,230.90 "
424,OTHER HEPATOBILIARY OR PANCREAS O.R. PROCEDURES W CC,"$47,144.40 "
432,CIRRHOSIS & ALCOHOLIC HEPATITIS W MCC,"$52,042.83 "
433,CIRRHOSIS & ALCOHOLIC HEPATITIS W CC,"$27,727.80 "
434,CIRRHOSIS & ALCOHOLIC HEPATITIS W/O CC/MCC,"$9,975.03 "
435,MALIGNANCY OF HEPATOBILIARY SYSTEM OR PANCREAS W MCC,"$47,739.04 "
436,MALIGNANCY OF HEPATOBILIARY SYSTEM OR PANCREAS W CC,"$29,557.80 "
437,MALIGNANCY OF HEPATOBILIARY SYSTEM OR PANCREAS W/O CC/MCC,"$18,388.80 "
438,DISORDERS OF PANCREAS EXCEPT MALIGNANCY W MCC,"$43,633.29 "
439,DISORDERS OF PANCREAS EXCEPT MALIGNANCY W CC,"$26,636.05 "
440,DISORDERS OF PANCREAS EXCEPT MALIGNANCY W/O CC/MCC,"$19,328.57 "
441,"DISORDERS OF LIVER EXCEPT MALIG,CIRR,ALC HEPA W MCC","$45,697.66 "
442,"DISORDERS OF LIVER EXCEPT MALIG,CIRR,ALC HEPA W CC","$28,512.87 "
443,"DISORDERS OF LIVER EXCEPT MALIG,CIRR,ALC HEPA W/O CC/MCC","$19,171.74 "
444,DISORDERS OF THE BILIARY TRACT W MCC,"$53,244.81 "
445,DISORDERS OF THE BILIARY TRACT W CC,"$36,013.15 "
446,DISORDERS OF THE BILIARY TRACT W/O CC/MCC,"$25,215.23 "
453,COMBINED ANTERIOR/POSTERIOR SPINAL FUSION W MCC,"$256,212.51 "
454,COMBINED ANTERIOR/POSTERIOR SPINAL FUSION W CC,"$216,044.24 "
455,COMBINED ANTERIOR/POSTERIOR SPINAL FUSION W/O CC/MCC,"$150,629.51 "
456,SPINAL FUS EXC CERV W SPINAL CURV/MALIG/INFEC OR EXT FUS W MCC,"$265,520.55 "
457,SPINAL FUS EXC CERV W SPINAL CURV/MALIG/INFEC OR EXT FUS W CC,"$251,377.81 "
458,SPINAL FUS EXC CERV W SPINAL CURV/MALIG/INFEC OR EXT FUS W/O CC/MCC,"$198,921.49 "
459,SPINAL FUSION EXCEPT CERVICAL W MCC,"$186,577.20 "
460,SPINAL FUSION EXCEPT CERVICAL W/O MCC,"$106,162.22 "
463,"WND DEBRID & SKN GRFT EXC HAND, FOR MUSCULO-CONN TISS DIS W MCC","$110,488.15 "
464,"WND DEBRID & SKN GRFT EXC HAND, FOR MUSCULO-CONN TISS DIS W CC","$49,880.76 "
465,"WND DEBRID & SKN GRFT EXC HAND, FOR MUSCULO-CONN TISS DIS W/O CC/MCC","$34,108.92 "
467,REVISION OF HIP OR KNEE REPLACEMENT W CC,"$96,308.11 "
468,REVISION OF HIP OR KNEE REPLACEMENT W/O CC/MCC,"$66,082.73 "
469,MAJOR HIP AND KNEE JOINT REPLACEMENT OR REATTACHMENT OF LOWER EXTREMITY W MCC OR,"$74,804.16 "
470,MAJOR HIP AND KNEE JOINT REPLACEMENT OR REATTACHMENT OF LOWER EXTREMITY W/O MCC,"$53,538.22 "
471,CERVICAL SPINAL FUSION W MCC,"$97,949.66 "
472,CERVICAL SPINAL FUSION W CC,"$64,389.32 "
473,CERVICAL SPINAL FUSION W/O CC/MCC,"$53,463.35 "
474,AMPUTATION FOR MUSCULOSKELETAL SYS & CONN TISSUE DIS W MCC,"$76,631.00 "
475,AMPUTATION FOR MUSCULOSKELETAL SYS & CONN TISSUE DIS W CC,"$38,729.62 "
476,AMPUTATION FOR MUSCULOSKELETAL SYS & CONN TISSUE DIS W/O CC/MCC,"$28,025.69 "
477,BIOPSIES OF MUSCULOSKELETAL SYSTEM & CONNECTIVE TISSUE W MCC,"$82,758.01 "
478,BIOPSIES OF MUSCULOSKELETAL SYSTEM & CONNECTIVE TISSUE W CC,"$48,868.13 "
479,BIOPSIES OF MUSCULOSKELETAL SYSTEM & CONNECTIVE TISSUE W/O CC/MCC,"$33,641.01 "
480,HIP & FEMUR PROCEDURES EXCEPT MAJOR JOINT W MCC,"$84,654.88 "
481,HIP & FEMUR PROCEDURES EXCEPT MAJOR JOINT W CC,"$54,718.14 "
482,HIP & FEMUR PROCEDURES EXCEPT MAJOR JOINT W/O CC/MCC,"$44,686.15 "
483,MAJOR JOINT/LIMB REATTACHMENT PROCEDURE OF UPPER EXTREMITIES,"$68,268.79 "
486,KNEE PROCEDURES W PDX OF INFECTION W CC,"$58,259.23 "
487,KNEE PROCEDURES W PDX OF INFECTION W/O CC/MCC,"$27,264.69 "
488,KNEE PROCEDURES W/O PDX OF INFECTION W CC/MCC,"$57,756.68 "
489,KNEE PROCEDURES W/O PDX OF INFECTION W/O CC/MCC,"$28,803.23 "
492,"LOWER EXTREM & HUMER PROC EXCEPT HIP,FOOT,FEMUR W MCC","$106,256.02 "
493,"LOWER EXTREM & HUMER PROC EXCEPT HIP,FOOT,FEMUR W CC","$60,174.41 "
494,"LOWER EXTREM & HUMER PROC EXCEPT HIP,FOOT,FEMUR W/O CC/MCC","$43,623.20 "
495,LOCAL EXCISION & REMOVAL INT FIX DEVICES EXC HIP & FEMUR W MCC,"$58,509.12 "
496,LOCAL EXCISION & REMOVAL INT FIX DEVICES EXC HIP & FEMUR W CC,"$49,093.58 "
497,LOCAL EXCISION & REMOVAL INT FIX DEVICES EXC HIP & FEMUR W/O CC/MCC,"$21,479.93 "
498,LOCAL EXCISION & REMOVAL INT FIX DEVICES OF HIP & FEMUR W CC/MCC,"$41,099.30 "
500,SOFT TISSUE PROCEDURES W MCC,"$82,595.32 "
501,SOFT TISSUE PROCEDURES W CC,"$42,890.43 "
502,SOFT TISSUE PROCEDURES W/O CC/MCC,"$35,151.44 "
503,FOOT PROCEDURES W MCC,"$51,814.43 "
504,FOOT PROCEDURES W CC,"$66,306.50 "
505,FOOT PROCEDURES W/O CC/MCC,"$55,213.69 "
507,MAJOR SHOULDER OR ELBOW JOINT PROCEDURES W CC/MCC,"$44,809.64 "
508,MAJOR SHOULDER OR ELBOW JOINT PROCEDURES W/O CC/MCC,"$51,449.76 "
510,"SHOULDER,ELBOW OR FOREARM PROC,EXC MAJOR JOINT PROC W MCC","$23,868.65 "
511,"SHOULDER,ELBOW OR FOREARM PROC,EXC MAJOR JOINT PROC W CC","$41,993.64 "
512,"SHOULDER,ELBOW OR FOREARM PROC,EXC MAJOR JOINT PROC W/O CC/MCC","$36,932.69 "
513,"HAND OR WRIST PROC, EXCEPT MAJOR THUMB OR JOINT PROC W CC/MCC","$47,148.06 "
514,"HAND OR WRIST PROC, EXCEPT MAJOR THUMB OR JOINT PROC W/O CC/MCC","$18,770.97 "
515,OTHER MUSCULOSKELET SYS & CONN TISS O.R. PROC W MCC,"$67,457.59 "
516,OTHER MUSCULOSKELET SYS & CONN TISS O.R. PROC W CC,"$39,740.49 "
517,OTHER MUSCULOSKELET SYS & CONN TISS O.R. PROC W/O CC/MCC,"$27,521.06 "
518,BACK & NECK PROC EXC SPINAL FUSION W MCC OR DISC DEVICE/NEUROSTIM,"$78,743.25 "
519,BACK & NECK PROC EXC SPINAL FUSION W CC,"$45,320.00 "
520,BACK & NECK PROC EXC SPINAL FUSION W/O CC/MCC,"$28,849.25 "
533,FRACTURES OF FEMUR W MCC,"$23,802.58 "
534,FRACTURES OF FEMUR W/O MCC,"$15,651.53 "
535,FRACTURES OF HIP & PELVIS W MCC,"$27,086.07 "
536,FRACTURES OF HIP & PELVIS W/O MCC,"$19,436.44 "
537,"SPRAINS, STRAINS, & DISLOCATIONS OF HIP, PELVIS & THIGH W CC/MCC","$22,026.30 "
539,OSTEOMYELITIS W MCC,"$49,117.71 "
540,OSTEOMYELITIS W CC,"$44,332.08 "
541,OSTEOMYELITIS W/O CC/MCC,"$14,062.88 "
542,PATHOLOGICAL FRACTURES & MUSCULOSKELET & CONN TISS MALIG W MCC,"$51,146.39 "
543,PATHOLOGICAL FRACTURES & MUSCULOSKELET & CONN TISS MALIG W CC,"$22,716.98 "
544,PATHOLOGICAL FRACTURES & MUSCULOSKELET & CONN TISS MALIG W/O CC/MCC,"$15,937.68 "
545,CONNECTIVE TISSUE DISORDERS W MCC,"$43,801.29 "
546,CONNECTIVE TISSUE DISORDERS W CC,"$21,949.90 "
547,CONNECTIVE TISSUE DISORDERS W/O CC/MCC,"$14,263.30 "
549,SEPTIC ARTHRITIS W CC,"$33,793.54 "
550,SEPTIC ARTHRITIS W/O CC/MCC,"$38,497.16 "
551,MEDICAL BACK PROBLEMS W MCC,"$34,114.06 "
552,MEDICAL BACK PROBLEMS W/O MCC,"$22,040.72 "
553,BONE DISEASES & ARTHROPATHIES W MCC,"$35,959.92 "
554,BONE DISEASES & ARTHROPATHIES W/O MCC,"$22,210.12 "
555,SIGNS & SYMPTOMS OF MUSCULOSKELETAL SYSTEM & CONN TISSUE W MCC,"$45,520.31 "
556,SIGNS & SYMPTOMS OF MUSCULOSKELETAL SYSTEM & CONN TISSUE W/O MCC,"$17,003.10 "
557,"TENDONITIS, MYOSITIS & BURSITIS W MCC","$129,526.85 "
558,"TENDONITIS, MYOSITIS & BURSITIS W/O MCC","$20,937.53 "
560,"AFTERCARE, MUSCULOSKELETAL SYSTEM & CONNECTIVE TISSUE W CC","$20,040.10 "
561,"AFTERCARE, MUSCULOSKELETAL SYSTEM & CONNECTIVE TISSUE W/O CC/MCC","$13,211.38 "
562,"FX, SPRN, STRN & DISL EXCEPT FEMUR, HIP, PELVIS & THIGH W MCC","$23,780.00 "
563,"FX, SPRN, STRN & DISL EXCEPT FEMUR, HIP, PELVIS & THIGH W/O MCC","$20,427.36 "
564,OTHER MUSCULOSKELETAL SYS & CONNECTIVE TISSUE DIAGNOSES W MCC,"$21,603.23 "
565,OTHER MUSCULOSKELETAL SYS & CONNECTIVE TISSUE DIAGNOSES W CC,"$21,768.51 "
566,OTHER MUSCULOSKELETAL SYS & CONNECTIVE TISSUE DIAGNOSES W/O CC/MCC,"$20,196.02 "
570,SKIN DEBRIDEMENT W MCC,"$66,757.88 "
571,SKIN DEBRIDEMENT W CC,"$41,389.26 "
572,SKIN DEBRIDEMENT W/O CC/MCC,"$27,372.70 "
575,SKIN GRAFT FOR SKIN ULCER OR CELLULITIS W/O CC/MCC,"$26,895.75 "
578,SKIN GRAFT EXC FOR SKIN ULCER OR CELLULITIS W/O CC/MCC,"$24,770.04 "
579,"OTHER SKIN, SUBCUT TISS & BREAST PROC W MCC","$69,953.21 "
580,"OTHER SKIN, SUBCUT TISS & BREAST PROC W CC","$38,616.55 "
581,"OTHER SKIN, SUBCUT TISS & BREAST PROC W/O CC/MCC","$30,670.24 "
582,MASTECTOMY FOR MALIGNANCY W CC/MCC,"$43,410.42 "
583,MASTECTOMY FOR MALIGNANCY W/O CC/MCC,"$35,658.55 "
584,"BREAST BIOPSY, LOCAL EXCISION & OTHER BREAST PROCEDURES W CC/MCC","$31,470.76 "
585,"BREAST BIOPSY, LOCAL EXCISION & OTHER BREAST PROCEDURES W/O CC/MCC","$31,698.50 "
592,SKIN ULCERS W MCC,"$37,643.41 "
593,SKIN ULCERS W CC,"$26,413.53 "
594,SKIN ULCERS W/O CC/MCC,"$26,836.47 "
595,MAJOR SKIN DISORDERS W MCC,"$82,096.21 "
596,MAJOR SKIN DISORDERS W/O MCC,"$16,824.87 "
597,MALIGNANT BREAST DISORDERS W MCC,"$39,157.67 "
598,MALIGNANT BREAST DISORDERS W CC,"$28,333.01 "
600,NON-MALIGNANT BREAST DISORDERS W CC/MCC,"$23,594.15 "
601,NON-MALIGNANT BREAST DISORDERS W/O CC/MCC,"$22,791.65 "
602,CELLULITIS W MCC,"$34,121.75 "
603,CELLULITIS W/O MCC,"$21,578.94 "
604,"TRAUMA TO THE SKIN, SUBCUT TISS & BREAST W MCC","$25,584.34 "
605,"TRAUMA TO THE SKIN, SUBCUT TISS & BREAST W/O MCC","$21,473.46 "
606,MINOR SKIN DISORDERS W MCC,"$52,090.74 "
607,MINOR SKIN DISORDERS W/O MCC,"$20,589.26 "
614,ADRENAL & PITUITARY PROCEDURES W CC/MCC,"$43,582.66 "
615,ADRENAL & PITUITARY PROCEDURES W/O CC/MCC,"$37,530.25 "
616,"AMPUTAT OF LOWER LIMB FOR ENDOCRINE,NUTRIT,& METABOL DIS W MCC","$102,854.61 "
617,"AMPUTAT OF LOWER LIMB FOR ENDOCRINE,NUTRIT,& METABOL DIS W CC","$61,962.81 "
620,O.R. PROCEDURES FOR OBESITY W CC,"$47,161.05 "
621,O.R. PROCEDURES FOR OBESITY W/O CC/MCC,"$38,296.78 "
622,"SKIN GRAFTS & WOUND DEBRID FOR ENDOC, NUTRIT & METAB DIS W MCC","$114,234.55 "
623,"SKIN GRAFTS & WOUND DEBRID FOR ENDOC, NUTRIT & METAB DIS W CC","$48,821.11 "
624,"SKIN GRAFTS & WOUND DEBRID FOR ENDOC, NUTRIT & METAB DIS W/O CC/MCC","$32,372.03 "
625,"THYROID, PARATHYROID & THYROGLOSSAL PROCEDURES W MCC","$174,816.53 "
626,"THYROID, PARATHYROID & THYROGLOSSAL PROCEDURES W CC","$53,330.49 "
627,"THYROID, PARATHYROID & THYROGLOSSAL PROCEDURES W/O CC/MCC","$28,533.34 "
628,"OTHER ENDOCRINE, NUTRIT & METAB O.R. PROC W MCC","$108,889.33 "
629,"OTHER ENDOCRINE, NUTRIT & METAB O.R. PROC W CC","$65,837.58 "
630,"OTHER ENDOCRINE, NUTRIT & METAB O.R. PROC W/O CC/MCC","$37,847.22 "
637,DIABETES W MCC,"$41,912.21 "
638,DIABETES W CC,"$20,949.10 "
639,DIABETES W/O CC/MCC,"$15,719.84 "
640,"MISC DISORDERS OF NUTRITION,METABOLISM,FLUIDS/ELECTROLYTES W MCC","$31,010.78 "
641,"MISC DISORDERS OF NUTRITION,METABOLISM,FLUIDS/ELECTROLYTES W/O MCC","$17,886.71 "
642,INBORN AND OTHER DISORDERS OF METABOLISM,"$23,780.38 "
643,ENDOCRINE DISORDERS W MCC,"$41,023.08 "
644,ENDOCRINE DISORDERS W CC,"$30,655.71 "
645,ENDOCRINE DISORDERS W/O CC/MCC,"$19,473.65 "
653,MAJOR BLADDER PROCEDURES W MCC,"$34,523.25 "
654,MAJOR BLADDER PROCEDURES W CC,"$60,346.14 "
655,MAJOR BLADDER PROCEDURES W/O CC/MCC,"$63,721.98 "
656,KIDNEY & URETER PROCEDURES FOR NEOPLASM W MCC,"$79,360.65 "
657,KIDNEY & URETER PROCEDURES FOR NEOPLASM W CC,"$53,403.00 "
658,KIDNEY & URETER PROCEDURES FOR NEOPLASM W/O CC/MCC,"$38,484.33 "
659,KIDNEY & URETER PROCEDURES FOR NON-NEOPLASM W MCC,"$94,350.35 "
660,KIDNEY & URETER PROCEDURES FOR NON-NEOPLASM W CC,"$42,137.40 "
661,KIDNEY & URETER PROCEDURES FOR NON-NEOPLASM W/O CC/MCC,"$33,548.41 "
662,MINOR BLADDER PROCEDURES W MCC,"$72,469.41 "
663,MINOR BLADDER PROCEDURES W CC,"$29,861.02 "
664,MINOR BLADDER PROCEDURES W/O CC/MCC,"$34,958.25 "
665,PROSTATECTOMY W MCC,"$46,175.22 "
666,PROSTATECTOMY W CC,"$44,534.01 "
667,PROSTATECTOMY W/O CC/MCC,"$27,546.74 "
668,TRANSURETHRAL PROCEDURES W MCC,"$120,214.60 "
669,TRANSURETHRAL PROCEDURES W CC,"$34,719.99 "
670,TRANSURETHRAL PROCEDURES W/O CC/MCC,"$31,565.90 "
671,URETHRAL PROCEDURES W CC/MCC,"$33,038.95 "
672,URETHRAL PROCEDURES W/O CC/MCC,"$22,707.89 "
673,OTHER KIDNEY & URINARY TRACT PROCEDURES W MCC,"$82,982.68 "
674,OTHER KIDNEY & URINARY TRACT PROCEDURES W CC,"$61,117.78 "
675,OTHER KIDNEY & URINARY TRACT PROCEDURES W/O CC/MCC,"$37,403.46 "
682,RENAL FAILURE W MCC,"$37,348.51 "
683,RENAL FAILURE W CC,"$25,435.96 "
684,RENAL FAILURE W/O CC/MCC,"$17,551.48 "
686,KIDNEY & URINARY TRACT NEOPLASMS W MCC,"$46,825.16 "
687,KIDNEY & URINARY TRACT NEOPLASMS W CC,"$29,496.83 "
688,KIDNEY & URINARY TRACT NEOPLASMS W/O CC/MCC,"$20,009.71 "
689,KIDNEY & URINARY TRACT INFECTIONS W MCC,"$30,607.59 "
690,KIDNEY & URINARY TRACT INFECTIONS W/O MCC,"$19,893.68 "
691,URINARY STONES W ESW LITHOTRIPSY W CC/MCC,"$32,132.29 "
692,URINARY STONES W ESW LITHOTRIPSY W/O CC/MCC,"$32,868.00 "
693,URINARY STONES W/O ESW LITHOTRIPSY W MCC,"$41,395.74 "
694,URINARY STONES W/O ESW LITHOTRIPSY W/O MCC,"$22,292.45 "
695,KIDNEY & URINARY TRACT SIGNS & SYMPTOMS W MCC,"$49,749.80 "
696,KIDNEY & URINARY TRACT SIGNS & SYMPTOMS W/O MCC,"$23,124.47 "
697,URETHRAL STRICTURE,"$52,938.57 "
698,OTHER KIDNEY & URINARY TRACT DIAGNOSES W MCC,"$46,138.76 "
699,OTHER KIDNEY & URINARY TRACT DIAGNOSES W CC,"$23,668.13 "
700,OTHER KIDNEY & URINARY TRACT DIAGNOSES W/O CC/MCC,"$16,535.84 "
707,MAJOR MALE PELVIC PROCEDURES W CC/MCC,"$50,405.46 "
708,MAJOR MALE PELVIC PROCEDURES W/O CC/MCC,"$36,246.79 "
709,PENIS PROCEDURES W CC/MCC,"$43,264.49 "
710,PENIS PROCEDURES W/O CC/MCC,"$51,140.13 "
711,TESTES PROCEDURES W CC/MCC,"$70,647.68 "
712,TESTES PROCEDURES W/O CC/MCC,"$16,644.79 "
713,TRANSURETHRAL PROSTATECTOMY W CC/MCC,"$53,283.68 "
714,TRANSURETHRAL PROSTATECTOMY W/O CC/MCC,"$28,959.34 "
715,OTHER MALE REPRODUCTIVE SYSTEM O.R. PROC FOR MALIGNANCY W CC/MCC,"$221,709.72 "
716,OTHER MALE REPRODUCTIVE SYSTEM O.R. PROC FOR MALIGNANCY W/O CC/MCC,"$32,841.32 "
717,OTHER MALE REPRODUCTIVE SYSTEM O.R. PROC EXC MALIGNANCY W CC/MCC,"$75,092.62 "
718,OTHER MALE REPRODUCTIVE SYSTEM O.R. PROC EXC MALIGNANCY W/O CC/MCC,"$38,724.42 "
722,"MALIGNANCY, MALE REPRODUCTIVE SYSTEM W MCC","$18,049.90 "
723,"MALIGNANCY, MALE REPRODUCTIVE SYSTEM W CC","$24,768.67 "
725,BENIGN PROSTATIC HYPERTROPHY W MCC,"$21,129.18 "
726,BENIGN PROSTATIC HYPERTROPHY W/O MCC,"$14,619.93 "
727,INFLAMMATION OF THE MALE REPRODUCTIVE SYSTEM W MCC,"$77,076.05 "
728,INFLAMMATION OF THE MALE REPRODUCTIVE SYSTEM W/O MCC,"$21,562.15 "
729,OTHER MALE REPRODUCTIVE SYSTEM DIAGNOSES W CC/MCC,"$13,605.62 "
730,OTHER MALE REPRODUCTIVE SYSTEM DIAGNOSES W/O CC/MCC,"$32,877.60 "
736,UTERINE & ADNEXA PROC FOR OVARIAN OR ADNEXAL MALIGNANCY W MCC,"$14,881.38 "
739,"UTERINE,ADNEXA PROC FOR NON-OVARIAN/ADNEXAL MALIG W MCC","$55,125.68 "
740,"UTERINE,ADNEXA PROC FOR NON-OVARIAN/ADNEXAL MALIG W CC","$30,477.80 "
741,"UTERINE,ADNEXA PROC FOR NON-OVARIAN/ADNEXAL MALIG W/O CC/MCC","$21,464.43 "
742,UTERINE & ADNEXA PROC FOR NON-MALIGNANCY W CC/MCC,"$41,164.85 "
743,UTERINE & ADNEXA PROC FOR NON-MALIGNANCY W/O CC/MCC,"$27,671.84 "
744,"D&C, CONIZATION, LAPAROSCOPY & TUBAL INTERRUPTION W CC/MCC","$37,395.32 "
745,"D&C, CONIZATION, LAPAROSCOPY & TUBAL INTERRUPTION W/O CC/MCC","$22,575.91 "
746,"VAGINA, CERVIX & VULVA PROCEDURES W CC/MCC","$51,581.76 "
747,"VAGINA, CERVIX & VULVA PROCEDURES W/O CC/MCC","$32,157.97 "
748,FEMALE REPRODUCTIVE SYSTEM RECONSTRUCTIVE PROCEDURES,"$34,991.42 "
749,OTHER FEMALE REPRODUCTIVE SYSTEM O.R. PROCEDURES W CC/MCC,"$36,860.61 "
750,OTHER FEMALE REPRODUCTIVE SYSTEM O.R. PROCEDURES W/O CC/MCC,"$36,279.73 "
754,"MALIGNANCY, FEMALE REPRODUCTIVE SYSTEM W MCC","$23,910.26 "
755,"MALIGNANCY, FEMALE REPRODUCTIVE SYSTEM W CC","$14,503.85 "
757,"INFECTIONS, FEMALE REPRODUCTIVE SYSTEM W MCC","$47,536.85 "
758,"INFECTIONS, FEMALE REPRODUCTIVE SYSTEM W CC","$17,736.26 "
759,"INFECTIONS, FEMALE REPRODUCTIVE SYSTEM W/O CC/MCC","$18,487.60 "
760,MENSTRUAL & OTHER FEMALE REPRODUCTIVE SYSTEM DISORDERS W CC/MCC,"$19,530.29 "
761,MENSTRUAL & OTHER FEMALE REPRODUCTIVE SYSTEM DISORDERS W/O CC/MCC,"$19,456.96 "
765,CESAREAN SECTION W CC/MCC,"$26,685.27 "
766,CESAREAN SECTION W/O CC/MCC,"$23,080.31 "
767,VAGINAL DELIVERY W STERILIZATION &/OR D&C,"$19,873.21 "
768,VAGINAL DELIVERY W O.R. PROC EXCEPT STERIL &/OR D&C,"$29,306.60 "
769,POSTPARTUM & POST ABORTION DIAGNOSES W O.R. PROCEDURE,"$50,651.58 "
770,"ABORTION W D&C, ASPIRATION CURETTAGE OR HYSTEROTOMY","$14,423.90 "
774,VAGINAL DELIVERY W COMPLICATING DIAGNOSES,"$13,505.68 "
775,VAGINAL DELIVERY W/O COMPLICATING DIAGNOSES,"$12,032.32 "
776,POSTPARTUM & POST ABORTION DIAGNOSES W/O O.R. PROCEDURE,"$19,735.23 "
777,ECTOPIC PREGNANCY,"$27,689.83 "
778,THREATENED ABORTION,"$6,650.73 "
779,ABORTION W/O D&C,"$8,868.13 "
780,FALSE LABOR,"$9,172.52 "
781,OTHER ANTEPARTUM DIAGNOSES W MEDICAL COMPLICATIONS,"$11,863.94 "
782,OTHER ANTEPARTUM DIAGNOSES W/O MEDICAL COMPLICATIONS,"$5,019.75 "
783,CESAREAN SECTION W STERILIZATION W MCC,"$26,653.14 "
784,CESAREAN SECTION W STERILIZATION W CC,"$21,985.13 "
785,CESAREAN SECTION W STERILIZATION W/O CC/MCC,"$21,966.54 "
786,CESAREAN SECTION W/O STERILIZATION W MCC,"$27,327.90 "
787,CESAREAN SECTION W/O STERILIZATION W CC,"$22,685.54 "
788,CESAREAN SECTION W/O STERILIZATION W/O CC/MCC,"$22,853.54 "
789,"NEONATES, DIED OR TRANSFERRED TO ANOTHER ACUTE CARE FACILITY","$3,620.25 "
793,FULL TERM NEONATE W MAJOR PROBLEMS,"$4,027.35 "
794,NEONATE W OTHER SIGNIFICANT PROBLEMS,"$5,703.87 "
795,NORMAL NEWBORN,"$3,131.08 "
798,VAGINAL DELIVERY W STERILIZATION/D&C W/O CC/MCC,"$19,282.91 "
799,SPLENECTOMY W MCC,"$114,896.65 "
800,SPLENECTOMY W CC,"$103,279.78 "
801,SPLENECTOMY W/O CC/MCC,"$39,871.03 "
802,OTHER O.R. PROC OF THE BLOOD & BLOOD FORMING ORGANS W MCC,"$406,893.30 "
803,OTHER O.R. PROC OF THE BLOOD & BLOOD FORMING ORGANS W CC,"$58,995.86 "
804,OTHER O.R. PROC OF THE BLOOD & BLOOD FORMING ORGANS W/O CC/MCC,"$20,728.95 "
805,VAGINAL DELIVERY W/O STERILIZATION/D&C W MCC,"$14,415.41 "
806,VAGINAL DELIVERY W/O STERILIZATION/D&C W CC,"$11,942.57 "
807,VAGINAL DELIVERY W/O STERILIZATION/D&C W/O CC/MCC,"$12,187.52 "
808,MAJOR HEMATOL/IMMUN DIAG EXC SICKLE CELL CRISIS & COAGUL W MCC,"$85,847.55 "
809,MAJOR HEMATOL/IMMUN DIAG EXC SICKLE CELL CRISIS & COAGUL W CC,"$32,200.59 "
810,MAJOR HEMATOL/IMMUN DIAG EXC SICKLE CELL CRISIS & COAGUL W/O CC/MCC,"$20,720.02 "
811,RED BLOOD CELL DISORDERS W MCC,"$39,390.74 "
812,RED BLOOD CELL DISORDERS W/O MCC,"$22,759.19 "
813,COAGULATION DISORDERS,"$32,507.57 "
814,RETICULOENDOTHELIAL & IMMUNITY DISORDERS W MCC,"$38,896.10 "
815,RETICULOENDOTHELIAL & IMMUNITY DISORDERS W CC,"$31,394.47 "
816,RETICULOENDOTHELIAL & IMMUNITY DISORDERS W/O CC/MCC,"$19,574.80 "
817,OTHER ANTEPARTUM DIAGNOSES W O.R. PROCEDURE W MCC,"$29,545.51 "
818,OTHER ANTEPARTUM DIAGNOSES W O.R. PROCEDURE W CC,"$27,252.96 "
821,LYMPHOMA & LEUKEMIA W MAJOR O.R. PROCEDURE W CC,"$71,766.96 "
822,LYMPHOMA & LEUKEMIA W MAJOR O.R. PROCEDURE W/O CC/MCC,"$44,132.42 "
823,LYMPHOMA & NON-ACUTE LEUKEMIA W OTHER PROC W MCC,"$190,630.67 "
824,LYMPHOMA & NON-ACUTE LEUKEMIA W OTHER PROC W CC,"$59,305.54 "
825,LYMPHOMA & NON-ACUTE LEUKEMIA W OTHER O.R. PROC W/O CC/MCC,"$55,241.14 "
826,MYELOPROLIF DISORD OR POORLY DIFF NEOPL W MAJ O.R. PROC W MCC,"$109,174.85 "
827,MYELOPROLIF DISORD OR POORLY DIFF NEOPL W MAJ O.R. PROC W CC,"$60,434.25 "
828,MYELOPROLIF DISORD OR POORLY DIFF NEOPL W MAJ O.R. PROC W/O CC/MCC,"$46,676.52 "
831,OTHER ANTEPARTUM DIAGNOSES W/O O.R. PROCEDURE W MCC,"$46,486.61 "
832,OTHER ANTEPARTUM DIAGNOSES W/O O.R. PROCEDURE W CC,"$8,104.93 "
833,OTHER ANTEPARTUM DIAGNOSES W/O O.R. PROCEDURE W/O CC/MCC,"$6,959.15 "
834,ACUTE LEUKEMIA W/O MAJOR O.R. PROCEDURE W MCC,"$70,205.43 "
835,ACUTE LEUKEMIA W/O MAJOR O.R. PROCEDURE W CC,"$55,895.54 "
840,LYMPHOMA & NON-ACUTE LEUKEMIA W MCC,"$91,603.32 "
841,LYMPHOMA & NON-ACUTE LEUKEMIA W CC,"$53,188.54 "
842,LYMPHOMA & NON-ACUTE LEUKEMIA W/O CC/MCC,"$17,445.88 "
843,OTHER MYELOPROLIF DIS OR POORLY DIFF NEOPL DIAG W MCC,"$33,674.75 "
844,OTHER MYELOPROLIF DIS OR POORLY DIFF NEOPL DIAG W CC,"$25,818.13 "
845,OTHER MYELOPROLIF DIS OR POORLY DIFF NEOPL DIAG W/O CC/MCC,"$5,621.35 "
853,INFECTIOUS & PARASITIC DISEASES W O.R. PROCEDURE W MCC,"$147,870.82 "
854,INFECTIOUS & PARASITIC DISEASES W O.R. PROCEDURE W CC,"$71,373.82 "
855,INFECTIOUS & PARASITIC DISEASES W O.R. PROCEDURE W/O CC/MCC,"$44,215.17 "
856,POSTOPERATIVE OR POST-TRAUMATIC INFECTIONS W O.R. PROC W MCC,"$82,505.23 "
857,POSTOPERATIVE OR POST-TRAUMATIC INFECTIONS W O.R. PROC W CC,"$45,076.40 "
858,POSTOPERATIVE OR POST-TRAUMATIC INFECTIONS W O.R. PROC W/O CC/MCC,"$29,322.33 "
862,POSTOPERATIVE & POST-TRAUMATIC INFECTIONS W MCC,"$63,404.02 "
863,POSTOPERATIVE & POST-TRAUMATIC INFECTIONS W/O MCC,"$35,704.69 "
864,FEVER,"$19,787.16 "
865,VIRAL ILLNESS W MCC,"$31,085.23 "
866,VIRAL ILLNESS W/O MCC,"$27,512.45 "
867,OTHER INFECTIOUS & PARASITIC DISEASES DIAGNOSES W MCC,"$133,914.50 "
868,OTHER INFECTIOUS & PARASITIC DISEASES DIAGNOSES W CC,"$29,849.34 "
869,OTHER INFECTIOUS & PARASITIC DISEASES DIAGNOSES W/O CC/MCC,"$113,507.47 "
870,SEPTICEMIA OR SEVERE SEPSIS W MV >96 HOURS OR PERIPHERAL EXTRACORPOREAL MEMBRANE,"$159,705.39 "
871,SEPTICEMIA OR SEVERE SEPSIS W/O MV >96 HOURS W MCC,"$61,031.68 "
872,SEPTICEMIA OR SEVERE SEPSIS W/O MV >96 HOURS W/O MCC,"$33,148.43 "
876,O.R. PROCEDURE W PRINCIPAL DIAGNOSES OF MENTAL ILLNESS,"$43,241.93 "
880,ACUTE ADJUSTMENT REACTION & PSYCHOSOCIAL DYSFUNCTION,"$19,488.60 "
881,DEPRESSIVE NEUROSES,"$29,205.02 "
882,NEUROSES EXCEPT DEPRESSIVE,"$18,242.64 "
883,DISORDERS OF PERSONALITY & IMPULSE CONTROL,"$14,294.30 "
884,ORGANIC DISTURBANCES AND INTELLECTUAL DISABILITY,"$33,009.47 "
885,PSYCHOSES,"$29,715.19 "
887,OTHER MENTAL DISORDER DIAGNOSES,"$51,632.46 "
894,"ALCOHOL/DRUG ABUSE OR DEPENDENCE, LEFT AMA","$13,151.81 "
895,ALCOHOL/DRUG ABUSE OR DEPENDENCE W REHABILITATION THERAPY,"$11,450.65 "
896,ALCOHOL/DRUG ABUSE OR DEPENDENCE W/O REHABILITATION THERAPY W MCC,"$58,935.11 "
897,ALCOHOL/DRUG ABUSE OR DEPENDENCE W/O REHABILITATION THERAPY W/O MCC,"$17,664.50 "
901,WOUND DEBRIDEMENTS FOR INJURIES W MCC,"$40,591.64 "
902,WOUND DEBRIDEMENTS FOR INJURIES W CC,"$62,566.44 "
903,WOUND DEBRIDEMENTS FOR INJURIES W/O CC/MCC,"$21,060.60 "
906,HAND PROCEDURES FOR INJURIES,"$21,643.07 "
907,OTHER O.R. PROCEDURES FOR INJURIES W MCC,"$91,722.22 "
908,OTHER O.R. PROCEDURES FOR INJURIES W CC,"$53,613.91 "
909,OTHER O.R. PROCEDURES FOR INJURIES W/O CC/MCC,"$32,320.98 "
913,TRAUMATIC INJURY W MCC,"$17,274.40 "
914,TRAUMATIC INJURY W/O MCC,"$21,583.94 "
915,ALLERGIC REACTIONS W MCC,"$70,140.98 "
916,ALLERGIC REACTIONS W/O MCC,"$14,608.76 "
917,POISONING & TOXIC EFFECTS OF DRUGS W MCC,"$36,875.47 "
918,POISONING & TOXIC EFFECTS OF DRUGS W/O MCC,"$26,346.35 "
919,COMPLICATIONS OF TREATMENT W MCC,"$45,533.12 "
920,COMPLICATIONS OF TREATMENT W CC,"$24,927.77 "
921,COMPLICATIONS OF TREATMENT W/O CC/MCC,"$18,805.82 "
922,"OTHER INJURY, POISONING & TOXIC EFFECT DIAG W MCC","$27,359.54 "
923,"OTHER INJURY, POISONING & TOXIC EFFECT DIAG W/O MCC","$11,832.22 "
934,FULL THICKNESS BURN W/O SKIN GRFT OR INHAL INJ,"$47,563.79 "
935,NON-EXTENSIVE BURNS,"$22,330.65 "
939,O.R. PROC W DIAGNOSES OF OTHER CONTACT W HEALTH SERVICES W MCC,"$30,940.60 "
940,O.R. PROC W DIAGNOSES OF OTHER CONTACT W HEALTH SERVICES W CC,"$67,327.29 "
941,O.R. PROC W DIAGNOSES OF OTHER CONTACT W HEALTH SERVICES W/O CC/MCC,"$32,715.95 "
947,SIGNS & SYMPTOMS W MCC,"$26,364.07 "
948,SIGNS & SYMPTOMS W/O MCC,"$19,432.25 "
949,AFTERCARE W CC/MCC,"$28,625.10 "
950,AFTERCARE W/O CC/MCC,"$13,220.22 "
951,OTHER FACTORS INFLUENCING HEALTH STATUS,"$10,035.69 "
956,"LIMB REATTACHMENT, HIP & FEMUR PROC FOR MULTIPLE SIGNIFICANT TRAUMA","$93,981.78 "
957,OTHER O.R. PROCEDURES FOR MULTIPLE SIGNIFICANT TRAUMA W MCC,"$134,552.03 "
958,OTHER O.R. PROCEDURES FOR MULTIPLE SIGNIFICANT TRAUMA W CC,"$80,411.29 "
959,OTHER O.R. PROCEDURES FOR MULTIPLE SIGNIFICANT TRAUMA W/O CC/MCC,"$169,155.49 "
963,OTHER MULTIPLE SIGNIFICANT TRAUMA W MCC,"$73,031.15 "
964,OTHER MULTIPLE SIGNIFICANT TRAUMA W CC,"$35,917.65 "
965,OTHER MULTIPLE SIGNIFICANT TRAUMA W/O CC/MCC,"$28,290.26 "
969,HIV W EXTENSIVE O.R. PROCEDURE W MCC,"$82,130.71 "
974,HIV W MAJOR RELATED CONDITION W MCC,"$74,350.75 "
975,HIV W MAJOR RELATED CONDITION W CC,"$25,541.48 "
976,HIV W MAJOR RELATED CONDITION W/O CC/MCC,"$34,964.46 "
977,HIV W OR W/O OTHER RELATED CONDITION,"$22,127.45 "
981,EXTENSIVE O.R. PROCEDURE UNRELATED TO PRINCIPAL DIAGNOSIS W MCC,"$114,020.65 "
982,EXTENSIVE O.R. PROCEDURE UNRELATED TO PRINCIPAL DIAGNOSIS W CC,"$56,036.02 "
983,EXTENSIVE O.R. PROCEDURE UNRELATED TO PRINCIPAL DIAGNOSIS W/O CC/MCC,"$39,925.58 "
987,NON-EXTENSIVE O.R. PROC UNRELATED TO PRINCIPAL DIAGNOSIS W MCC,"$86,121.75 "
988,NON-EXTENSIVE O.R. PROC UNRELATED TO PRINCIPAL DIAGNOSIS W CC,"$43,656.28 "
989,NON-EXTENSIVE O.R. PROC UNRELATED TO PRINCIPAL DIAGNOSIS W/O CC/MCC,"$31,033.13 "
998,PRINCIPAL DIAGNOSIS INVALID AS DISCHARGE DIAGNOSIS,"$14,877.95 "
