MCLEAN HOSPITAL STANDARD CHARGES,,
Charges Effective: Oct-2018 (subject to change),,
* I.C. charges - prices vary based on individual consideration,,
Charge Code,Description,Charge
99900311,MCL SP ACADEMIC TESTING MCL FEE,"$3,000.00"
99900310,MCL SP ACADEMIC TEST - NON REF DEPOSIT MCL FEE,$500.00
99900297,HC ADMINISTRATIVE CLOSED ENCOUNTER,I.C.
99900294,HC DAY CARE HALF DAY (< 3 SERVICES),$350.00
99900284,HC SP KETAMINE INFUSION CHARGE,$800.00
98301641,HCPR POLYSOM 6/>YRS SLEEP W/CPAP 4/> ADDL PARAM ATTND,$389.37
98301640,HCPR POLYSOM 6/>YRS SLEEP 4/> ADDL PARAM ATTND,$375.00
98301637,HCPR MRI SPECTROSCOPY,$107.00
98301636,HCPR MR ANGIO ABDOMEN (MRA),$237.00
98301635,"HCPR MRI, ABDOMEN, COMBO",$285.00
98301634,"HCPR MRI, ABDOMEN W/CONTRAST",$220.00
98301633,"HCPR MRI, ABDOMEN (MRI)",$185.00
98301632,"HCPR MRI, JOINT OF LEG. COMBO",$272.00
98301631,"HCPR MRI, JOINT OF LEG W/CONTRAST",$208.00
98301630,"HCPR MRI LOWER EXTREM JT, W/O CONTRAST",$174.00
98301629,"HCPR MRI, LOWER EXTR, W/O CONTRAST F/U BY CONTRAST",$272.00
98301628,"HCPR MRI, LOWER EXTREM W/CONTRAST",$206.00
98301627,"HCPR MRI, LOWER EXTREM",$171.00
98301626,HCPR MR ANGIO UPPER EXTREM,$216.00
98301625,"HCPR MRI, JOINT UPPER EXTREM COMBO",$273.00
98301624,"HCPR MRI, JOINT UPPER EXTREM W/CONTRAST",$206.00
98301623,"HCPR MRI, JOINT UPPER EXTREM",$174.00
98301622,HCPR MRI UPPER EXTREMITY COMBO,$273.00
98301621,"HCPR MRI, UPPER EXTREMITY W/CONTRAST",$206.00
98301620,"HCPR MRI, UPPER EXTREMITY W/O CONTRAST",$171.00
98301619,HCPR MR ANGIO PELVIS(MRA),$228.00
98301618,"HCPR MRI, PELVIS, W/O CONTRAST",$186.00
98301617,HCPR MR ANGIO SPINE (MRA),$150.00
98301616,"HCPR MRI, LUMBAR SPINE COMBO",$301.00
98301615,"HCPR MRI, DORSAL SPINE COMBO",$326.00
98301614,"HCPR MRI, CERV SPINE COMBO",$326.00
98301613,"HCPR MRI, LUMBAR SPINE CONTRAST",$227.00
98301612,"HCPR MRI, LUMBAR SPINE",$189.00
98301611,"HCPR MRI, DORSAL SPINE CONTRAST",$244.00
98301610,"HCPR MRI, DORSAL SPINE",$203.00
98301609,"HCPR MRI, CERV SPINE CONTRAST",$244.00
98301608,"HCPR MRI, CERV SPINE",$203.00
98301607,"HCPR MRI, CHEST, COMBO",$286.00
98301606,"HCPR MRI, CHEST, W/CONTRAST",$220.00
98301605,"HCPR MRI, CHEST",$184.00
98301604,HCPR MRI BRAIN W/O & W/ DYE,$419.00
98301603,HCPR MRI BRAIN W/ DYE,$415.00
98301602,HCPR MRI BRAIN W/O DYE,$430.00
98301601,HCPR FUNCTIONAL MRI BRAIN BY PHYS/PSYCH,$331.00
98301600,HCPR FUNCTIONAL MRI BRAIN BY TECH,$269.00
98301599,HCPR MRI BRAIN COMBO,$299.00
98301598,HCPR MRI BRAIN CONTRAST,$227.00
98301597,HCPR MRI BRAIN,$187.00
98301596,"HCPR MR ANGIO, NECK, COMBO",$138.00
98301595,"HCPR MR ANGIO, NECK W/CONTRAST",$100.00
98301594,"HCPR MR ANGIO, NECK",$100.00
98301593,"HCPR MR ANGIO, HEAD, COMBO",$138.00
98301592,"HCPR MR ANGIO, HEAD W/CONTRAST",$100.00
98301591,"HCPR MR ANGIO, HEAD",$100.00
98301590,"HCPR MRI, FACE, NECK, COMBO",$271.00
98301589,"HCPR MRI, FACE, NECK W/CONTRAST",$205.00
98301588,"HCPR MRI, FACE, NECK",$171.00
98301335,HCPR ELECTROCONVULSIVE THERAPY,$168.00
98301286,HCPR INITL INPATIENT CONSULT NEW/ESTAB PT 20 MIN,$60.00
98301220,HCPR INITIAL INPATIENT CONSULT NEW/ESTAB PT 110 MIN,$155.00
98301218,HCPR INITIAL INPATIENT CONSULT NEW/ESTAB PT 55 MIN,$174.00
98301217,HCPR INITIAL INPATIENT CONSULT NEW/ESTAB PT 40 MIN,$108.00
98301216,HCPR HOSPITAL DISCHARGE DAY MANAGEMENT > 30 MIN,$164.00
98300817,HCPR SUBSEQUENT HOSPITAL CARE HIGH,$159.00
98300816,HCPR HOSPITAL DISCHARGE DAY 30 MIN OR LESS,$110.00
98300815,HCPR SUBSEQUENT HOSPITAL CARE MOD,$110.00
98300814,HCPR SUBSEQUENT HOSPITAL CARE LOW,$60.00
98300813,HCPR INITIAL HOSPITAL CARE HIGH,$308.00
98300812,HCPR INITIAL HOSPITAL CARE MOD,$208.00
98300811,HCPR INITIAL HOSPITAL CARE LOW,$155.00
96100061,HCPR REPET TMS TX SUBSEQ MOTR THRESHLD W/DELIV & MNGT,$892.00
96100060,"HCPR TRANSCRANIAL MAGNETIC STIMULATION TREATMENT,DELIVERY/MANAGEMENT",$289.00
96100059,"HCPR TRANSCRANIAL MAGNETIC STIMULATION TREATMENT,PLANNING",$858.00
96100057,HCPR PSYCH - CONSULT - LEVEL 5,$290.00
96100056,HCPR PSYCH - CONSULT - LEVEL 4,$234.00
96100055,HCPR PSYCH - CONSULT - LEVEL 3,$145.00
96100054,HCPR PSYCH - CONSULT - LEVEL 2,$104.00
96100053,HCPR OFFICE CONSULTATION ESTAB PATIENT 15 MIN - PSYCH,$50.00
96100049,HCPR PSYCH - ESTAB PT - LEVEL 5 VISIT,$169.00
96100048,HCPR PSYCH - ESTAB PT - LEVEL 4 VISIT,$120.00
96100047,HCPR PSYCH - ESTAB PT - LEVEL 3 VISIT,$89.00
96100046,HCPR PSYCH - ESTAB PT - LEVEL 2 VISIT,$39.00
96100044,HCPR PSYCH - NEW PT - LEVEL 5 VISIT,$257.00
96100043,HCPR PSYCH - NEW PT - LEVEL 4 VISIT,$198.00
96100042,HCPR PSYCH - NEW PT - LEVEL 3 VISIT,$117.00
96100041,HCPR PSYCH - NEW PT - LEVEL 2 VISIT,$77.00
96100040,HCPR OFFICE OUTPATIENT NEW 10 MINUTES - PSYCH,$41.00
96100035,HCPR PSYCHOTHERAPY W/PATIENT W/E&M SRVCS 60 MIN,$166.00
96100034,HCPR PSYCHOTHERAPY W/PATIENT 60 MINUTES,$191.00
96100033,HCPR PSYCHOTHERAPY W/PATIENT W/E&M SRVCS 45 MIN,$125.00
96100032,HCPR PSYCHOTHERAPY W/PATIENT 45 MINUTES,$127.00
96100031,HCPR PSYCHOTHERAPY W/PATIENT W/E&M SRVCS 30 MIN,$99.00
96100030,HCPR PSYCHOTHERAPY W/PATIENT 30 MINUTES,$95.00
96100029,HCPR PSYCHIATRIC DIAGNOSTIC EVAL W/MEDICAL SERVICES,$216.00
96100028,HCPR PSYCHIATRIC DIAGNOSTIC EVALUATION,$192.00
96100013,HCPR NUROPSYC TESTING PR HR W/PT & INTERPJ TIME,$140.00
96100012,HCPR NUBHVL STATUS XM PR HR W/PT INTERPJ&PREPJ,$144.00
96100009,HCPR PSYCHOLOGICAL TESTING PR HR WITH PATIENT,$135.00
96100003,HCPR GROUP PSYCHOTHERAPY,$50.00
96100002,HCPR FAMILY PSYCHOTHERAPY W/PATIENT PRESENT,$165.00
96100001,HCPR FAMILY PSYCHOTHERAPY W/O PATIENT PRESENT,$154.00
96000017,HC INITIAL INPATIENT CONSULT NEW/ESTAB PT 110 MIN,$329.00
96000016,HC INITL INPATIENT CONSULT NEW/ESTAB PT 80 MIN,$270.00
96000015,HC INITL INPATIENT CONSULT NEW/ESTAB PT 55 MIN,$187.00
96000014,HC INITL INPATIENT CONSULT NEW/ESTAB PT 40 MIN,$123.00
96000013,HC INITL INPATIENT CONSULT NEW/ESTAB PT 20 MIN,$79.00
94900031,HC 3E LINCOLN PARTIAL DAY CHARGE,$800.00
94900030,HC 3 EAST LINCOLN ROOM RESERVE,$950.00
94900029,HC 3 EAST LINCOLN RENT,"$1,435.00"
94900028,HC PAV @ THE BROOK ROOM RESERVE,"$1,500.00"
94900027,HC BORDEN COTTAGE ROOM RESERVE,"$1,285.00"
94900026,HC HOMER AVE ROOM RESERVE,$525.00
94900024,HC FERNSIDE ROOM RESERVE,"$1,115.00"
94900020,HC PAVILION@ THE BROOK,"$4,150.00"
94900019,HC PAVILION DAY,"$3,850.00"
94900018,HC 3  EAST DBT PARTIAL SERVICES,$800.00
94900017,HC APPLETON RENT 731+,$380.00
94900016,HC APPLETON RENT 181-730,$500.00
94900015,HC PAVILION ROOM RESERVE,"$1,850.00"
94900014,HC PAVILION RESIDENTIAL,"$4,150.00"
94900013,HC MILL STREET LODGE RENT,$500.00
94900012,HC LINCOLN RESIDENCE ROOM RESERVE,$770.00
94900011,HC LINCOLN RESIDENCE,"$1,020.00"
94900010,HC HOMER AVE RENT,$675.00
94900009,HC GUNDERSON ROOM RESERVE,"$1,150.00"
94900008,HC GUNDERSON RESIDENCE,"$1,500.00"
94900007,HC FERNSIDE RESIDENTIAL,"$1,985.00"
94900006,HC BORDEN COTTAGE RESIDENTIAL,"$2,150.00"
94900005,HC APPLETON ROOM RESERVE,$380.00
94900004,HC APPLETON RENT,$700.00
94900003,HC 3 EAST RESIDENTIAL,"$1,435.00"
94900002,HC 3 EAST ADOLOSCENT ROOM RESERVE,$950.00
94900001,HC 3 EAST ADOLESCENT RENT,"$1,435.00"
90000131,HC 3E DBT PARTIAL DAY CHARGE,I.C.
90000130,HC MISCELLANEOUS CHARGE,I.C.
90000129,HC NIGHT FEE,$200.00
90000128,HC DAY CARE EXT DAY,$900.00
90000127,HC DAY CARE FULL DAY,$700.00
90000103,HC OFFICE OUTPATIENT ESTAB 46+ MINUTES - PSYCH,$184.00
90000102,HC PSYCH - ESTAB PT - LEVEL 4 VISIT,$146.00
90000101,HC EST PATIENT PSYCH (99213) – MED LEVEL  (21-45 MIN),$218.00
90000100,HC PSYCH - ESTAB PT - LEVEL 2 VISIT,$112.00
90000099,HC EST PATIENT PSYCH (99211) – LOW LEVEL  (< 20 MIN),$218.00
90000098,HC NEW PATIENT PSYCH (99205) – HIGH LEVEL  (46+ MIN),$218.00
90000096,HC NEW PATIENT PSYCH (99203) – MED LEVEL  (21-45 MIN),$218.00
90000094,HC NEW PATIENT PSYCH (99201) – LOW LEVEL  (< 20 MIN),$218.00
90000055,HC PSYCHOTHERAPY W/PATIENT W/E&M SRVCS 60 MIN,$252.00
90000054,HC PSYCHOTHERAPY W/PATIENT 60 MINUTES,$290.00
90000053,HC PSYCHOTHERAPY W/PATIENT W/E&M SRVCS 45 MIN,$195.00
90000052,HC PSYCHOTHERAPY W/PATIENT 45 MINUTES,$258.00
90000051,HC PSYCHOTHERAPY W/PATIENT W/E&M SRVCS 30 MIN,$147.00
90000050,HC PSYCHOTHERAPY W/PATIENT 30 MINUTES,$147.00
90000049,HC PSYCHIATRIC DIAGNOSTIC EVAL W/MEDICAL SERVICES,$333.00
90000048,HC PSYCHIATRIC DIAGNOSTIC EVALUATION,$300.00
90000040,HC NUROPSYC TESTING PR HR W/PT & INTERPJ TIME,$476.00
90000039,HC NUBHVL STATUS XM PR HR W/PT INTERPJ&PREPJ,$476.00
90000034,HC PSYCHOLOGICAL TESTING PR HR WITH PATIENT,$262.00
90000025,HC FAMILY PSYCHOTHERAPY W/PATIENT PRESENT,$266.00
90000024,HC FAMILY PSYCHOTHERAPY W/O PATIENT PRESENT,$259.00
90000022,HC GROUP PSYCHOTHERAPY,$170.00
90000021,HC OPPS/PHP; TRAIN & EDUC SERV,$170.00
90000009,HC ELECTROCONVULSIVE THERAPY,$852.00
90000003,HC REPET TMS TX SUBSEQ MOTR THRESHLD W/DELIV & MN,$693.00
90000002,HC THERAP REPETITIVE TMS TX SUBSEQ DELIVERY & MNG,$466.00
90000001,HC REPET TMS TX INITIAL W/MAP/MOTR THRESHLD/DEL&M,$802.00
74000019,HC ELECTROENCEPHALOGRAM W/REC AWAKE&ASLEEP,$552.00
74000018,HC ELECTROENCEPHALOGRAM W/REC AWAKE&DROWSY,$476.00
74000016,HC ELECTROENCEPHALOGRAM EXTEND MONITORING 41-60 MIN,$513.00
74000014,HC POLYSOM 6/>YRS SLEEP W/CPAP 4/> ADDL PARAM ATTND,"$2,912.00"
74000012,HC POLYSOM 6/>YRS SLEEP 4/> ADDL PARAM ATTND,"$2,912.00"
73000001,HC ECG ROUTINE ECG W/LEAST 12 LDS TRCG ONLY W/O I&R,$112.00
61000084,HC MRA NECK W/O CONTRST MATERIAL,$600.00
61000081,HC MRA HEAD W/O CONTRST MATERIAL,$600.00
61000062,HC MRI ANY JT LOWER EXTREM W/O CONTRAST MATRL,"$1,045.00"
61000055,HC MRI LOWER EXTREM OTH/THN JT W/O CONTR MATRL,"$1,045.00"
61000050,HC MRI ANY JT UPPER EXTREMITY W/O CONTRAST MATRL,"$1,045.00"
61000043,HC MRI UPPER EXTREMITY OTH THAN JT W/O CONTR MATRL,$463.00
61000038,HC MRI PELVIS W/O CONTRAST MATERIAL,"$1,045.00"
61000032,HC MRI SPINAL CANAL LUMBAR W/O & W/CONTR MATRL,"$1,648.00"
61000031,HC MRI SPINAL CANAL THORACIC W/O & W/CONTR MATRL,"$1,648.00"
61000030,HC MRI SPINAL CANAL CERVICAL W/O & W/CONTR MATRL,"$1,648.00"
61000028,HC MRI SPINAL CANAL LUMBAR W/O CONTRAST MATERIAL,"$1,045.00"
61000026,HC MRI SPINAL CANAL THORACIC W/O CONTRAST MATRL,"$1,045.00"
61000025,HC MRI SPINAL CANAL CERVICAL W/CONTRAST MATRL,"$1,346.00"
61000024,HC MRI SPINAL CANAL CERVICAL W/O CONTRAST MATRL,"$1,045.00"
61000018,HC MRI BRAIN BRAIN STEM W/O W/CONTRAST MATERIAL,"$1,648.00"
61000017,HC MRI BRAIN BRAIN STEM W/CONTRAST MATERIAL,"$1,346.00"
61000016,HC MRI BRAIN BRAIN STEM W/O CONTRAST MATERIAL,"$1,050.00"
61000015,HC MRI ORBIT FACE & NCK W/O & W/CONTRAST MATRL,"$1,648.00"
37000032,"HC ANESTHESIA, ELCTROSHOCK / ECT",$216.00
32000368,HC RADIOLOGIC EXAM CHEST 2 VIEWS FRONTAL&LATERAL,$137.00
32000367,HC RADIOLOGIC EXAMINATION CHEST SINGLE VIEW FRONTAL,$145.00
32000255,HC 3D RENDERING W/INTERP&POSTPROC DIFF WORK STATION,$140.00
32000193,HC RADEX ABDOMEN 1 ANTEROPOSTERIOR VIEW,$124.00
32000192,HC RADEX TOE MINIMUM 2 VIEWS,$123.00
32000186,HC RADEX FOOT COMPLETE MINIMUM 3 VIEWS,$128.00
32000160,HC RADIOLOGIC EXAM KNEE COMPLETE 4/MORE VIEWS,$231.00
32000128,HC RADEX HAND MINIMUM 3 VIEWS,$156.00
32000103,HC RADEX ELBOW COMPLETE MINIMUM 3 VIEWS,$123.00
32000090,HC RADEX SHOULDER COMPLETE MINIMUM 2 VIEWS,$126.00
32000065,HC RADEX SPINE LUMBOSACRAL 2/3 VIEWS,$231.00
32000060,HC RADEX SPINE THORACIC 2 VIEWS,$231.00
32000057,HC RADEX SPINE CERVICAL 4 OR 5 VIEWS,$231.00
32000049,HC RADEX RIBS UNI W/POSTEROANT CH MINIMUM 3 VIEWS,$231.00
32000013,HC RADEX NASAL BONES COMPLETE MINIMUM 3 VIEWS,$151.00
31000900,HC HBA1/HBA2 GENE ANALYSIS DUP/DEL VARIANTS,$607.00
31000101,HC FLOW CYTOMETRY CELL SURF MARKER TECHL ONLY EA,$499.00
31000099,HC FLOW CYTOMETRY CELL SURF MARKER TECHL ONLY 1ST,$444.00
31000005,HC MOLECULAR PATHOLOGY PROCEDURE LEVEL 4,$556.00
31000003,HC MOLECULAR PATHOLOGY PROCEDURE LEVEL 2,$411.00
30003340,HC PRESUMPTIVE DRUG TEST BY INSTRUMENT CHEMISTRY ANALYZER,$192.00
30003339,HC PRESUMPTIVE DRUG TEST READ BY INSTRUMENT ASSISTED DIRECT OPTICAL OBSERVATION,$48.00
30003338,HC PRESUMPTIVE DRUG TEST READ BY DIRECT OPTICAL OBSERVATION ONLY,$36.00
30003317,"HC NSM RHMTID FCTR IGG,IGA,IGM",$107.00
30003299,HC LACOSAMIDE,$56.00
30003057,HC COL-CHR/MS NONDRUG ANALYTE NES QUAL/QUAN EA SPEC,$74.00
30002981,"HC DRUG SCREENING OPIATES 1 OR MORE (OPIATE(S), DRUG AND METABOLITES, EACH PROCEDURE)",$54.00
30002975,HC ANTIDEPRESSANTS TRICYCLIC OTHER CYCLICALS 1 OR 2 (NORTIPTYLINE),$27.00
30002972,HC IMIPRAMINE (ANTIDEPRESSANTS TRICYCLIC OTHER CYCLICALS 1 OR 2),$343.00
30002969,HC DOXEPIN (ANTIDEPRESSANTS TRICYCLIC OTHER CYCLICALS 1 OR 2),$51.00
30002966,HC DESIPRAMINE (ANTIDEPRESSANTS TRICYCLIC OTHER CYCLICALS 1 OR 2),$43.00
30002963,HC DRUG SCREEN ANALGESICS NON-OPIOID 1 OR 2 (ACETAMINOPHEN),$6.00
30002957,HC DRUG SCREEN QUANT DIPROPYLACETIC ACID TOTAL,$59.00
30002926,HC IADNA HUMAN PAPILLOMAVIRUS TYPES 16 & 18 ONLY,$107.00
30002925,HC IADNA HUMAN PAPILLOMAVIRUS HIGH-RISK TYPES,$107.00
30002924,HC IADNA HUMAN PAPILLOMAVIRUS LOW-RISK TYPES,$107.00
30002892,HC DRUG/SUBSTANCE DEFINITIVE QUAL/QUANT NOS 1-3,$71.00
30002887,HC DRUG SCREENING SKEL MUSCLE RELAXANTS 3 OR MORE,$77.00
30002886,HC DRUG SCREENING SKELETAL MUSCLE RELAXANTS 1 OR 2,$77.00
30002882,"HC OXYCODONE OPIATE(S), DRUG AND METABOLITES EC",$6.00
30002881,HC DRUG SCREENING OPIOIDS & OPIATE ANALOGS 5/MORE,$95.00
30002880,HC DRUG SCREENING OPIOIDS AND OPIATE ANALOGS 3 OR 4,$60.00
30002879,HC DRUG SCREENING OPIOIDS AND OPIATE ANALOGS 1 OR 2,$48.00
30002876,HC METHYLENEDIOXYAMPHETAMINES,$343.00
30002875,HC DRUG SCREENING METHADONE,$353.00
30002870,HC COCAINE OR METABOLITE (COCAINE),$53.00
30002869,HC CANNABINOIDS SYNTHETIC 7/MORE,$76.00
30002866,HC CANNABINOIDS NATURAL,$54.00
30002865,HC DRUG SCREENING BUPRENORPHINE,$96.00
30002864,HC DRUG SCREENING BENZODIAZEPINES 13 OR MORE,$81.00
30002863,HC DRUG SCREENING BENZODIAZEPINES 1-12,$59.00
30002862,HC DRUG SCREENING BARBITURATES,$52.00
30002861,HC PHENOTHIAZINE (ANTIPSYCHOTICS NOT OTHERWISE SPECIFIED 7/MORE),$68.00
30002860,HC PHENOTHIAZINE (ANTIPSYCHOTICS NOT OTHERWISE SPECIFIED 4-6),$68.00
30002859,HC PHENOTHIAZINE (ANTIPSYCHOTICS NOT OTHERWISE SPECIFIED 1-3),$68.00
30002858,HC METHUSIXIMIDE (ANTIEPILEPTICS NOT OTHERWISE SPECIFIED 7/MORE),$65.00
30002857,HC METHUSIXIMIDE (ANTIEPILEPTICS NOT OTHERWISE SPECIFIED 4-6),$65.00
30002856,HC METHUSIXIMIDE (ANTIEPILEPTICS NOT OTHERWISE SPECIFIED 1-3),$65.00
30002854,HC AMITRIPTYLINE (ANTIDEPRESSANTS TRICYCLIC OTHER CYCLICALS 6/MORE),$75.00
30002853,HC ANTIDEPRESSANTS TRICYCLIC OTHER CYCLICALS 3-5,$75.00
30002852,HC ANTIDEPRESSANTS TRICYCLIC OTHER CYCLICALS 1 OR 2,$31.00
30002848,HC DRUG SCREEN ANALGESICS NON-OPIOID 6 OR MORE,$31.00
30002847,HC DRUG SCREEN ANALGESICS NON-OPIOID 3-5,$31.00
30002846,HC DRUG SCREEN ANALGESICS NON-OPIOID 1 OR 2,$8.00
30002845,HC DRUG SCREEN QUANT ANABOLIC STEROID 3 OR MORE,$113.00
30002844,HC DRUG SCREEN QUANT ANABOLIC STEROID 1 OR 2,$113.00
30002843,HC DRUG SCREEN QUANT AMPHETAMINES 5 OR MORE,$45.00
30002842,HC DRUG SCREEN QUANT AMPHETAMINES 3 OR 4,$45.00
30002841,HC DRUG SCREEN QUANT AMPHETAMINES 1 OR 2,$45.00
30002837,HC ALCOHOL (QUANTITATIVE ALCOHOLS),$6.00
30002831,HC DRUG SCREEN QUANT DIPROPYLACETIC ACID FREE,$71.00
30002829,HC DRUG SCREEN QUANTITATIVE DIGOXIN TOTAL,$58.00
30002316,HC CARBOHYDRATE DEFICIENT TRANSFERRIN,$67.00
30001851,HC ALLERGEN SPECIFIC IGE QUAN/SEMIQUAN EA ALLERGEN,$21.00
30001679,HC DRUG SCRN QUANT OXCARBAZEPIN,$55.00
30001677,HC DRUG SCRN QUAN LEVETIRACETAM,$54.54
30001676,HC DRUG SCREEN QUAN LAMOTRIGINE,$55.00
30001675,HC DRUG SCREEN QUANT GABAPENTIN,$55.00
30001674,HC DRUG SCREEN QUANT CLOZAPINE,$76.00
30001405,HC IADNA NOS QUANTIFICATION EACH ORGANISM,$159.00
30001402,HC IADNA RESPIRATRY PROBE & REV TRNSCR 3-5 TARGETS,$475.00
30001382,HC VOLUME MEASUREMENT TIMED COLLECTION EACH,$12.00
30001381,HC URINE PREGNANCY TEST VISUAL COLOR CMPRSN METHS,$26.00
30001379,HC URINALYSIS MICROSCOPIC ONLY,$13.00
30001377,HC URINALYSIS QUAL/SEMIQUANT EXCEPT IMMUNOASSAYS,$9.00
30001376,HC URNLS DIP STICK/TABLET RGNT AUTO W/O MICROSCOPY,$18.00
30001374,HC URNLS DIP STICK/TABLET REAGENT AUTO MICROSCOPY,$14.00
30001373,HC URINLS DIP STICK/TABLET REAGNT NON-AUTO MICRSCPY,$13.00
30001361,HC NFCT AGNT GENOTYP NUCLEIC ACID HEPATITIS C VIRUS,$339.00
30001357,HC IAADIADOO STREPTOCOCCUS GROUP A,$94.00
30001344,HC IADNA NOS AMPLIFIED PROBE TQ EACH ORGANISM,$246.00
30001330,HC IADNA NEISSERIA GONORRHOEAE AMPLIFIED PROBE TQ,$114.00
30001309,HC IADNA HIV-1 QUANT & REVERSE TRANSCRIPTION,$246.00
30001300,HC IADNA HERPES SOMPLX VIRUS AMPLIFIED PROBE TQ,$107.00
30001295,HC IADNA HEPATITIS C QUANT & REVERSE TRANSCRIPTION,$188.00
30001292,HC IADNA HEPATITIS B VIRUS QUANTIFICATION,$159.00
30001285,HC INFECTIOUS AGENT DNA/RNA INFLUENZA 1ST 2 TYPES,$316.00
30001277,HC INF AGENT DET NUCLEIC ACID CLOSTRIDIUM AMP PROBE,$130.00
30001275,HC IADNA CHLAMYDIA TRACHOMATIS AMPLIFIED PROBE TQ,$114.00
30001265,HC IADNA BORRELIA BURGDORFERI AMPLIFIED PROBE TQ,$107.00
30001257,HC IAAD EIA MULT STEP METHOD NOS EACH ORGANISM,$94.00
30001256,HC IAAD EIA STREPTOCOCCUS GROUP A,$50.00
30001248,HC IAAD EIA HIV-1 AG W/HIV-1 & HIV-2 ANTBDY SINGLE,$89.00
30001245,HC IAAD EIA HEPATITIS BE ANTIGEN,$50.00
30001243,HC IAAD EIA HEPATITIS B SURFACE ANTIGEN,$45.00
30001241,HC IAAD EIA HPYLORI STOOL,$94.00
30001236,HC IAAD EIA GIARDIA,$47.00
30001235,HC IAAD EIA CRYPTOSPORIDIUM,$47.00
30001233,HC IAAD EIA CLOSTRIDIUM DIFFICILE TOXIN,$47.00
30001228,HC IAADI POLYV MLT ORGANISMS EA POLYV ANTISERUM,$47.00
30001192,HC SMR PRIM SRC GRAM/GIEMSA STAIN BCT FUNGI/CELL,$19.00
30001186,HC SUSCEPTIBLTY STDY ANTIMICRBIAL MICRO/AGAR DILUTJ,$35.58
30001182,HC OVA&PARASITES DIRECT SMEARS CONCENTRATION&,$39.00
30001170,HC CULTURE TYPING IMMUNOLOGIC OTH/THN IMMUNOFLUORES,$21.30
30001166,HC CULTURE TUBERCLE/OTH ACID-FAST BACILLI ANY ISOL,$44.00
30001165,HC CULTURE CHLAMYDIA ANY SOURCE,$86.00
30001159,HC CULTURE FUNGI DEFINITIVE ID EACH ORGANISM YEAST,$45.00
30001155,HC CULTURE BCT ISOL&PRSMPTV ID ISOLATE EA URINE,$33.00
30001154,HC CULTURE BACTERIAL QUANTTATIVE COLONY COUNT URINE,$35.00
30001152,HC CUL PRSMPTV PTHGNC ORGANISM SCRN W/COLONY ESTIMJ,$29.00
30001150,HC CUL BACT AEROBIC ADDL METHS DEFINITIVE EA ISOL,$43.00
30001144,HC CUL BACT XCPT URINE BLOOD/STOOL AEROBIC ISOL,$38.00
30001142,HC CUL BACT STOOL AEROBIC ADDL PATHOGENS&ID EA,$39.00
30001141,HC CUL BACT STOOL AEROBIC ISOL SALMONELLA&SHIGELL,$41.00
30001140,HC CULTURE BACTERIAL BLOOD AEROBIC W/ID ISOLATES,$45.00
30001131,HC VISCOSITY,$51.00
30001130,HC THROMBOPLASTIN TIME PRTL SUBSTIT PLASMA FRCTJ EA,$24.00
30001129,HC THROMBOPLASTIN TIME PARTIAL PLASMA/WHOLE BLOOD,$26.00
30001128,HC THROMBOPLASTIN INHIBITION TISSUE,$36.00
30001126,HC THROMBIN TIME PLASMA,$24.00
30001125,HC SICKLING RBC REDUCTION,$23.00
30001124,HC SEDIMENTATION RATE RBC AUTOMATED,$11.00
30001123,HC SEDIMENTATION RATE RBC NON-AUTOMATED,$16.00
30001121,HC RUSSELL VIPER VENOM TIME DILUTED,$35.00
30001118,HC PROTHROMBIN TIME,$32.00
30001114,HC PLATELET AGGREGATION IN VITRO EACH AGENT,$177.00
30001111,HC MURAMIDASE,$77.00
30001090,HC FIBRINOGEN ACTIVITY,$37.00
30001088,HC FIBRIN DGRADJ PRODUCTS D-DIMER QUANTITATIVE,$45.00
30001087,HC FIBRIN DGRADJ PRODUCTS D-DIMER QUAL/SEMIQUAN,$29.00
30001071,HC CLOTTING INHIBITORS ANTITHROMBIN III ACTIVITY,$49.00
30001067,HC CLOTTING FACTOR XIII FIBRIN STABILIZING,$67.00
30001066,HC CLOTTING FACTOR XII HAGEMAN,$80.00
30001065,HC CLOTTING FACTOR XI PTA,$74.00
30001064,HC CLOTTING FACTOR X STUART-PROWER,$74.00
30001063,HC CLOTTING FACTOR IX PTC/CHRISTMAS,$78.00
30001061,HC CLOTTING FACTOR VIII MULTIMETRIC ANALYSIS,$94.00
30001058,HC CLOTTING FACTOR VIII VW FACTOR RISTOCETIN COFACT,$85.00
30001055,HC CLOTTING FACTOR VIII AHG 1 STAGE,$73.00
30001054,HC CLOTTING FACTOR VII PROCONVERTIN STABLE FACTOR,$73.00
30001053,HC CLOTTING FACTOR V ACG/PROACCELERIN LABILE FACTOR,$73.00
30001052,HC CLOTTING FACTOR II PROTHROMBIN SPECIFIC,$53.00
30001045,HC BLOOD COUNT PLATELET AUTOMATED,$20.00
30001044,HC BLOOD COUNT LEUKOCYTE WBC AUTOMATED,$11.00
30001042,HC BLOOD COUNT RETICULOCYTE AUTOMATED,$16.44
30001041,HC BLOOD COUNT RETICULOCYTE MANUAL,$19.00
30001038,HC BLOOD COUNT COMPLETE AUTOMATED,$28.00
30001037,HC BLOOD COUNT COMPLETE AUTO&AUTO DIFRNTL WBC,$32.00
30001036,HC BLOOD COUNT HEMOGLOBIN,$20.00
30001035,HC BLOOD COUNT HEMATOCRIT,$20.00
30001030,HC BLOOD COUNT AUTOMATED DIFFERENTIAL WBC COUNT,$28.00
30001014,HC HEPATITIS C ANTIBODY,$96.00
30001013,HC THYROGLOBULIN ANTIBODY,$61.00
30001009,HC ANTIBODY VIRUS NOT ELSEWHERE SPECIFIFED,$38.00
30001005,HC ANTIBODY VARICELLA-ZOSTER,$56.00
30001003,HC ANTIBODY TREPONEMA PALLIDUM,$109.00
30001001,HC ANTIBODY TOXOPLASMA IGM,$59.00
30000999,HC ANTIBODY TOXOPLASMA,$59.00
30000998,HC ANTIBODY TETANUS,$38.00
30000993,HC ANTIBODY RUBEOLA,$56.00
30000991,HC ANTIBODY RUBELLA,$63.00
30000986,HC ANTIBODY RESPIRATORY SYNCTIAL VIRUS,$53.00
30000980,HC ANTIBODY PARVOVIRUS,$38.00
30000975,HC ANTIBODY MYCOPLSM,$43.00
30000973,HC ANTIBODY MUMPS,$57.00
30000963,HC ANTIBODY LEGIONELLA,$63.00
30000961,HC ANTIBODY INFLUENZA VIRUS,$46.00
30000960,HC HEPATITIS ANTIBODY HAAB IGM ANTIBODY,$49.00
30000959,HC HEPATITIS ANTIBODY HAAB TOTAL,$51.00
30000957,HC HEPATITIS B SURF ANTIBODY HBSAB,$46.00
30000956,HC HEPATITIS B CORE ANTIBODY HBCAB IGM ANTIBODY,$48.45
30000955,HC HEPATITIS B CORE ANTIBODY HBCAB TOTAL,$53.00
30000954,HC ANTIBODY HIV-1&HIV-2 SINGLE RESULT,$45.00
30000950,HC ANTIBODY HISTOPLASMA,$51.00
30000948,HC ANTIBODY HERPES SMPLX TYPE 2,$83.00
30000946,HC ANTIBODY HERPES SMPLX TYPE 1,$57.00
30000944,HC ANTIBODY HERPES SMPLX NON-SPECIFIC TYPE TEST,$62.00
30000941,HC ANTIBODY HTLV/HIV ANTIBODY CONFIRMATORY TEST,$79.65
30000938,HC ANTIBODY HAEMOPHILUS INFLUENZA,$59.00
30000936,HC ANTIBODY HELICOBACTER PYLORI,$64.00
30000929,HC ANTIBODY EHRLICHIA,$40.00
30000927,HC ANTIBODY EPSTEIN-BARR EB VIRUS VIRAL CAPSID VCA,$59.00
30000922,HC ANTIBODY ENTEROVIRUS,$43.00
30000913,HC ANTIBODY DIPHTHERIA,$40.00
30000912,HC ANTIBODY CYTOMEGALOVIRUS CMV IGM,$59.00
30000905,HC ANTIBODY COCCIDIOIDES,$47.00
30000903,HC ANTIBODY CHLAMYDIA IGM,$54.00
30000901,HC ANTIBODY CHLAMYDIA,$50.00
30000896,HC ANTIBODY BRUCELLA,$36.00
30000893,HC ANTIBODY BORRELIA BURGDORFERI LYME DISEASE,$118.00
30000891,HC ANTIBODY BORRELIA BURGDORFERI CONFIRMATORY TST,$65.00
30000889,HC ANTIBODY BORDETELLA,$54.00
30000883,HC ANTIBODY BACTERIUM NOT ELSEWHERE SPECIFIED,$40.00
30000881,HC ANTIBODY ASPERGILLUS,$61.00
30000877,HC SYPHILIS TEST NON TREPONEMAL ANTIBODY QUAL,$19.00
30000869,HC TB CELL MEDIATED ANTIGN RESPNSE GAMMA INTERFERON,$255.00
30000867,HC RHEUMATOID FACTOR QUANTITATIVE,$23.00
30000866,HC RHEUMATOID FACTOR QUALITATIVE,$25.00
30000862,HC PARTICLE AGGLUTINATION SCREEN EACH ANTIBODY,$42.00
30000856,HC MICROSOMAL ANTIBODIES EACH,$64.00
30000854,HC T CELLS ABSOLUTE CD4 COUNT,$45.00
30000853,HC T CELLS ABSOLUTE CD4&CD8 COUNT RATIO,$57.00
30000852,HC T CELLS TOTAL COUNT,$47.00
30000843,HC ISLET CELL ANTIBODY,$82.00
30000842,HC INTRINSIC FACTOR ANTIBODIES,$66.00
30000837,HC IMMUNOFIXJ ELECTROPHORESIS SERUM,$92.00
30000827,HC IMMUNOASSAY INFECTIOUS AGENT ANTIBODY QUAN NOS,$62.00
30000825,HC IMMUNOASSAY TUMOR ANTIGEN QUANTITATIVE,$86.00
30000822,HC HETEROPHILE ANTIBODIES SCREEN,$43.00
30000820,HC IMMUNOASSAY TUMOR ANTIGEN QUANTITATIVE CA 125,$91.00
30000819,HC IMMUNOASSAY TUMOR ANTIGEN QUANTITATIVE CA 19-9,$86.00
30000818,HC IMMUNOASSAY TUMOR ANTIGEN QUANTITATIVE CA 15-3,$86.00
30000813,HC FLUORESCENT NONNFCT AGT ANTB TITER EA ANTIBODY,$53.00
30000812,HC FLUORESCENT NONNFCT AGT ANTB SCREEN EA ANTIBODY (91),$38.00
30000811,HC FLUORESCENT NONNFCT AGT ANTB SCREEN EA ANTIBODY,$38.00
30000809,HC EXTRACTABLE NUCLEAR ANTIGEN ANTIBODY ANY METHOD (91),$74.00
30000808,HC EXTRACTABLE NUCLEAR ANTIGEN ANTIBODY ANY METHOD,$79.00
30000806,HC DNA ANTIBODY NATIVE/DOUBLE STRANDED,$60.00
30000805,HC DEOXYRIBONUCLEASE ANTIBODY,$58.00
30000804,HC CYCLIC CITRULLINATED PEPTIDE ANTIBODY,$48.00
30000800,HC COMPLEMENT TOTAL HEMOLYTIC,$84.00
30000799,HC COMPLEMENT FUNCTIONAL ACTIVITY EACH COMPONENT,$49.00
30000798,HC COMPLEMENT ANTIGEN EACH COMPONENT,$49.00
30000797,HC COLD AGGLUTININ TITER,$33.00
30000791,HC CARDIOLIPIN ANTIBODY EACH IG CLASS,$60.00
30000789,HC BETA 2 GLYCOPROTEIN I ANTIBODY EACH,$94.00
30000788,HC C-REACTIVE PROTEIN HIGH SENSITIVITY,$57.00
30000787,HC C-REACTIVE PROTEIN,$23.00
30000785,HC ANTISTREPTOLYSIN O TITER,$32.00
30000784,HC ANTINUCLEAR ANTIBODIES ANA TITER,$49.00
30000783,HC ANTINUCLEAR ANTIBODIES ANA,$53.00
30000780,HC ANTIBODY IDENTIFICATION PLATELET ANTIBODIES,$80.00
30000778,HC ANTIBODY IDENTIFICATION LEUKOCYTE ANTIBODIES,$66.00
30000772,HC AGGLUTININS FEBRILE EACH ANTIGEN,$29.00
30000743,HC GONADOTROPIN CHORIONIC QUALITATIVE,$62.00
30000741,HC GONADOTROPIN CHORIONIC QUANTITATIVE,$62.00
30000740,HC ASSAY OF C-PEPTIDE,$91.00
30000739,HC ASSAY OF ZINC,$50.00
30000737,HC ASSAY OF VOLATILES,$66.00
30000736,HC ASSAY OF VITAMIN K,$57.00
30000735,HC ASSAY OF VITAMIN NOT OTHERWISE SPECIFIED,$47.76
30000734,HC ASSAY OF VITAMIN A,$48.00
30000733,HC ASSAY OF VASOPRESSIN ANTI-DIURETIC HORMONE,$149.00
30000732,HC ASSAY OF VASOACTIVE INTESTINAL PEPTIDE,$79.00
30000731,HC ASSAY OF VANILLYLMANDELIC ACID URINE,$68.00
30000726,HC ASSAY OF URIC ACID OTHER SOURCE,$21.00
30000725,HC ASSAY OF BLOOD/URIC ACID,$37.00
30000723,HC ASSAY OF UREA NITROGEN URINE,$20.00
30000721,HC ASSAY OF UREA NITROGEN QUANTITATIVE,$33.00
30000714,HC ASSAY OF TROPONIN QUANTITATIVE,$43.00
30000713,HC TRIIODOTHYRONINE T3 REVERSE,$67.00
30000712,HC ASSAY OF TRIIODOTHYRONINE T3 FREE,$74.00
30000711,HC ASSAY OF TRIIODOTHYRONINE T3 TOTAL TT3,$62.00
30000710,HC THYROID HORM UPTK/THYROID HORMONE BINDING RATIO,$28.00
30000708,HC ASSAY OF TRIGLYCERIDES,$47.00
30000707,HC ASSAY OF L7383TRANSFERRIN,$56.00
30000706,HC TRANSFERASE ALANINE AMINO ALT SGPT,$44.00
30000705,HC TRANSFERASE ASPARTATE AMINO AST SGOT,$43.00
30000703,HC ASSAY OF TOCOPHEROL ALPHA VITAMIN E,$62.00
30000702,HC THYROID STIMULATING IMMUNE GLOBULINS TSI,$223.00
30000701,HC ASSAY OF THYROID STIMULATING HORMONE TSH,$130.00
30000700,HC ASSAY OF THYROXINE BINDING GLOBULIN,$65.00
30000699,HC ASSAY OF FREE THYROXINE,$40.00
30000697,HC ASSAY OF THYROXINE TOTAL,$30.00
30000696,HC ASSAY OF THYROGLOBULIN,$70.00
30000693,HC ASSAY OF THIAMINE-VITAMIN B-1,$93.00
30000691,HC ASSAY OF TESTOSTERONE TOTAL,$113.00
30000689,HC ASSAY OF TESTOSTERONE FREE,$112.00
30000679,HC SPECTROPHOTOMETRY ANALYT NOT ELSEWHERE SPECIFIED,$27.00
30000677,HC ASSAY OF SOMATOMEDIN,$74.00
30000675,HC ASSAY OF URINE SODIUM,$21.00
30000674,HC SODIUM SERUM PLASMA OR WHOLE BLOOD,$40.00
30000671,HC ASSAY OF SEX HORMONE BINDING GLOBULIN,$90.00
30000670,HC ASSAY OF SEROTONIN,$136.00
30000669,HC ASSAY OF SELENIUM,$95.00
30000668,HC ASSAY OF RIBOFLAVIN-VITAMIN B-2,$89.00
30000667,HC ASSAY OF RENIN,$93.00
30000666,HC RECEPTOR ASSAY NON-ENDOCRINE SPECIFY RECEPTOR,$160.00
30000661,HC ASSAY OF PYRUVATE KINASE,$39.00
30000660,HC ASSAY OF PYRUVATE,$48.00
30000659,HC ASSAY OF PYRIDOXAL PHOSPHATE,$112.00
30000658,HC ASSAY OF PROINSULIN,$78.00
30000656,HC PROTOPORPHYRIN RBC QUANTITATIVE,$63.00
30000653,HC PROTEIN WESTRN BLOT I&R BLOOD/OTHER FLUID,$63.00
30000650,HC PROTEIN ELECTROPHORETIC FRACTJ&QUANTJ SERUM,$47.00
30000646,HC PROTEIN TOTAL XCPT REFRACTOMETRY OTH SRC,$30.00
30000645,HC PROTEIN TOTAL XCPT REFRACTOMETRY URINE,$15.00
30000643,HC PROTEIN XCPT REFRACTOMETRY SERUM PLASMA/WHL BLD,$30.00
30000642,HC ASSAY OF PROSTATE SPECIFIC ANTIGEN FREE,$68.00
30000641,HC ASSAY OF PROSTATE SPECIFIC ANTIGEN TOTAL,$81.00
30000637,HC ASSAY OF PROLACTIN,$85.00
30000635,HC ASSAY OF PROGESTERONE,$91.00
30000633,HC PREGNENOLONE,$85.00
30000630,HC PREALBUMIN,$64.00
30000629,HC POTASSIUM URINE,$18.00
30000628,HC POTASSIUM SERUM PLASMA/WHOLE BLOOD,$38.00
30000625,HC PORPHYRINS URINE QUANTITATION & FRACTIONATION,$64.00
30000622,HC ASSAY OF PORPHOBILINOGEN URINE QUANTITATIVE,$37.00
30000620,HC ASSAY OF PHOSPHORUS INORGANIC URINE,$21.00
30000619,HC ASSAY OF PHOSPHORUS INORGANIC,$21.00
30000615,HC ASSAY OF PHOSPHATASE ALKALINE ISOENZYMES,$65.00
30000613,HC ASSAY OF PHOSPHATASE ALKALINE,$43.00
30000610,HC ASSAY OF PHOSPHATASE ACID TOTAL,$30.00
30000604,HC ASSAY OF PHENCYCLIDINE,$343.00
30000601,HC PH BODY FLUID NOT ELSEWHERE SPECIFIED,$29.00
30000600,HC ASSAY OF PARATHORMONE,$181.00
30000597,HC ASSAY OF OXALATE,$53.00
30000596,HC ASSAY OF OSTEOCALCIN,$123.00
30000595,HC ASSAY OF OSMOLALITY URINE,$30.00
30000594,HC ASSAY OF OSMOLALITY BLOOD,$29.00
30000592,HC ORGANIC ACID 1 QUANTITATIVE,$79.00
30000590,HC ORGANIC ACIDS TOTAL QUANTITATIVE EACH SPECIMEN,$72.00
30000589,HC OLIGOCLONAL IMMUNE,$83.00
30000588,HC ASSAY OF NUCLEOTIDASE 5'-,$49.00
30000584,HC ASSAY OF NEPHELOMETRY EACH ANALYTE NES,$47.00
30000583,HC NATRIURETIC PEPTIDE,$279.00
30000581,HC MYOGLOBIN,$53.00
30000580,HC MYELIN BASIC PROTEIN CEREBROSPINAL FLUID,$71.00
30000572,HC METANEPHRINES,$70.00
30000571,HC ASSAY OF MERCURY QUANTITATIVE,$71.00
30000569,HC MASS SPECT&TANDEM MASS SPECT ANAL QUAN EA SPEC,$74.00
30000566,HC ASSAY OF MANGANESE,$101.00
30000563,HC ASSAY OF MAGNESIUM,$29.00
30000561,HC LIPOPROTEIN DIRECT MEASUREMENT LDL CHOLESTEROL,$76.00
30000559,HC LIPOPROTEIN DIR MEAS HIGH DENSITY CHOLESTEROL,$67.00
30000555,HC LIPOPROTEIN BLOOD ELECTROPHORECTIC SEP&QUAN,$46.00
30000551,HC ASSAY OF LIPASE,$30.00
30000545,HC ASSAY OF LEAD,$100.00
30000539,HC LACTATE DEHYDROGENASE ISOENZYMES SEP&QUAN,$53.00
30000538,HC LACTATE DEHYDROGENASE LDH,$26.00
30000537,HC ASSAY OF LACTATE,$88.00
30000532,HC IRON BINDING CAPACITY,$38.00
30000531,HC ASSAY OF IRON,$28.00
30000528,HC ASSAY OF INSULIN TOTAL,$50.00
30000527,HC IMMUNOASSAY ANALYTE QUANTITATIVE NOS (91),$107.00
30000526,HC IMMUNOASSAY ANALYTE QUANTITATIVE NOS,$107.00
30000524,HC IMMUNOASSAY ANALYTE QUANT RADIOIMMUNOASSAY,$56.00
30000521,HC IMMUNOASSAY ANALYTE QUAL/SEMIQUAL MULTIPLE STEP,$94.00
30000517,HC ASSAY OF HYDROXYPROGESTERONE 17-D,$119.00
30000516,HC ASSAY OF HYDROXYINDOLACETIC ACID 5-HIAA,$56.00
30000515,HC HYDROXYCORTICOSTEROIDS 17,$77.00
30000513,HC ASSAY OF HOMOCYSTEINE,$74.00
30000511,HC ASSAY OF HISTAMINE,$122.00
30000505,HC HEMOGLOBIN UNSTABLE SCREEN,$35.00
30000500,HC HEMOGLOBIN METHEMOGLOBIN QUANTITATIVE,$30.00
30000497,HC HEMOGLOBIN GLYCOSYLATED A1C,$80.00
30000493,HC HEMOGLOBIN FRACTJ/QUANTJ CHROMOTOGRAPHY,$74.00
30000492,HC HEMOGLOBIN FRACTJ/QUANTJ ELECTROPHORESIS,$53.00
30000491,HC HEAVY METAL QUANTIATIVE EACH,$96.00
30000486,HC ASSAY OF HAPTOGLOBIN QUANTITATIVE,$55.00
30000483,HC ASSAY OF GROWTH HORMONE HUMAN,$73.00
30000482,HC GONADOTROPIN LUTEINIZING HORMONE,$152.00
30000481,HC GONADOTROPIN FOLLICLE STIMULATING HORMONE,$153.00
30000476,HC ASSAY OF GLUTAMYLTRASE GAMMA,$59.00
30000472,HC GLUC BLD GLUC MNTR DEV CLEARED FDA SPEC HOME USE,$10.00
30000470,HC GLUC-6-PHOSPHATE DEHYDROGENASE QUANTITATIVE,$39.00
30000465,HC GLUCOSE POST GLUCOSE DOSE,$39.00
30000463,HC GLUCOSE QUANTITATIVE BLOOD XCPT REAGENT STRIP,$32.00
30000461,HC GLUCOSE BODY FLUID OTHER THAN BLOOD,$16.00
30000460,HC ASSAY OF GLUCAGON,$59.00
30000459,HC ASSAY OF GASTRIN,$73.00
30000453,HC BLOOD GASES ANY COMBINATION PH PCO2 PO2 CO2 HCO3,$80.00
30000450,HC GAMMAGLOBULIN IMMUNOGLOBULIN SUBCLASSES,$15.00
30000449,HC ASSAY OF GAMMAGLOBULIN IGE,$72.00
30000447,HC ASSAY OF GAMMAGLOBULIN IGA IGD IGG IGM EACH,$33.00
30000440,HC ASSAY OF FOLIC ACID SERUM,$64.00
30000435,HC ASSAY OF FERRITIN,$60.00
30000431,HC FAT/LIPIDS FECES QUANTITATIVE,$69.00
30000426,HC ASSAY OF ESTRONE,$205.00
30000424,HC ASSAY OF ESTROGENS TOTAL,$89.00
30000422,HC ASSAY OF ESTRADIOL,$122.00
30000421,HC ASSAY OF ERYTHROPOIETIN,$82.00
30000418,HC ELCTROPHORETIC TECHNIQUE NOT ELSEWHERE SPECIFIED,$141.00
30000412,HC 1 25 DIHYDROXY INCLUDES FRACTIONS IF PERFORMED,$169.00
30000405,HC DEHYDROEPIANDROSTERONE-SULFATE,$96.00
30000404,HC DEHYDROEPIANDROSTERONE,$94.00
30000401,HC CYANOCOBALAMIN VIT B-12 UNSAT BINDING CAPACITY,$59.00
30000400,HC CYANOCOBALAMIN VITAMIN B-12,$66.00
30000399,HC ASSAY OF CYANIDE,$80.00
30000398,HC CRYOGLOBULIN QUALITATIVE/SEMI-QUANTITATIVE,$24.00
30000396,HC CREATININE CLEARANCE,$41.00
30000394,HC CREATININE OTHER SOURCE,$43.00
30000393,HC CREATININE BLOOD,$42.00
30000390,HC CREATINE KINASE ISOENZYMES,$55.00
30000389,HC CREATINE KINASE TOTAL,$54.00
30000383,HC CORTISOL TOTAL,$71.00
30000382,HC CORTISOL FREE,$69.00
30000380,HC ASSAY OF COPPER,$54.00
30000379,HC COLLAGEN CROSS LINKS ANY METHOD,$105.00
30000366,HC CHOLINESTERASE RBC,$32.00
30000364,HC CHOLESTEROL SERUM/WHOLE BLOOD TOTAL,$36.00
30000360,HC CHLORIDE URINE,$21.00
30000359,HC CHLORIDE BLD,$38.00
30000355,HC CERULOPLASMIN,$47.00
30000353,HC CATECHOLAMINES FRACTIONATED,$111.00
30000351,HC CATECHOLAMINES TOTAL URINE,$82.00
30000350,HC CAROTENE,$38.00
30000349,HC CARNITINE QUANTITATIVE EACH SPECIMEN,$44.00
30000348,HC CARCINOEMBRYONIC ANTIGEN CEA,$83.00
30000345,HC CARBON DIOXIDE BICARBONATE,$40.00
30000339,HC CALCIUM URINE QUANTITATIVE TIMED SPECIMEN,$22.00
30000337,HC CALCIUM IONIZED,$113.00
30000336,HC CALCIUM TOTAL,$42.00
30000335,HC CALCITONIN,$110.00
30000334,HC 25 HYDROXY INCLUDES FRACTIONS IF PERFORMED,$141.00
30000333,HC CADMIUM,$95.00
30000328,HC BLOOD OCCULT PEROXIDASE ACTV QUAL FECES 1 DETER,$14.00
30000325,HC BILIRUBIN DIRECT,$22.00
30000324,HC BILIRUBIN TOTAL,$41.00
30000322,HC BILE ACIDS TOTAL,$70.00
30000321,HC BETA-2 MICROGLOBULIN,$67.00
30000318,HC ASSAY OF ASCORBIC ACID BLOOD,$43.00
30000317,HC ASSAY OF ARSENIC,$78.00
30000316,HC APOLIPOPROTEIN EACH,$64.00
30000315,HC ANGIOTENSIN I-CONVERTING ENZYME,$64.00
30000312,HC ANDROSTENEDIONE,$120.00
30000309,HC ASSAY OF AMYLASE,$53.00
30000305,HC ASSAY OF AMMONIA,$64.00
30000300,HC AMINO ACIDS 1 QUANTITATIVE EACH SPECIMEN,$74.00
30000296,HC ASSAY OF ALUMINUM,$105.00
30000293,HC ALPHA-FETOPROTEIN SERUM,$69.00
30000291,HC ALPHA-1-ANTITRYPSIN TOTAL,$59.00
30000289,HC ASSAY OF ALDOSTERONE,$178.00
30000288,HC ASSAY OF ALDOLASE,$43.00
30000283,HC ALBUMIN URINE MICROALBUMIN QUANTIATIVE,$44.00
30000281,HC ALBUMIN SERUM PLASMA/WHOLE BLOOD,$41.00
30000279,HC ADRENOCORTICOTROPIC HORMONE ACTH,$169.00
30000244,HC MTHFR GENE ANALYSIS COMMON VARIANTS,$200.00
30000228,HC HBA1/HBA2 ANALYSIS FOR COMMON DELETIONS/VARIANT,$307.00
30000193,HC QUANTITATION DRUG NOT ELSEWHERE SPECIFIED,$56.00
30000192,HC ASSAY OF VANCOMYCIN,$56.00
30000191,HC DRUG SCREEN QUALITATIVE TOBRAMYCIN,$66.00
30000190,HC DRUG SCREEN QUALITATIVE THEOPHYLLINE,$62.00
30000187,HC DRUG SCREEN QUALITATIVE PHENYTOIN TOTAL,$58.00
30000186,HC DRUG SCREEN QUALITATIVE PHENOBARBITAL,$50.00
30000185,HC DRUG SCREEN QUALITATIVE LITHIUM,$54.00
30000184,HC DRUG SCREEN QUALITATIVE GENTAMICIN,$67.00
30000180,HC DRUG SCREEN QUALITATIVE CARBAMAZEPINE TOTAL,$64.00
30000176,HC ACUTE HEPATITIS PANEL,$185.00
30000175,HC RENAL FUNCTION PANEL,$71.00
30000173,HC LIPID PANEL,$110.00
30000172,HC COMPREHENSIVE METABOLIC PANEL,$87.00
30000171,HC BASIC METABOLIC PANEL CALCIUM TOTAL,$70.00
30000139,HC SEMEN ANALYSIS VOLUME COUNT MOTILITY DIFFERENT,$50.00
30000112,HC CELL COUNT MISC BODY FLUIDS W/DIFFERENTIAL COUNT,$23.00
30000038,HC QUANTITATION DRUG NOT ELSEWHERE SPECIFIED,$56.00
30000037,HC DRUG SCREEN QUALITATIVE TOPIRAMATE,$52.00
30000036,HC DRUG SCREEN QUALITATIVE TACROLIMUS,$30.00
30000035,HC DRUG SCREEN QUALITATIVE SIROLIMUS,$30.00
30000034,HC DRUG SCREEN QUALITATIVE QUINIDINE,$60.00
30000032,HC DRUG SCREEN QUALITATIVE PRIMIDONE,$68.00
30000031,HC DRUG SCREEN QUALITATIVE PHENYTOIN FREE,$60.00
30000026,HC DRUG SCREEN QUALITATIVE HALOPRIDOL,$64.00
30000021,HC DRUG SCREEN QUALITATIVE CYCLOSPORINE,$74.00
30000017,HC DRUG SCREEN QUALITATIVE AMIKACIN,$62.00
30000010,HC HEPATIC FUNCTION PANEL,$34.00
30000008,HC ELECTROLYTE PANEL,$58.00
30000003,HC COLLECTION VENOUS BLOOD VENIPUNCTURE,$9.00
26000010,HC THERAPEUTIC PROPHYLACTIC/DIAGNOSTIC INJ SC/IM,$79.00
18000001,HC R&B - LEAVE OF ABSENCE - GENERAL CLASSIFICATION,I.C.
12900001,HC R&B - SEMI-PRIVATE TWO BED (MEDICAL OR GENERAL) - OTHER,"$2,700.00"
12800001,HC R&B - SEMI-PRIVATE TWO BED (MEDICAL OR GENERAL) - REHABILITATION,"$3,000.00"
12400001,HC R&B - SEMI-PRIVATE TWO BED (MEDICAL OR GENERAL) - PSYCHIATRIC,"$2,700.00"
11400001,HC R&B - PRIVATE (MEDICAL OR GENERAL) - PSYCHIATRIC,"$2,700.00"
