DRG_Long_Desc,Average_Charge_Per_Case,Average_Medicare_Payment_Per_Case
001 - HEART TRANSPLANT OR IMPLANT OF HEART ASSIST SYSTEM W MCC,1404035.45,155435.99
002 - HEART TRANSPLANT OR IMPLANT OF HEART ASSIST SYSTEM W/O MCC,933719.11,109234.91
003 - ECMO OR TRACH W MV >96 HRS OR PDX EXC FACE; MOUTH & NECK W MAJ O.R.,2729917.85,159132.07
004 - TRACH W MV >96 HRS OR PDX EXC FACE; MOUTH & NECK W/O MAJ O.R.,1709311.3,96989.64
008 - SIMULTANEOUS PANCREAS/KIDNEY TRANSPLANT,706547.33,37639.44
011 - TRACHEOSTOMY FOR FACE;MOUTH & NECK DIAGNOSES W MCC,909245.99,No Medicare Payment Available
012 - TRACHEOSTOMY FOR FACE;MOUTH & NECK DIAGNOSES W CC,87347.73,No Medicare Payment Available
013 - TRACHEOSTOMY FOR FACE;MOUTH & NECK DIAGNOSES W/O CC/MCC,83056.76,No Medicare Payment Available
014 - ALLOGENEIC BONE MARROW TRANSPLANT,1018618.96,85408.62
016 - AUTOLOGOUS BONE MARROW TRANSPLANT W CC/MCC,626573.06,63801.41
017 - AUTOLOGOUS BONE MARROW TRANSPLANT W/O CC/MCC,557181,31022.84
020 - INTRACRANIAL VASCULAR PROCEDURES W PDX HEMORRHAGE W MCC,769078.26,118086.3
021 - INTRACRANIAL VASCULAR PROCEDURES W PDX HEMORRHAGE W CC,356735.8,No Medicare Payment Available
022 - INTRACRANIAL VASCULAR PROCEDURES W PDX HEMORRHAGE W/O CC/MCC,388649.01,No Medicare Payment Available
023 - CRANIO W MAJOR DEV IMPL/ACUTE CNS PDX W MCC OR CHEMO IMPL OR EPILEPSY W NEUROSTM,507850.36,48732.6
024 - CRANIO W MAJOR DEV IMPL/ACUTE COMPLEX CNS PDX W/O MCC,399491.75,No Medicare Payment Available
025 - CRANIOTOMY & ENDOVASCULAR INTRACRANIAL PROCEDURES W MCC,279694.97,26234.76
026 - CRANIOTOMY & ENDOVASCULAR INTRACRANIAL PROCEDURES W CC,185818.58,19910.33
027 - CRANIOTOMY & ENDOVASCULAR INTRACRANIAL PROCEDURES W/O CC/MCC,156405.37,16409.23
028 - SPINAL PROCEDURES W MCC,273983.57,34632.31
029 - SPINAL PROCEDURES W CC OR SPINAL NEUROSTIMULATORS,136737.87,20558.07
030 - SPINAL PROCEDURES W/O CC/MCC,116224.39,12202.86
031 - VENTRICULAR SHUNT PROCEDURES W MCC,304504.62,26557.37
032 - VENTRICULAR SHUNT PROCEDURES W CC,128675.02,12922.48
033 - VENTRICULAR SHUNT PROCEDURES W/O CC/MCC,112793.76,11280.43
034 - CAROTID ARTERY STENT PROCEDURE W MCC,352459.89,No Medicare Payment Available
035 - CAROTID ARTERY STENT PROCEDURE W CC,281286.55,14486.42
036 - CAROTID ARTERY STENT PROCEDURE W/O CC/MCC,99444.97,11670.04
037 - EXTRACRANIAL PROCEDURES W MCC,152586.73,19962.09
038 - EXTRACRANIAL PROCEDURES W CC,106357.48,10489.04
039 - EXTRACRANIAL PROCEDURES W/O CC/MCC,62600.22,7665.41
040 - PERIPH/CRANIAL NERVE & OTHER NERV SYST PROC W MCC,393331.17,30917.13
041 - PERIPH/CRANIAL NERVE & OTHER NERV SYST PROC W CC OR PERIPH NEUROSTIM,188644.76,17232.51
042 - PERIPH/CRANIAL NERVE & OTHER NERV SYST PROC W/O CC/MCC,121652.6,21731.02
052 - SPINAL DISORDERS & INJURIES W CC/MCC,112823.59,10100.19
053 - SPINAL DISORDERS & INJURIES W/O CC/MCC,37982.37,No Medicare Payment Available
054 - NERVOUS SYSTEM NEOPLASMS W MCC,105004.02,7971.69
055 - NERVOUS SYSTEM NEOPLASMS W/O MCC,130461.37,6084.55
056 - DEGENERATIVE NERVOUS SYSTEM DISORDERS W MCC,140971.65,20506.68
057 - DEGENERATIVE NERVOUS SYSTEM DISORDERS W/O MCC,75079.78,17168.74
058 - MULTIPLE SCLEROSIS & CEREBELLAR ATAXIA W MCC,167944.13,No Medicare Payment Available
059 - MULTIPLE SCLEROSIS & CEREBELLAR ATAXIA W CC,56119.24,19299.55
060 - MULTIPLE SCLEROSIS & CEREBELLAR ATAXIA W/O CC/MCC,96051.95,5901.77
061 - ISCHEMIC STROKE; PRECEREBRAL OCCL OR TRANS ISCHEMIA W THROMBOLYTIC AGENT W MCC,339542.38,23152.11
062 - ISCHEMIC STROKE; PRECEREBRAL OCCL OR TRANSIENT ISCHEMIA W THROMBOLYTIC AGENT W C,186250.53,12606.19
063 - ISCHEMIC STROKE; PRECEREBRAL OCCL OR TRANSIENT ISCHEMIA W THROMB AGENT W/O CC/MC,212702.74,10849.76
064 - INTRACRANIAL HEMORRHAGE OR CEREBRAL INFARCTION W MCC,171102.94,11838.05
065 - INTRACRANIAL HEMORRHAGE OR CEREBRAL INFARCTION W CC,91463.96,7510.67
066 - INTRACRANIAL HEMORRHAGE OR CEREBRAL INFARCTION W/O CC/MCC,65458.15,5472.89
067 - NONSPECIFIC CVA & PRECEREBRAL OCCLUSION W/O INFARCT W MCC,91276.59,No Medicare Payment Available
068 - NONSPECIFIC CVA & PRECEREBRAL OCCLUSION W/O INFARCT W/O MCC,42097.12,5149.02
069 - TRANSIENT ISCHEMIA W/O THROMBOLYTIC,48951.43,4871.64
070 - NONSPECIFIC CEREBROVASCULAR DISORDERS W MCC,148052.51,16142.27
071 - NONSPECIFIC CEREBROVASCULAR DISORDERS W CC,61842.46,9554.41
072 - NONSPECIFIC CEREBROVASCULAR DISORDERS W/O CC/MCC,41975.46,5555.95
073 - CRANIAL & PERIPHERAL NERVE DISORDERS W MCC,167130.96,13718.44
074 - CRANIAL & PERIPHERAL NERVE DISORDERS W/O MCC,45198.87,7941.93
075 - VIRAL MENINGITIS W CC/MCC,47739.72,No Medicare Payment Available
076 - VIRAL MENINGITIS W/O CC/MCC,24354.31,No Medicare Payment Available
077 - HYPERTENSIVE ENCEPHALOPATHY W MCC,97231.47,10474.05
078 - HYPERTENSIVE ENCEPHALOPATHY W CC,56846.95,7999.18
079 - HYPERTENSIVE ENCEPHALOPATHY W/O CC/MCC,39835.42,3242.16
081 - NONTRAUMATIC STUPOR & COMA W/O MCC,24108.28,No Medicare Payment Available
082 - TRAUMATIC STUPOR & COMA; COMA >1 HR W MCC,230237.65,17422
083 - TRAUMATIC STUPOR & COMA; COMA >1 HR W CC,63000.14,8462.27
084 - TRAUMATIC STUPOR & COMA; COMA >1 HR W/O CC/MCC,53318.3,4536.72
085 - TRAUMATIC STUPOR & COMA; COMA <1 HR W MCC,152810.52,13721.21
086 - TRAUMATIC STUPOR & COMA; COMA <1 HR W CC,62597.65,8069.43
087 - TRAUMATIC STUPOR & COMA; COMA <1 HR W/O CC/MCC,41525.39,5917.18
089 - CONCUSSION W CC,28358.48,No Medicare Payment Available
090 - CONCUSSION W/O CC/MCC,22975.91,No Medicare Payment Available
091 - OTHER DISORDERS OF NERVOUS SYSTEM W MCC,144896.64,21687.83
092 - OTHER DISORDERS OF NERVOUS SYSTEM W CC,75393.74,14992.51
093 - OTHER DISORDERS OF NERVOUS SYSTEM W/O CC/MCC,48599.19,6461.85
094 - BACTERIAL & TUBERCULOUS INFECTIONS OF NERVOUS SYSTEM W MCC,328544.94,20342.15
095 - BACTERIAL & TUBERCULOUS INFECTIONS OF NERVOUS SYSTEM W CC,246044.44,No Medicare Payment Available
096 - BACTERIAL & TUBERCULOUS INFECTIONS OF NERVOUS SYSTEM W/O CC/MCC,182566.08,No Medicare Payment Available
097 - NON-BACTERIAL INFECT OF NERVOUS SYS EXC VIRAL MENINGITIS W MCC,1319847.68,29339.14
098 - NON-BACTERIAL INFECT OF NERVOUS SYS EXC VIRAL MENINGITIS W CC,148807.43,12361.14
099 - NON-BACTERIAL INFECT OF NERVOUS SYS EXC VIRAL MENINGITIS W/O CC/MCC,65557.65,No Medicare Payment Available
100 - SEIZURES W MCC,143071.97,11421.82
101 - SEIZURES W/O MCC,43328.55,5654.5
102 - HEADACHES W MCC,96607.05,No Medicare Payment Available
103 - HEADACHES W/O MCC,50923.97,5408.15
113 - ORBITAL PROCEDURES W CC/MCC,80919.01,No Medicare Payment Available
114 - ORBITAL PROCEDURES W/O CC/MCC,26310.31,No Medicare Payment Available
115 - EXTRAOCULAR PROCEDURES EXCEPT ORBIT,67580.63,10068.8
116 - INTRAOCULAR PROCEDURES W CC/MCC,71965.76,8566.3
117 - INTRAOCULAR PROCEDURES W/O CC/MCC,38201.85,7011.7
121 - ACUTE MAJOR EYE INFECTIONS W CC/MCC,44956.12,No Medicare Payment Available
122 - ACUTE MAJOR EYE INFECTIONS W/O CC/MCC,54015.25,No Medicare Payment Available
123 - NEUROLOGICAL EYE DISORDERS,32250.77,4593.58
124 - OTHER DISORDERS OF THE EYE W MCC,121940.21,4798.3
125 - OTHER DISORDERS OF THE EYE W/O MCC,45803.76,5648.33
129 - MAJOR HEAD & NECK PROCEDURES W CC/MCC OR MAJOR DEVICE,197029.34,No Medicare Payment Available
130 - MAJOR HEAD & NECK PROCEDURES W/O CC/MCC,86309.01,No Medicare Payment Available
131 - CRANIAL/FACIAL PROCEDURES W CC/MCC,207863.75,15903.65
132 - CRANIAL/FACIAL PROCEDURES W/O CC/MCC,127532.28,10413.57
133 - OTHER EAR; NOSE; MOUTH & THROAT O.R. PROCEDURES W CC/MCC,140532.97,13041.54
134 - OTHER EAR; NOSE; MOUTH & THROAT O.R. PROCEDURES W/O CC/MCC,42636.24,No Medicare Payment Available
135 - SINUS & MASTOID PROCEDURES W CC/MCC,458318.4,No Medicare Payment Available
137 - MOUTH PROCEDURES W CC/MCC,64444.25,No Medicare Payment Available
138 - MOUTH PROCEDURES W/O CC/MCC,37933.91,No Medicare Payment Available
139 - SALIVARY GLAND PROCEDURES,249008,No Medicare Payment Available
146 - EAR; NOSE; MOUTH & THROAT MALIGNANCY W MCC,76140.37,12600.89
147 - EAR; NOSE; MOUTH & THROAT MALIGNANCY W CC,78484.32,No Medicare Payment Available
148 - EAR; NOSE; MOUTH & THROAT MALIGNANCY W/O CC/MCC,174848.7,No Medicare Payment Available
149 - DYSEQUILIBRIUM,52816.54,4663.01
151 - EPISTAXIS W/O MCC,31066.19,5397.41
152 - OTITIS MEDIA & URI W MCC,46945.28,6660.26
153 - OTITIS MEDIA & URI W/O MCC,23513.69,5056.6
154 - OTHER EAR; NOSE; MOUTH & THROAT DIAGNOSES W MCC,208163.25,12201.5
155 - OTHER EAR; NOSE; MOUTH & THROAT DIAGNOSES W CC,53706.39,6168.7
156 - OTHER EAR; NOSE; MOUTH & THROAT DIAGNOSES W/O CC/MCC,42582.61,5010.4
157 - DENTAL & ORAL DISEASES W MCC,226898.44,17408.22
158 - DENTAL & ORAL DISEASES W CC,41479.18,5698.15
159 - DENTAL & ORAL DISEASES W/O CC/MCC,55855.26,5099.53
163 - MAJOR CHEST PROCEDURES W MCC,360469.24,29669.27
164 - MAJOR CHEST PROCEDURES W CC,153931.54,16490.63
165 - MAJOR CHEST PROCEDURES W/O CC/MCC,110914.99,12094.68
166 - OTHER RESP SYSTEM O.R. PROCEDURES W MCC,414888.04,31820.7
167 - OTHER RESP SYSTEM O.R. PROCEDURES W CC,188875.98,16322.56
168 - OTHER RESP SYSTEM O.R. PROCEDURES W/O CC/MCC,100979,8691.98
175 - PULMONARY EMBOLISM W MCC,112256.51,8243.96
176 - PULMONARY EMBOLISM W/O MCC,75721.11,6496.68
177 - RESPIRATORY INFECTIONS & INFLAMMATIONS W MCC,161842.41,12245.53
178 - RESPIRATORY INFECTIONS & INFLAMMATIONS W CC,67562.73,8197.19
179 - RESPIRATORY INFECTIONS & INFLAMMATIONS W/O CC/MCC,42340.11,6209.62
180 - RESPIRATORY NEOPLASMS W MCC,116921.39,12091.38
181 - RESPIRATORY NEOPLASMS W CC,106098.32,7447.32
182 - RESPIRATORY NEOPLASMS W/O CC/MCC,115020.2,No Medicare Payment Available
183 - MAJOR CHEST TRAUMA W MCC,103899.43,9210.84
184 - MAJOR CHEST TRAUMA W CC,81622.82,7152.04
185 - MAJOR CHEST TRAUMA W/O CC/MCC,25245.96,5082.27
186 - PLEURAL EFFUSION W MCC,177189.95,14345.64
187 - PLEURAL EFFUSION W CC,154044.34,9247.61
188 - PLEURAL EFFUSION W/O CC/MCC,70676.5,No Medicare Payment Available
189 - PULMONARY EDEMA & RESPIRATORY FAILURE,119297.21,8802.75
190 - CHRONIC OBSTRUCTIVE PULMONARY DISEASE W MCC,89668.71,8753.95
191 - CHRONIC OBSTRUCTIVE PULMONARY DISEASE W CC,76092.57,6995.59
192 - CHRONIC OBSTRUCTIVE PULMONARY DISEASE W/O CC/MCC,58300.36,4888.77
193 - SIMPLE PNEUMONIA & PLEURISY W MCC,135878.48,9329.65
194 - SIMPLE PNEUMONIA & PLEURISY W CC,58487.37,6489.18
195 - SIMPLE PNEUMONIA & PLEURISY W/O CC/MCC,32583.6,5151.12
196 - INTERSTITIAL LUNG DISEASE W MCC,164004.09,10526.47
197 - INTERSTITIAL LUNG DISEASE W CC,102410.61,6844.97
198 - INTERSTITIAL LUNG DISEASE W/O CC/MCC,25838.52,No Medicare Payment Available
199 - PNEUMOTHORAX W MCC,126333.34,15991.36
200 - PNEUMOTHORAX W CC,38573.6,7411.87
201 - PNEUMOTHORAX W/O CC/MCC,43586.75,5582.76
202 - BRONCHITIS & ASTHMA W CC/MCC,69791.31,6349.97
203 - BRONCHITIS & ASTHMA W/O CC/MCC,31612.2,4979.59
204 - RESPIRATORY SIGNS & SYMPTOMS,46619.45,4829.46
205 - OTHER RESPIRATORY SYSTEM DIAGNOSES W MCC,122092.05,9724.87
206 - OTHER RESPIRATORY SYSTEM DIAGNOSES W/O MCC,60565.42,5977.62
207 - RESPIRATORY SYSTEM DIAGNOSIS W VENTILATOR SUPPORT >96 HOURS,694262.48,40735.87
208 - RESPIRATORY SYSTEM DIAGNOSIS W VENTILATOR SUPPORT <=96 HOURS,251546.56,16629.08
215 - OTHER HEART ASSIST SYSTEM IMPLANT,967604.01,79152.61
216 - CARDIAC VALVE & OTH MAJ CARDIOTHORACIC PROC W CARD CATH W MCC,837450.75,63616.63
217 - CARDIAC VALVE & OTH MAJ CARDIOTHORACIC PROC W CARD CATH W CC,1068707.72,83392.28
219 - CARDIAC VALVE & OTH MAJ CARDIOTHORACIC PROC W/O CARD CATH W MCC,621137.67,49372.92
220 - CARDIAC VALVE & OTH MAJ CARDIOTHORACIC PROC W/O CARD CATH W CC,471429.04,32136.44
221 - CARDIAC VALVE & OTH MAJ CARDIOTHORACIC PROC W/O CARD CATH W/O CC/MCC,370081.51,No Medicare Payment Available
222 - CARDIAC DEFIB IMPLANT W CARDIAC CATH W AMI/HF/SHOCK W MCC,504737.07,No Medicare Payment Available
223 - CARDIAC DEFIB IMPLANT W CARDIAC CATH W AMI/HF/SHOCK W/O MCC,422084.93,No Medicare Payment Available
224 - CARDIAC DEFIB IMPLANT W CARDIAC CATH W/O AMI/HF/SHOCK W MCC,826815.27,67012.57
225 - CARDIAC DEFIB IMPLANT W CARDIAC CATH W/O AMI/HF/SHOCK W/O MCC,323012.53,35274.57
226 - CARDIAC DEFIBRILLATOR IMPLANT W/O CARDIAC CATH W MCC,452401.04,42150.44
227 - CARDIAC DEFIBRILLATOR IMPLANT W/O CARDIAC CATH W/O MCC,336531.69,34524.65
228 - OTHER CARDIOTHORACIC PROCEDURES W MCC,907560.81,47786.2
229 - OTHER CARDIOTHORACIC PROCEDURES W/O MCC,410416.8,28804.43
231 - CORONARY BYPASS W PTCA W MCC,439223.3,No Medicare Payment Available
233 - CORONARY BYPASS W CARDIAC CATH W MCC,510627.89,48489.1
234 - CORONARY BYPASS W CARDIAC CATH W/O MCC,428926.5,31366.18
235 - CORONARY BYPASS W/O CARDIAC CATH W MCC,471276.43,41070.8
236 - CORONARY BYPASS W/O CARDIAC CATH W/O MCC,388026.93,26113.05
239 - AMPUTATION FOR CIRC SYS DISORDERS EXC UPPER LIMB & TOE W MCC,280037.41,25568.43
240 - AMPUTATION FOR CIRC SYS DISORDERS EXC UPPER LIMB & TOE W CC,263621.8,19792.73
242 - PERMANENT CARDIAC PACEMAKER IMPLANT W MCC,318118.01,23761.26
243 - PERMANENT CARDIAC PACEMAKER IMPLANT W CC,247806.95,16334.87
244 - PERMANENT CARDIAC PACEMAKER IMPLANT W/O CC/MCC,155852.31,13699.02
245 - AICD GENERATOR PROCEDURES,324319.33,34076.31
246 - PERC CARDIOVASC PROC W DRUG-ELUTING STENT W MCC OR 4+ ARTERIES OR STENTS,229695.35,17999.17
247 - PERC CARDIOVASC PROC W DRUG-ELUTING STENT W/O MCC,150354.13,13691.49
248 - PERC CARDIOVASC PROC W NON-DRUG-ELUTING STENT W MCC OR 4+ ART/STENTS,306648.85,No Medicare Payment Available
249 - PERC CARDIOVASC PROC W NON-DRUG-ELUTING STENT W/O MCC,131451.73,12806.9
250 - PERC CARDIOVASC PROC W/O CORONARY ARTERY STENT W MCC,143761.99,16143.83
251 - PERC CARDIOVASC PROC W/O CORONARY ARTERY STENT W/O MCC,148306.18,10698.12
252 - OTHER VASCULAR PROCEDURES W MCC,276605.78,22076.34
253 - OTHER VASCULAR PROCEDURES W CC,133115.88,16308.39
254 - OTHER VASCULAR PROCEDURES W/O CC/MCC,100156.27,11969.02
255 - UPPER LIMB & TOE AMPUTATION FOR CIRC SYSTEM DISORDERS W MCC,111770.72,15548.88
256 - UPPER LIMB & TOE AMPUTATION FOR CIRC SYSTEM DISORDERS W CC,92423.35,11568.2
258 - CARDIAC PACEMAKER DEVICE REPLACEMENT W MCC,200850.25,No Medicare Payment Available
259 - CARDIAC PACEMAKER DEVICE REPLACEMENT W/O MCC,170020.54,12852.02
260 - CARDIAC PACEMAKER REVISION EXCEPT DEVICE REPLACEMENT W MCC,302966.67,22298.68
261 - CARDIAC PACEMAKER REVISION EXCEPT DEVICE REPLACEMENT W CC,206705.67,12408.94
262 - CARDIAC PACEMAKER REVISION EXCEPT DEVICE REPLACEMENT W/O CC/MCC,136207.46,16808.47
263 - VEIN LIGATION & STRIPPING,148627.5,15149.3
264 - OTHER CIRCULATORY SYSTEM O.R. PROCEDURES,339440.31,23082.03
265 - AICD LEAD PROCEDURES,404917.34,24482.16
266 - ENDOVASCULAR CARDIAC VALVE REPLACEMENT W MCC,424866.81,46479.98
267 - ENDOVASCULAR CARDIAC VALVE REPLACEMENT W/O MCC,380678.01,34704.95
268 - AORTIC AND HEART ASSIST PROCEDURES EXCEPT PULSATION BALLOON W MCC,956737.79,56213.14
269 - AORTIC AND HEART ASSIST PROCEDURES EXCEPT PULSATION BALLOON W/O MCC,242655.26,26351.7
270 - OTHER MAJOR CARDIOVASCULAR PROCEDURES W MCC,1376602.89,33107.75
271 - OTHER MAJOR CARDIOVASCULAR PROCEDURES W CC,308530.8,21488.33
272 - OTHER MAJOR CARDIOVASCULAR PROCEDURES WITHOUT CC/MCC,124656.96,15987.08
273 - PERCUTANEOUS INTRACARDIAC PROCEDURES W MCC,325011.11,25599.53
274 - PERCUTANEOUS INTRACARDIAC PROCEDURES W/O MCC,268088.6,18727.24
280 - ACUTE MYOCARDIAL INFARCTION; DISCHARGED ALIVE W MCC,152357.05,11469.43
281 - ACUTE MYOCARDIAL INFARCTION; DISCHARGED ALIVE W CC,83693.42,6815.71
282 - ACUTE MYOCARDIAL INFARCTION; DISCHARGED ALIVE W/O CC/MCC,63181.13,5565.69
283 - ACUTE MYOCARDIAL INFARCTION; EXPIRED W MCC,163233.96,12911.66
284 - ACUTE MYOCARDIAL INFARCTION; EXPIRED W CC,97329.45,No Medicare Payment Available
286 - CIRCULATORY DISORDERS EXCEPT AMI; W CARD CATH W MCC,225859.53,15099.1
287 - CIRCULATORY DISORDERS EXCEPT AMI; W CARD CATH W/O MCC,113535.45,7882.56
288 - ACUTE & SUBACUTE ENDOCARDITIS W MCC,278976.67,17217.99
291 - HEART FAILURE & SHOCK W MCC,110125.12,10202.85
292 - HEART FAILURE & SHOCK W CC,68369.63,8030.48
293 - HEART FAILURE & SHOCK W/O CC/MCC,52835.21,4848.1
294 - DEEP VEIN THROMBOPHLEBITIS W CC/MCC,31089.96,No Medicare Payment Available
296 - CARDIAC ARREST; UNEXPLAINED W MCC,149676.9,9998.48
297 - CARDIAC ARREST; UNEXPLAINED W CC,60290.49,3628.53
298 - CARDIAC ARREST; UNEXPLAINED W/O CC/MCC,33053.6,No Medicare Payment Available
299 - PERIPHERAL VASCULAR DISORDERS W MCC,84524.21,9371.47
300 - PERIPHERAL VASCULAR DISORDERS W CC,49996.23,7367.2
301 - PERIPHERAL VASCULAR DISORDERS W/O CC/MCC,32809.26,6289.77
302 - ATHEROSCLEROSIS W MCC,189129.5,6733.29
303 - ATHEROSCLEROSIS W/O MCC,52201.08,4751.95
304 - HYPERTENSION W MCC,54433.95,6033.95
305 - HYPERTENSION W/O MCC,45903.77,4339.55
306 - CARDIAC CONGENITAL & VALVULAR DISORDERS W MCC,262725.66,9677.61
307 - CARDIAC CONGENITAL & VALVULAR DISORDERS W/O MCC,81806.05,5419.54
308 - CARDIAC ARRHYTHMIA & CONDUCTION DISORDERS W MCC,98211.58,8080.71
309 - CARDIAC ARRHYTHMIA & CONDUCTION DISORDERS W CC,61204.16,5355.58
310 - CARDIAC ARRHYTHMIA & CONDUCTION DISORDERS W/O CC/MCC,37361.61,4051.38
311 - ANGINA PECTORIS,44373.11,5278.16
312 - SYNCOPE & COLLAPSE,44803.44,5268.82
313 - CHEST PAIN,43995.15,4374.2
314 - OTHER CIRCULATORY SYSTEM DIAGNOSES W MCC,185247.51,13530.17
315 - OTHER CIRCULATORY SYSTEM DIAGNOSES W CC,70931.81,5913.12
316 - OTHER CIRCULATORY SYSTEM DIAGNOSES W/O CC/MCC,36502.31,4743.82
326 - STOMACH; ESOPHAGEAL & DUODENAL PROC W MCC,418629.43,47645.83
327 - STOMACH; ESOPHAGEAL & DUODENAL PROC W CC,167934.23,13822.45
328 - STOMACH; ESOPHAGEAL & DUODENAL PROC W/O CC/MCC,92048,9963.9
329 - MAJOR SMALL & LARGE BOWEL PROCEDURES W MCC,489475.34,47233.36
330 - MAJOR SMALL & LARGE BOWEL PROCEDURES W CC,190637.93,17906.13
331 - MAJOR SMALL & LARGE BOWEL PROCEDURES W/O CC/MCC,120119.76,11048.66
333 - RECTAL RESECTION W CC,141003.19,No Medicare Payment Available
334 - RECTAL RESECTION W/O CC/MCC,80946.55,No Medicare Payment Available
335 - PERITONEAL ADHESIOLYSIS W MCC,563005.2,32076.61
336 - PERITONEAL ADHESIOLYSIS W CC,144423.24,15160.7
337 - PERITONEAL ADHESIOLYSIS W/O CC/MCC,110039.22,11075.16
338 - APPENDECTOMY W COMPLICATED PRINCIPAL DIAG W MCC,163933.66,No Medicare Payment Available
339 - APPENDECTOMY W COMPLICATED PRINCIPAL DIAG W CC,130625.79,10859.76
340 - APPENDECTOMY W COMPLICATED PRINCIPAL DIAG W/O CC/MCC,102819.63,8318.57
341 - APPENDECTOMY W/O COMPLICATED PRINCIPAL DIAG W MCC,136849.29,No Medicare Payment Available
342 - APPENDECTOMY W/O COMPLICATED PRINCIPAL DIAG W CC,79522.49,10044.94
343 - APPENDECTOMY W/O COMPLICATED PRINCIPAL DIAG W/O CC/MCC,65529.37,7369.31
344 - MINOR SMALL & LARGE BOWEL PROCEDURES W MCC,502812.18,17671.94
345 - MINOR SMALL & LARGE BOWEL PROCEDURES W CC,139302.23,10416.68
346 - MINOR SMALL & LARGE BOWEL PROCEDURES W/O CC/MCC,54317.87,7646.38
347 - ANAL & STOMAL PROCEDURES W MCC,84705.17,No Medicare Payment Available
348 - ANAL & STOMAL PROCEDURES W CC,116904.4,9526.57
349 - ANAL & STOMAL PROCEDURES W/O CC/MCC,98541.1,No Medicare Payment Available
350 - INGUINAL & FEMORAL HERNIA PROCEDURES W MCC,331291.76,15894.57
351 - INGUINAL & FEMORAL HERNIA PROCEDURES W CC,167281.02,12618.41
352 - INGUINAL & FEMORAL HERNIA PROCEDURES W/O CC/MCC,77436.14,6605.06
353 - HERNIA PROCEDURES EXCEPT INGUINAL & FEMORAL W MCC,157760.2,18948.23
354 - HERNIA PROCEDURES EXCEPT INGUINAL & FEMORAL W CC,106758.79,11182.71
355 - HERNIA PROCEDURES EXCEPT INGUINAL & FEMORAL W/O CC/MCC,88458.77,8972.68
356 - OTHER DIGESTIVE SYSTEM O.R. PROCEDURES W MCC,419640.69,43822.83
357 - OTHER DIGESTIVE SYSTEM O.R. PROCEDURES W CC,145516.19,13902.96
358 - OTHER DIGESTIVE SYSTEM O.R. PROCEDURES W/O CC/MCC,105570.22,9433.64
368 - MAJOR ESOPHAGEAL DISORDERS W MCC,165011.52,12124.53
369 - MAJOR ESOPHAGEAL DISORDERS W CC,109129.82,No Medicare Payment Available
370 - MAJOR ESOPHAGEAL DISORDERS W/O CC/MCC,39396.94,5489.18
371 - MAJOR GASTROINTESTINAL DISORDERS & PERITONEAL INFECTIONS W MCC,115298.3,11157.67
372 - MAJOR GASTROINTESTINAL DISORDERS & PERITONEAL INFECTIONS W CC,88847.05,7255.37
373 - MAJOR GASTROINTESTINAL DISORDERS & PERITONEAL INFECTIONS W/O CC/MCC,67724.51,5583.93
374 - DIGESTIVE MALIGNANCY W MCC,242111.19,21237.28
375 - DIGESTIVE MALIGNANCY W CC,103293.76,6830.29
376 - DIGESTIVE MALIGNANCY W/O CC/MCC,76410.68,6676.28
377 - G.I. HEMORRHAGE W MCC,169883.58,11263.13
378 - G.I. HEMORRHAGE W CC,72805.9,6860.82
379 - G.I. HEMORRHAGE W/O CC/MCC,42840.51,4891.03
380 - COMPLICATED PEPTIC ULCER W MCC,193000.95,12157.16
381 - COMPLICATED PEPTIC ULCER W CC,91232.41,7261.48
382 - COMPLICATED PEPTIC ULCER W/O CC/MCC,31827.47,No Medicare Payment Available
383 - UNCOMPLICATED PEPTIC ULCER W MCC,62873.87,9121.38
384 - UNCOMPLICATED PEPTIC ULCER W/O MCC,46715.33,6302.81
386 - INFLAMMATORY BOWEL DISEASE W CC,77655.4,6797.73
387 - INFLAMMATORY BOWEL DISEASE W/O CC/MCC,50805.92,5650.1
388 - G.I. OBSTRUCTION W MCC,193126.48,10205.06
389 - G.I. OBSTRUCTION W CC,61544.09,5755.71
390 - G.I. OBSTRUCTION W/O CC/MCC,28029.95,3415.37
391 - ESOPHAGITIS; GASTROENT & MISC DIGEST DISORDERS W MCC,106494.48,8665.65
392 - ESOPHAGITIS; GASTROENT & MISC DIGEST DISORDERS W/O MCC,48697.03,5388.91
393 - OTHER DIGESTIVE SYSTEM DIAGNOSES W MCC,113352.14,11630.2
394 - OTHER DIGESTIVE SYSTEM DIAGNOSES W CC,67305.18,5940.01
395 - OTHER DIGESTIVE SYSTEM DIAGNOSES W/O CC/MCC,33904.18,37531.03
405 - PANCREAS; LIVER & SHUNT PROCEDURES W MCC,561716.7,65028.03
406 - PANCREAS; LIVER & SHUNT PROCEDURES W CC,191925.73,17612.21
407 - PANCREAS; LIVER & SHUNT PROCEDURES W/O CC/MCC,126172.51,13345.57
408 - BILIARY TRACT PROC EXCEPT ONLY CHOLECYST W OR W/O C.D.E. W MCC,149167.41,24931.52
409 - BILIARY TRACT PROC EXCEPT ONLY CHOLECYST W OR W/O C.D.E. W CC,229128.09,15534.4
410 - BILIARY TRACT PROC EXCEPT ONLY CHOLECYST W OR W/O C.D.E. W/O CC/MCC,68110.67,No Medicare Payment Available
413 - CHOLECYSTECTOMY W C.D.E. W/O CC/MCC,74414.29,No Medicare Payment Available
414 - CHOLECYSTECTOMY EXCEPT BY LAPAROSCOPE W/O C.D.E. W MCC,295763.43,21810.3
415 - CHOLECYSTECTOMY EXCEPT BY LAPAROSCOPE W/O C.D.E. W CC,114950.82,13222.85
416 - CHOLECYSTECTOMY EXCEPT BY LAPAROSCOPE W/O C.D.E. W/O CC/MCC,90381.57,9497.52
417 - LAPAROSCOPIC CHOLECYSTECTOMY W/O C.D.E. W MCC,172721.64,16666.47
418 - LAPAROSCOPIC CHOLECYSTECTOMY W/O C.D.E. W CC,111852.81,10409.06
419 - LAPAROSCOPIC CHOLECYSTECTOMY W/O C.D.E. W/O CC/MCC,83736.68,8427
420 - HEPATOBILIARY DIAGNOSTIC PROCEDURES W MCC,410289.05,34451.8
421 - HEPATOBILIARY DIAGNOSTIC PROCEDURES W CC,246828.37,12391.5
422 - HEPATOBILIARY DIAGNOSTIC PROCEDURES W/O CC/MCC,96692.77,No Medicare Payment Available
423 - OTHER HEPATOBILIARY OR PANCREAS O.R. PROCEDURES W MCC,245121.17,11866.38
424 - OTHER HEPATOBILIARY OR PANCREAS O.R. PROCEDURES W CC,150432.27,14521.99
432 - CIRRHOSIS & ALCOHOLIC HEPATITIS W MCC,161842.84,11956.92
433 - CIRRHOSIS & ALCOHOLIC HEPATITIS W CC,65746.67,6982.34
434 - CIRRHOSIS & ALCOHOLIC HEPATITIS W/O CC/MCC,52113.73,No Medicare Payment Available
435 - MALIGNANCY OF HEPATOBILIARY SYSTEM OR PANCREAS W MCC,156614.49,12548.56
436 - MALIGNANCY OF HEPATOBILIARY SYSTEM OR PANCREAS W CC,137872.73,9831.21
437 - MALIGNANCY OF HEPATOBILIARY SYSTEM OR PANCREAS W/O CC/MCC,199748,No Medicare Payment Available
438 - DISORDERS OF PANCREAS EXCEPT MALIGNANCY W MCC,259711.47,15672.77
439 - DISORDERS OF PANCREAS EXCEPT MALIGNANCY W CC,87149.55,8566.8
440 - DISORDERS OF PANCREAS EXCEPT MALIGNANCY W/O CC/MCC,36209.74,4761
441 - DISORDERS OF LIVER EXCEPT MALIG;CIRR;ALC HEPA W MCC,113342.67,11534.57
442 - DISORDERS OF LIVER EXCEPT MALIG;CIRR;ALC HEPA W CC,69703.41,5989.49
443 - DISORDERS OF LIVER EXCEPT MALIG;CIRR;ALC HEPA W/O CC/MCC,39088.13,No Medicare Payment Available
444 - DISORDERS OF THE BILIARY TRACT W MCC,120012.97,10331.53
445 - DISORDERS OF THE BILIARY TRACT W CC,78337.09,7324.39
446 - DISORDERS OF THE BILIARY TRACT W/O CC/MCC,52261.91,5537.96
453 - COMBINED ANTERIOR/POSTERIOR SPINAL FUSION W MCC,900360.51,68719.87
454 - COMBINED ANTERIOR/POSTERIOR SPINAL FUSION W CC,800104.78,61982.15
455 - COMBINED ANTERIOR/POSTERIOR SPINAL FUSION W/O CC/MCC,465226.81,45616.04
456 - SPINAL FUS EXC CERV W SPINAL CURV/MALIG/INFEC OR EXT FUS W MCC,1130782.39,56750.03
457 - SPINAL FUS EXC CERV W SPINAL CURV MALIG/ INFEC OR EXT FUS W CC,449216.72,41827.15
458 - SPINAL FUS EXC CERV W SPINAL CURV MALIG INFEC OR  EXT FUS WO CCMCC,505578.45,No Medicare Payment Available
459 - SPINAL FUSION EXCEPT CERVICAL W MCC,1099184.93,80885.21
460 - SPINAL FUSION EXCEPT CERVICAL W/O MCC,315209.45,29041.33
461 - BILATERAL OR MULTIPLE MAJOR JOINT PROCS OF LOWER EXTREMITY W MCC,1579747.03,125476.14
462 - BILATERAL OR MULTIPLE MAJOR JOINT PROCS OF LOWER EXTREMITY W/O MCC,568303.89,40497.56
463 - WND DEBRID & SKN GRFT EXC HAND; FOR MUSCULO-CONN TISS DIS W MCC,553018.54,49903.61
464 - WND DEBRID & SKN GRFT EXC HAND; FOR MUSCULO-CONN TISS DIS W CC,337355.14,24119.67
465 - WND DEBRID & SKN GRFT EXC HAND; FOR MUSCULO-CONN TISS DIS W/O CC/MCC,115242.53,12827.55
466 - REVISION OF HIP OR KNEE REPLACEMENT W MCC,415206.71,31706.59
467 - REVISION OF HIP OR KNEE REPLACEMENT W CC,317035.34,22539.52
468 - REVISION OF HIP OR KNEE REPLACEMENT W/O CC/MCC,263634.65,19021.38
469 - MAJ HIP AND KNEE JNT REPL OR REATTACH OF LW EXTREM W MCC OR TOT ANKLE REPL,284582.57,23025.86
470 - MAJOR HIP AND KNEE JOINT REPLACEMENT OR REATTACHMENT OF LOWER EXTREMITY W/O MCC,171430.23,13649
471 - CERVICAL SPINAL FUSION W MCC,266659.54,30679.71
472 - CERVICAL SPINAL FUSION W CC,179150.25,18208.39
473 - CERVICAL SPINAL FUSION W/O CC/MCC,135484.26,14893.19
474 - AMPUTATION FOR MUSCULOSKELETAL SYS & CONN TISSUE DIS W MCC,145088.53,20919.07
475 - AMPUTATION FOR MUSCULOSKELETAL SYS & CONN TISSUE DIS W CC,238744.15,20677.57
476 - AMPUTATION FOR MUSCULOSKELETAL SYS & CONN TISSUE DIS W/O CC/MCC,61646.92,No Medicare Payment Available
477 - BIOPSIES OF MUSCULOSKELETAL SYSTEM & CONNECTIVE TISSUE W MCC,450517.01,36488.17
478 - BIOPSIES OF MUSCULOSKELETAL SYSTEM & CONNECTIVE TISSUE W CC,177390.07,14262.98
479 - BIOPSIES OF MUSCULOSKELETAL SYSTEM & CONNECTIVE TISSUE W/O CC/MCC,98659.57,20145.63
480 - HIP & FEMUR PROCEDURES EXCEPT MAJOR JOINT W MCC,259283.44,18641.79
481 - HIP & FEMUR PROCEDURES EXCEPT MAJOR JOINT W CC,137645.23,13555.26
482 - HIP & FEMUR PROCEDURES EXCEPT MAJOR JOINT W/O CC/MCC,85842.04,10785.78
483 - MAJOR JOINT & LIMB REATTACHMENT PROC OF UPPER EXTREMITY W CC/MCC,223138.24,15658.64
485 - KNEE PROCEDURES W PDX OF INFECTION W MCC,253792.39,No Medicare Payment Available
486 - KNEE PROCEDURES W PDX OF INFECTION W CC,308227.72,26313.5
487 - KNEE PROCEDURES W PDX OF INFECTION W/O CC/MCC,97796.4,No Medicare Payment Available
488 - KNEE PROCEDURES W/O PDX OF INFECTION W CC/MCC,343327.86,38851.07
489 - KNEE PROCEDURES W/O PDX OF INFECTION W/O CC/MCC,93180.67,8800.62
492 - LOWER EXTREM & HUMER PROC EXCEPT HIP;FOOT;FEMUR W MCC,988665.43,533368.4
493 - LOWER EXTREM & HUMER PROC EXCEPT HIP;FOOT;FEMUR W CC,153118.53,14555.19
494 - LOWER EXTREM & HUMER PROC EXCEPT HIP;FOOT;FEMUR W/O CC/MCC,49977.91,11637.38
495 - LOCAL EXCISION & REMOVAL INT FIX DEVICES EXC HIP & FEMUR W MCC,110354.03,17912.32
496 - LOCAL EXCISION & REMOVAL INT FIX DEVICES EXC HIP & FEMUR W CC,194142.88,12962.06
497 - LOCAL EXCISION & REMOVAL INT FIX DEVICES EXC HIP & FEMUR W/O CC/MCC,49020.74,No Medicare Payment Available
498 - LOCAL EXCISION & REMOVAL INT FIX DEVICES OF HIP & FEMUR W CC/MCC,144549.97,15735.68
500 - SOFT TISSUE PROCEDURES W MCC,178778.47,18505.14
501 - SOFT TISSUE PROCEDURES W CC,123282.94,10306.84
502 - SOFT TISSUE PROCEDURES W/O CC/MCC,91286.59,8655.41
503 - FOOT PROCEDURES W MCC,757796.73,16086.89
504 - FOOT PROCEDURES W CC,163791.59,31291.24
505 - FOOT PROCEDURES W/O CC/MCC,197787.94,No Medicare Payment Available
506 - MAJOR THUMB OR JOINT PROCEDURES,61255.17,No Medicare Payment Available
507 - MAJOR SHOULDER OR ELBOW JOINT PROCEDURES W CC/MCC,629701.31,No Medicare Payment Available
511 - SHOULDER;ELBOW OR FOREARM PROC;EXC MAJOR JOINT PROC W CC,103142.65,11805.85
512 - SHOULDER;ELBOW OR FOREARM PROC;EXC MAJOR JOINT PROC W/O CC/MCC,52054.73,No Medicare Payment Available
513 - HAND OR WRIST PROC; EXCEPT MAJOR THUMB OR JOINT PROC W CC/MCC,56030.81,No Medicare Payment Available
514 - HAND OR WRIST PROC; EXCEPT MAJOR THUMB OR JOINT PROC W/O CC/MCC,41331.4,No Medicare Payment Available
515 - OTHER MUSCULOSKELET SYS & CONN TISS O.R. PROC W MCC,231351.4,21388.12
516 - OTHER MUSCULOSKELET SYS & CONN TISS O.R. PROC W CC,136925.68,15744.06
517 - OTHER MUSCULOSKELET SYS & CONN TISS O.R. PROC W/O CC/MCC,123907.36,9620.51
518 - BACK & NECK PROC EXC SPINAL FUSION W MCC OR DISC DEVICE/NEUROSTIM,218996.95,18517.39
519 - BACK & NECK PROC EXC SPINAL FUSION W CC,98704.07,11608.9
520 - BACK & NECK PROC EXC SPINAL FUSION W/O CC/MCC,67357.01,8842.27
533 - FRACTURES OF FEMUR W MCC,137746.31,No Medicare Payment Available
534 - FRACTURES OF FEMUR W/O MCC,40767.3,5135.35
535 - FRACTURES OF HIP & PELVIS W MCC,78308.64,8245.66
536 - FRACTURES OF HIP & PELVIS W/O MCC,38898.17,5187.7
538 - SPRAINS; STRAINS; & DISLOCATIONS OF HIP; PELVIS & THIGH W/O CC/MCC,27260.89,5178.53
539 - OSTEOMYELITIS W MCC,195559.34,12402.36
540 - OSTEOMYELITIS W CC,130128.03,No Medicare Payment Available
541 - OSTEOMYELITIS W/O CC/MCC,42749.2,76.87
542 - PATHOLOGICAL FRACTURES & MUSCULOSKELET & CONN TISS MALIG W MCC,234415.47,17926.89
543 - PATHOLOGICAL FRACTURES & MUSCULOSKELET & CONN TISS MALIG W CC,81901.19,7549.83
544 - PATHOLOGICAL FRACTURES & MUSCULOSKELET & CONN TISS MALIG W/O CC/MCC,94098.86,No Medicare Payment Available
545 - CONNECTIVE TISSUE DISORDERS W MCC,338633.15,26864.98
546 - CONNECTIVE TISSUE DISORDERS W CC,98401.09,7796.82
547 - CONNECTIVE TISSUE DISORDERS W/O CC/MCC,88252.12,9381.08
550 - SEPTIC ARTHRITIS W/O CC/MCC,38392.46,6407.57
551 - MEDICAL BACK PROBLEMS W MCC,92591.98,8899.39
552 - MEDICAL BACK PROBLEMS W/O MCC,53330.7,6279.07
553 - BONE DISEASES & ARTHROPATHIES W MCC,137140.35,8779.2
554 - BONE DISEASES & ARTHROPATHIES W/O MCC,55432.63,5533.38
555 - SIGNS & SYMPTOMS OF MUSCULOSKELETAL SYSTEM & CONN TISSUE W MCC,90350.41,8675.45
556 - SIGNS & SYMPTOMS OF MUSCULOSKELETAL SYSTEM & CONN TISSUE W/O MCC,57058.85,5442.9
557 - TENDONITIS; MYOSITIS & BURSITIS W MCC,117527.37,8984.3
558 - TENDONITIS; MYOSITIS & BURSITIS W/O MCC,34649.49,5197.82
559 - AFTERCARE; MUSCULOSKELETAL SYSTEM & CONNECTIVE TISSUE W MCC,98095.13,22522.29
560 - AFTERCARE; MUSCULOSKELETAL SYSTEM & CONNECTIVE TISSUE W CC,74499.4,17800.09
561 - AFTERCARE; MUSCULOSKELETAL SYSTEM & CONNECTIVE TISSUE W/O CC/MCC,53084.81,12145.33
562 - FX; SPRN; STRN & DISL EXCEPT FEMUR; HIP; PELVIS & THIGH W MCC,107756.18,9350.28
563 - FX; SPRN; STRN & DISL EXCEPT FEMUR; HIP; PELVIS & THIGH W/O MCC,36273.72,6574.23
564 - OTHER MUSCULOSKELETAL SYS & CONNECTIVE TISSUE DIAGNOSES W MCC,59187.41,15597.35
565 - OTHER MUSCULOSKELETAL SYS & CONNECTIVE TISSUE DIAGNOSES W CC,99852.91,8451.21
566 - OTHER MUSCULOSKELETAL SYS & CONNECTIVE TISSUE DIAGNOSES W/O CC/MCC,59350.36,No Medicare Payment Available
570 - SKIN DEBRIDEMENT W MCC,244642.27,24130.6
571 - SKIN DEBRIDEMENT W CC,98642.58,8551.41
572 - SKIN DEBRIDEMENT W/O CC/MCC,80477.86,No Medicare Payment Available
573 - SKIN GRAFT FOR SKIN ULCER OR CELLULITIS W MCC,524991.9,28894.18
574 - SKIN GRAFT FOR SKIN ULCER OR CELLULITIS W CC,656162.84,65230.05
575 - SKIN GRAFT FOR SKIN ULCER OR CELLULITIS W/O CC/MCC,139599.28,11538.48
576 - SKIN GRAFT EXC FOR SKIN ULCER OR CELLULITIS W MCC,295888.2,28433.62
577 - SKIN GRAFT EXC FOR SKIN ULCER OR CELLULITIS W CC,230176.49,15797.32
578 - SKIN GRAFT EXC FOR SKIN ULCER OR CELLULITIS W/O CC/MCC,154623.1,10010.76
579 - OTHER SKIN; SUBCUT TISS & BREAST PROC W MCC,266385.34,31494.98
580 - OTHER SKIN; SUBCUT TISS & BREAST PROC W CC,134437.67,9816.58
581 - OTHER SKIN; SUBCUT TISS & BREAST PROC W/O CC/MCC,142280.67,8507.17
582 - MASTECTOMY FOR MALIGNANCY W CC/MCC,153913.2,9968.98
583 - MASTECTOMY FOR MALIGNANCY W/O CC/MCC,152869.42,9204.11
584 - BREAST BIOPSY; LOCAL EXCISION & OTHER BREAST PROCEDURES W CC/MCC,144599.49,12225.44
585 - BREAST BIOPSY; LOCAL EXCISION & OTHER BREAST PROCEDURES W/O CC/MCC,132837.27,No Medicare Payment Available
592 - SKIN ULCERS W MCC,79501.25,10026.16
593 - SKIN ULCERS W CC,43245.19,7314.21
594 - SKIN ULCERS W/O CC/MCC,6048.09,2779.22
595 - MAJOR SKIN DISORDERS W MCC,40224.46,No Medicare Payment Available
596 - MAJOR SKIN DISORDERS W/O MCC,32096.65,No Medicare Payment Available
597 - MALIGNANT BREAST DISORDERS W MCC,84736.21,11907.18
598 - MALIGNANT BREAST DISORDERS W CC,57110.24,7584.22
599 - MALIGNANT BREAST DISORDERS W/O CC/MCC,17001.2,No Medicare Payment Available
600 - NON-MALIGNANT BREAST DISORDERS W CC/MCC,28245.23,No Medicare Payment Available
601 - NON-MALIGNANT BREAST DISORDERS W/O CC/MCC,36304.57,No Medicare Payment Available
602 - CELLULITIS W MCC,103400.9,11534.85
603 - CELLULITIS W/O MCC,38083.13,5825.37
605 - TRAUMA TO THE SKIN; SUBCUT TISS & BREAST W/O MCC,31799.9,5686.96
606 - MINOR SKIN DISORDERS W MCC,127721.69,9328.9
607 - MINOR SKIN DISORDERS W/O MCC,50728.29,4203.38
614 - ADRENAL & PITUITARY PROCEDURES W CC/MCC,201614.3,15210.34
615 - ADRENAL & PITUITARY PROCEDURES W/O CC/MCC,113479.76,9938.65
616 - AMPUTAT OF LOWER LIMB FOR ENDOCRINE;NUTRIT;& METABOL DIS W MCC,349543.69,25463.34
617 - AMPUTAT OF LOWER LIMB FOR ENDOCRINE;NUTRIT;& METABOL DIS W CC,131264.76,13473.04
619 - O.R. PROCEDURES FOR OBESITY W MCC,204032.49,18170.19
620 - O.R. PROCEDURES FOR OBESITY W CC,129852.68,11760.41
621 - O.R. PROCEDURES FOR OBESITY W/O CC/MCC,119986.18,10267.35
622 - SKIN GRAFTS & WOUND DEBRID FOR ENDOC; NUTRIT & METAB DIS W MCC,404403.15,22893.66
623 - SKIN GRAFTS & WOUND DEBRID FOR ENDOC; NUTRIT & METAB DIS W CC,179737.82,12503.29
625 - THYROID; PARATHYROID & THYROGLOSSAL PROCEDURES W MCC,215747.79,17275.58
626 - THYROID; PARATHYROID & THYROGLOSSAL PROCEDURES W CC,103915.17,9518.33
627 - THYROID; PARATHYROID & THYROGLOSSAL PROCEDURES W/O CC/MCC,83470.48,6650.69
628 - OTHER ENDOCRINE; NUTRIT & METAB O.R. PROC W MCC,224600.84,34452.1
629 - OTHER ENDOCRINE; NUTRIT & METAB O.R. PROC W CC,178104.21,14052.4
630 - OTHER ENDOCRINE; NUTRIT & METAB O.R. PROC W/O CC/MCC,68696.32,10679.91
637 - DIABETES W MCC,106507.15,8677.41
638 - DIABETES W CC,50785.43,9794.86
639 - DIABETES W/O CC/MCC,41764.83,5452.24
640 - MISC DISORDERS OF NUTRITION;METABOLISM;FLUIDS/ELECTROLYTES W MCC,103566.38,9249.7
641 - MISC DISORDERS OF NUTRITION;METABOLISM;FLUIDS/ELECTROLYTES W/O MCC,40567.51,4974.81
642 - INBORN AND OTHER DISORDERS OF METABOLISM,63822.1,8556.49
643 - ENDOCRINE DISORDERS W MCC,218030.37,10173.43
644 - ENDOCRINE DISORDERS W CC,67851.22,6785.1
645 - ENDOCRINE DISORDERS W/O CC/MCC,26330.02,5115.38
652 - KIDNEY TRANSPLANT,386328.37,27271.69
653 - MAJOR BLADDER PROCEDURES W MCC,304728.28,33861.46
654 - MAJOR BLADDER PROCEDURES W CC,133221.4,No Medicare Payment Available
655 - MAJOR BLADDER PROCEDURES W/O CC/MCC,140742.29,13462.28
656 - KIDNEY & URETER PROCEDURES FOR NEOPLASM W MCC,218130.53,20976.69
657 - KIDNEY & URETER PROCEDURES FOR NEOPLASM W CC,161823.7,13230.5
658 - KIDNEY & URETER PROCEDURES FOR NEOPLASM W/O CC/MCC,129231.26,10456.4
659 - KIDNEY & URETER PROCEDURES FOR NON-NEOPLASM W MCC,326773.64,41250.64
660 - KIDNEY & URETER PROCEDURES FOR NON-NEOPLASM W CC,130496.87,11990.44
661 - KIDNEY & URETER PROCEDURES FOR NON-NEOPLASM W/O CC/MCC,121707.41,9803.49
663 - MINOR BLADDER PROCEDURES W CC,75690.79,No Medicare Payment Available
664 - MINOR BLADDER PROCEDURES W/O CC/MCC,64892.22,8620.72
666 - PROSTATECTOMY W CC,71159.49,11080.71
668 - TRANSURETHRAL PROCEDURES W MCC,975757.16,16954.43
669 - TRANSURETHRAL PROCEDURES W CC,83091.14,9344.19
670 - TRANSURETHRAL PROCEDURES W/O CC/MCC,75561.7,No Medicare Payment Available
671 - URETHRAL PROCEDURES W CC/MCC,80138.54,No Medicare Payment Available
672 - URETHRAL PROCEDURES W/O CC/MCC,62629.77,7150.54
673 - OTHER KIDNEY & URINARY TRACT PROCEDURES W MCC,243142.34,27625.44
674 - OTHER KIDNEY & URINARY TRACT PROCEDURES W CC,182656.62,20202.93
675 - OTHER KIDNEY & URINARY TRACT PROCEDURES W/O CC/MCC,194922.98,5458.93
682 - RENAL FAILURE W MCC,115603.47,10102.64
683 - RENAL FAILURE W CC,60630.89,6516.49
684 - RENAL FAILURE W/O CC/MCC,30926.77,4255.18
686 - KIDNEY & URINARY TRACT NEOPLASMS W MCC,244203.68,44567.01
687 - KIDNEY & URINARY TRACT NEOPLASMS W CC,91990.38,7637.79
688 - KIDNEY & URINARY TRACT NEOPLASMS W/O CC/MCC,28641.09,No Medicare Payment Available
689 - KIDNEY & URINARY TRACT INFECTIONS W MCC,90301,7464.06
690 - KIDNEY & URINARY TRACT INFECTIONS W/O MCC,41635.71,5567.01
691 - URINARY STONES W ESW LITHOTRIPSY W CC/MCC,66037.82,No Medicare Payment Available
692 - URINARY STONES W ESW LITHOTRIPSY W/O CC/MCC,87269.12,No Medicare Payment Available
693 - URINARY STONES W/O ESW LITHOTRIPSY W MCC,68580.84,No Medicare Payment Available
694 - URINARY STONES W/O ESW LITHOTRIPSY W/O MCC,45921.73,5003.11
695 - KIDNEY & URINARY TRACT SIGNS & SYMPTOMS W MCC,28520.07,6752.1
696 - KIDNEY & URINARY TRACT SIGNS & SYMPTOMS W/O MCC,40326.87,4857.44
697 - URETHRAL STRICTURE,72371.35,7232.43
698 - OTHER KIDNEY & URINARY TRACT DIAGNOSES W MCC,135130.83,11342.79
699 - OTHER KIDNEY & URINARY TRACT DIAGNOSES W CC,93914.5,7435.13
700 - OTHER KIDNEY & URINARY TRACT DIAGNOSES W/O CC/MCC,32750.16,5682.5
707 - MAJOR MALE PELVIC PROCEDURES W CC/MCC,131977.37,11908.39
708 - MAJOR MALE PELVIC PROCEDURES W/O CC/MCC,120370.58,9345.87
709 - PENIS PROCEDURES W CC/MCC,143257.86,14833.34
710 - PENIS PROCEDURES W/O CC/MCC,49921.56,No Medicare Payment Available
711 - TESTES PROCEDURES W CC/MCC,394958.88,No Medicare Payment Available
712 - TESTES PROCEDURES W/O CC/MCC,34023.48,No Medicare Payment Available
713 - TRANSURETHRAL PROSTATECTOMY W CC/MCC,61823.86,9622.18
714 - TRANSURETHRAL PROSTATECTOMY W/O CC/MCC,50293.96,6326.9
716 - OTHER MALE REPRODUCTIVE SYSTEM O.R. PROC FOR MALIGNANCY W/O CC/MCC,121101.23,9617.78
717 - OTHER MALE REPRODUCTIVE SYSTEM O.R. PROC EXC MALIGNANCY W CC/MCC,90530.72,No Medicare Payment Available
722 - MALIGNANCY; MALE REPRODUCTIVE SYSTEM W MCC,257176.97,No Medicare Payment Available
723 - MALIGNANCY; MALE REPRODUCTIVE SYSTEM W CC,91580.22,7930.7
725 - BENIGN PROSTATIC HYPERTROPHY W MCC,206994.44,No Medicare Payment Available
727 - INFLAMMATION OF THE MALE REPRODUCTIVE SYSTEM W MCC,128557.9,9760.54
728 - INFLAMMATION OF THE MALE REPRODUCTIVE SYSTEM W/O MCC,39900.22,5224.91
729 - OTHER MALE REPRODUCTIVE SYSTEM DIAGNOSES W CC/MCC,108243.91,No Medicare Payment Available
730 - OTHER MALE REPRODUCTIVE SYSTEM DIAGNOSES W/O CC/MCC,35112.65,No Medicare Payment Available
734 - PELVIC EVISCERATION; RAD HYSTERECTOMY & RAD VULVECTOMY W CC/MCC,279253.16,23429.38
735 - PELVIC EVISCERATION; RAD HYSTERECTOMY & RAD VULVECTOMY W/O CC/MCC,113902.47,6915.26
736 - UTERINE & ADNEXA PROC FOR OVARIAN OR ADNEXAL MALIGNANCY W MCC,891700.22,53343.96
737 - UTERINE & ADNEXA PROC FOR OVARIAN OR ADNEXAL MALIGNANCY W CC,179412.54,12879.71
738 - UTERINE & ADNEXA PROC FOR OVARIAN OR ADNEXAL MALIGNANCY W/O CC/MCC,88096.15,9422.29
739 - UTERINE;ADNEXA PROC FOR NON-OVARIAN/ADNEXAL MALIG W MCC,283349.98,21823.93
740 - UTERINE;ADNEXA PROC FOR NON-OVARIAN/ADNEXAL MALIG W CC,164030.14,11421.91
741 - UTERINE;ADNEXA PROC FOR NON-OVARIAN/ADNEXAL MALIG W/O CC/MCC,115584.74,8080.93
742 - UTERINE & ADNEXA PROC FOR NON-MALIGNANCY W CC/MCC,92405.78,8890.92
743 - UTERINE & ADNEXA PROC FOR NON-MALIGNANCY W/O CC/MCC,70168.92,10534.03
744 - D&C; CONIZATION; LAPAROSCOPY & TUBAL INTERRUPTION W CC/MCC,68926.85,11354.73
745 - D&C; CONIZATION; LAPAROSCOPY & TUBAL INTERRUPTION W/O CC/MCC,81509.29,7374.04
746 - VAGINA; CERVIX & VULVA PROCEDURES W CC/MCC,155172.18,11481.16
747 - VAGINA; CERVIX & VULVA PROCEDURES W/O CC/MCC,59119.97,6569.95
748 - FEMALE REPRODUCTIVE SYSTEM RECONSTRUCTIVE PROCEDURES,95584.85,No Medicare Payment Available
749 - OTHER FEMALE REPRODUCTIVE SYSTEM O.R. PROCEDURES W CC/MCC,196766.76,17202.26
750 - OTHER FEMALE REPRODUCTIVE SYSTEM O.R. PROCEDURES W/O CC/MCC,89880.31,8874.75
754 - MALIGNANCY; FEMALE REPRODUCTIVE SYSTEM W MCC,142290.35,11856.21
755 - MALIGNANCY; FEMALE REPRODUCTIVE SYSTEM W CC,88969.61,7533.5
756 - MALIGNANCY; FEMALE REPRODUCTIVE SYSTEM W/O CC/MCC,38947.91,No Medicare Payment Available
757 - INFECTIONS; FEMALE REPRODUCTIVE SYSTEM W MCC,66109.12,8213.23
758 - INFECTIONS; FEMALE REPRODUCTIVE SYSTEM W CC,81361.98,5732.01
759 - INFECTIONS; FEMALE REPRODUCTIVE SYSTEM W/O CC/MCC,28168.66,No Medicare Payment Available
760 - MENSTRUAL & OTHER FEMALE REPRODUCTIVE SYSTEM DISORDERS W CC/MCC,83919.36,16691.81
761 - MENSTRUAL & OTHER FEMALE REPRODUCTIVE SYSTEM DISORDERS W/O CC/MCC,20894.93,No Medicare Payment Available
765 - CESAREAN SECTION W CC/MCC,54014.71,10381.53
766 - CESAREAN SECTION W/O CC/MCC,33825.87,No Medicare Payment Available
767 - VAGINAL DELIVERY W STERILIZATION &/OR D&C,32979.55,No Medicare Payment Available
768 - VAGINAL DELIVERY W O.R. PROC EXCEPT STERIL &/OR D&C,78482.61,No Medicare Payment Available
769 - POSTPARTUM & POST ABORTION DIAGNOSES W O.R. PROCEDURE,161075.71,No Medicare Payment Available
770 - ABORTION W D&C; ASPIRATION CURETTAGE OR HYSTEROTOMY,31958.71,No Medicare Payment Available
774 - VAGINAL DELIVERY W COMPLICATING DIAGNOSES,34686.24,5995.91
775 - VAGINAL DELIVERY W/O COMPLICATING DIAGNOSES,24673.02,4862.36
776 - POSTPARTUM & POST ABORTION DIAGNOSES W/O O.R. PROCEDURE,61755.36,5855.55
777 - ECTOPIC PREGNANCY,57408.13,No Medicare Payment Available
778 - THREATENED ABORTION,34094.34,No Medicare Payment Available
779 - ABORTION W/O D&C,23239.78,No Medicare Payment Available
780 - FALSE LABOR,15251.96,No Medicare Payment Available
781 - OTHER ANTEPARTUM DIAGNOSES W MEDICAL COMPLICATIONS,41330.73,5662.35
782 - OTHER ANTEPARTUM DIAGNOSES W/O MEDICAL COMPLICATIONS,29052.04,No Medicare Payment Available
783 - CESAREAN SECTION W STERILIZATION W MCC,773859.29,No Medicare Payment Available
784 - CESAREAN SECTION W STERILIZATION W CC,40882.59,No Medicare Payment Available
786 - CESAREAN SECTION W/O STERILIZATION W MCC,294826.68,No Medicare Payment Available
787 - CESAREAN SECTION W/O STERILIZATION W CC,114722.6,No Medicare Payment Available
788 - CESAREAN SECTION W/O STERILIZATION W/O CC/MCC,216372.07,No Medicare Payment Available
789 - NEONATES; DIED OR TRANSFERRED TO ANOTHER ACUTE CARE FACILITY,824899.72,No Medicare Payment Available
790 - EXTREME IMMATURITY OR RESPIRATORY DISTRESS SYNDROME; NEONATE,1095028.75,No Medicare Payment Available
791 - PREMATURITY W MAJOR PROBLEMS,449632.89,No Medicare Payment Available
792 - PREMATURITY W/O MAJOR PROBLEMS,141752.45,No Medicare Payment Available
793 - FULL TERM NEONATE W MAJOR PROBLEMS,262975.7,No Medicare Payment Available
794 - NEONATE W OTHER SIGNIFICANT PROBLEMS,35400.06,No Medicare Payment Available
795 - NORMAL NEWBORN,9185.19,No Medicare Payment Available
800 - SPLENECTOMY W CC,204713.7,No Medicare Payment Available
801 - SPLENECTOMY W/O CC/MCC,125792.12,No Medicare Payment Available
802 - OTHER O.R. PROC OF THE BLOOD & BLOOD FORMING ORGANS W MCC,440458.7,34161.74
803 - OTHER O.R. PROC OF THE BLOOD & BLOOD FORMING ORGANS W CC,136994.23,12256.34
804 - OTHER O.R. PROC OF THE BLOOD & BLOOD FORMING ORGANS W/O CC/MCC,139052.71,8259.88
805 - VAGINAL DELIVERY W/O STERILIZATION/D&C W MCC,67918.78,No Medicare Payment Available
806 - VAGINAL DELIVERY W/O STERILIZATION/D&C W CC,85231.28,No Medicare Payment Available
807 - VAGINAL DELIVERY W/O STERILIZATION/D&C W/O CC/MCC,23543.44,No Medicare Payment Available
808 - MAJOR HEMATOL/IMMUN DIAG EXC SICKLE CELL CRISIS & COAGUL W MCC,278093.89,27084.41
809 - MAJOR HEMATOL/IMMUN DIAG EXC SICKLE CELL CRISIS & COAGUL W CC,132368.36,8479.18
810 - MAJOR HEMATOL/IMMUN DIAG EXC SICKLE CELL CRISIS & COAGUL W/O CC/MCC,71761.96,6796.16
811 - RED BLOOD CELL DISORDERS W MCC,132982.3,8847.81
812 - RED BLOOD CELL DISORDERS W/O MCC,52303.95,6865.81
813 - COAGULATION DISORDERS,144799.26,18653.04
814 - RETICULOENDOTHELIAL & IMMUNITY DISORDERS W MCC,312387.16,19782.75
815 - RETICULOENDOTHELIAL & IMMUNITY DISORDERS W CC,104956.27,7034.25
816 - RETICULOENDOTHELIAL & IMMUNITY DISORDERS W/O CC/MCC,30414.92,5266.36
820 - LYMPHOMA & LEUKEMIA W MAJOR O.R. PROCEDURE W MCC,1075365.87,74603.11
821 - LYMPHOMA & LEUKEMIA W MAJOR O.R. PROCEDURE W CC,344669.43,41566.04
822 - LYMPHOMA & LEUKEMIA W MAJOR O.R. PROCEDURE W/O CC/MCC,353312.43,19099.9
823 - LYMPHOMA & NON-ACUTE LEUKEMIA W OTHER PROC W MCC,571677.57,62138.34
824 - LYMPHOMA & NON-ACUTE LEUKEMIA W OTHER PROC W CC,284253.6,17036.96
825 - LYMPHOMA & NON-ACUTE LEUKEMIA W OTHER PROC W/O CC/MCC,166041.3,8755.82
826 - MYELOPROLIF DISORD OR POORLY DIFF NEOPL W MAJ O.R. PROC W MCC,852517.02,56416.06
827 - MYELOPROLIF DISORD OR POORLY DIFF NEOPL W MAJ O.R. PROC W CC,283770.66,15335.13
828 - MYELOPROLIF DISORD OR POORLY DIFF NEOPL W MAJ O.R. PROC W/O CC/MCC,141946.15,No Medicare Payment Available
829 - MYELOPROLIF DISORD OR POORLY DIFF NEOPL W OTHER PROC W CC/MCC,642777.17,38830.95
830 - MYELOPROLIF DISORD OR POORLY DIFF NEOPL W OTHER PROC W/O CC/MCC,83476.65,8731.89
831 - OTHER ANTEPARTUM DIAGNOSES W/O O.R. PROCEDURE W MCC,95229.08,No Medicare Payment Available
832 - OTHER ANTEPARTUM DIAGNOSES W/O O.R. PROCEDURE W CC,56254.3,No Medicare Payment Available
833 - OTHER ANTEPARTUM DIAGNOSES W/O O.R. PROCEDURE W/O CC/MCC,48433.95,No Medicare Payment Available
834 - ACUTE LEUKEMIA W/O MAJOR O.R. PROCEDURE W MCC,645002.81,61046.14
835 - ACUTE LEUKEMIA W/O MAJOR O.R. PROCEDURE W CC,358934.83,20898.99
836 - ACUTE LEUKEMIA W/O MAJOR O.R. PROCEDURE W/O CC/MCC,135568.38,9341.98
837 - CHEMO W ACUTE LEUKEMIA AS SDX OR W HIGH DOSE CHEMO AGENT W MCC,407553.36,41859.52
838 - CHEMO W ACUTE LEUKEMIA AS SDX W CC OR HIGH DOSE CHEMO AGENT,259399.2,15130.28
839 - CHEMO W ACUTE LEUKEMIA AS SDX W/O CC/MCC,104479.41,9040.65
840 - LYMPHOMA & NON-ACUTE LEUKEMIA W MCC,372413.39,25043.88
841 - LYMPHOMA & NON-ACUTE LEUKEMIA W CC,130758.86,10494.73
842 - LYMPHOMA & NON-ACUTE LEUKEMIA W/O CC/MCC,102138.48,7255
843 - OTHER MYELOPROLIF DIS OR POORLY DIFF NEOPL DIAG W MCC,153436.02,No Medicare Payment Available
844 - OTHER MYELOPROLIF DIS OR POORLY DIFF NEOPL DIAG W CC,50590.25,8267.95
845 - OTHER MYELOPROLIF DIS OR POORLY DIFF NEOPL DIAG W/O CC/MCC,87185.37,No Medicare Payment Available
846 - CHEMOTHERAPY W/O ACUTE LEUKEMIA AS SECONDARY DIAGNOSIS W MCC,212608.43,20826.86
847 - CHEMOTHERAPY W/O ACUTE LEUKEMIA AS SECONDARY DIAGNOSIS W CC,119527.89,10268
848 - CHEMOTHERAPY W/O ACUTE LEUKEMIA AS SECONDARY DIAGNOSIS W/O CC/MCC,67634.71,No Medicare Payment Available
849 - RADIOTHERAPY,10082.26,No Medicare Payment Available
853 - INFECTIOUS & PARASITIC DISEASES W O.R. PROCEDURE W MCC,498728.32,41255.17
854 - INFECTIOUS & PARASITIC DISEASES W O.R. PROCEDURE W CC,180829.83,17889.36
855 - INFECTIOUS & PARASITIC DISEASES W O.R. PROCEDURE W/O CC/MCC,72774.82,No Medicare Payment Available
856 - POSTOPERATIVE OR POST-TRAUMATIC INFECTIONS W O.R. PROC W MCC,385805.57,45657.39
857 - POSTOPERATIVE OR POST-TRAUMATIC INFECTIONS W O.R. PROC W CC,140200.88,11877.74
858 - POSTOPERATIVE OR POST-TRAUMATIC INFECTIONS W O.R. PROC W/O CC/MCC,94260.69,9149.7
862 - POSTOPERATIVE & POST-TRAUMATIC INFECTIONS W MCC,120735.65,11427.37
863 - POSTOPERATIVE & POST-TRAUMATIC INFECTIONS W/O MCC,58298.03,6882.52
864 - FEVER,56841.45,6189.48
865 - VIRAL ILLNESS W MCC,160517.13,9429.65
866 - VIRAL ILLNESS W/O MCC,43545.14,7080.36
867 - OTHER INFECTIOUS & PARASITIC DISEASES DIAGNOSES W MCC,70786.37,13835.5
868 - OTHER INFECTIOUS & PARASITIC DISEASES DIAGNOSES W CC,70912.51,No Medicare Payment Available
869 - OTHER INFECTIOUS & PARASITIC DISEASES DIAGNOSES W/O CC/MCC,32514.99,No Medicare Payment Available
870 - SEPTICEMIA OR SEVERE SEPSIS W MV >96 HOURS,715087.88,39539.02
871 - SEPTICEMIA OR SEVERE SEPSIS W/O MV >96 HOURS W MCC,163366.81,12977.68
872 - SEPTICEMIA OR SEVERE SEPSIS W/O MV >96 HOURS W/O MCC,77501.38,7480.92
876 - O.R. PROCEDURE W PRINCIPAL DIAGNOSES OF MENTAL ILLNESS,92452.04,No Medicare Payment Available
880 - ACUTE ADJUSTMENT REACTION & PSYCHOSOCIAL DYSFUNCTION,45026.57,6494.46
881 - DEPRESSIVE NEUROSES,31202.29,5481.29
882 - NEUROSES EXCEPT DEPRESSIVE,81882.92,No Medicare Payment Available
883 - DISORDERS OF PERSONALITY & IMPULSE CONTROL,76638.94,No Medicare Payment Available
884 - ORGANIC DISTURBANCES & INTELLECTUAL DISABILITY,67356.62,8507.34
885 - PSYCHOSES,66638.88,8729.28
886 - BEHAVIORAL & DEVELOPMENTAL DISORDERS,26049.5,No Medicare Payment Available
894 - ALCOHOL/DRUG ABUSE OR DEPENDENCE; LEFT AMA,47872.69,No Medicare Payment Available
896 - ALCOHOL/DRUG ABUSE OR DEPENDENCE W/O REHABILITATION THERAPY W MCC,118198.93,10515.47
897 - ALCOHOL/DRUG ABUSE OR DEPENDENCE W/O REHABILITATION THERAPY W/O MCC,49779.1,4709.98
901 - WOUND DEBRIDEMENTS FOR INJURIES W MCC,497651.87,No Medicare Payment Available
902 - WOUND DEBRIDEMENTS FOR INJURIES W CC,100879.54,No Medicare Payment Available
903 - WOUND DEBRIDEMENTS FOR INJURIES W/O CC/MCC,85431.89,No Medicare Payment Available
904 - SKIN GRAFTS FOR INJURIES W CC/MCC,373518.06,20694.3
905 - SKIN GRAFTS FOR INJURIES W/O CC/MCC,78024.75,12348.84
906 - HAND PROCEDURES FOR INJURIES,46333.18,No Medicare Payment Available
907 - OTHER O.R. PROCEDURES FOR INJURIES W MCC,379316.19,33462.96
908 - OTHER O.R. PROCEDURES FOR INJURIES W CC,131666.16,13062.65
909 - OTHER O.R. PROCEDURES FOR INJURIES W/O CC/MCC,92892.63,9488.61
914 - TRAUMATIC INJURY W/O MCC,36405.12,6021.49
915 - ALLERGIC REACTIONS W MCC,202886.53,10779.7
916 - ALLERGIC REACTIONS W/O MCC,20894.19,3736.31
917 - POISONING & TOXIC EFFECTS OF DRUGS W MCC,113603.83,11635.42
918 - POISONING & TOXIC EFFECTS OF DRUGS W/O MCC,28507.47,4956.47
919 - COMPLICATIONS OF TREATMENT W MCC,228527.92,11355.77
920 - COMPLICATIONS OF TREATMENT W CC,82007.97,7933.62
921 - COMPLICATIONS OF TREATMENT W/O CC/MCC,29970.55,5284.63
922 - OTHER INJURY; POISONING & TOXIC EFFECT DIAG W MCC,414354.2,No Medicare Payment Available
923 - OTHER INJURY; POISONING & TOXIC EFFECT DIAG W/O MCC,39713.91,2470.94
939 - O.R. PROC W DIAGNOSES OF OTHER CONTACT W HEALTH SERVICES W MCC,201689.15,No Medicare Payment Available
940 - O.R. PROC W DIAGNOSES OF OTHER CONTACT W HEALTH SERVICES W CC,177566.1,18819.65
941 - O.R. PROC W DIAGNOSES OF OTHER CONTACT W HEALTH SERVICES W/O CC/MCC,78647.74,12243.02
945 - REHABILITATION W CC/MCC,73897.59,17074.69
946 - REHABILITATION W/O CC/MCC,47351.31,10033.59
947 - SIGNS & SYMPTOMS W MCC,91762.75,7997.75
948 - SIGNS & SYMPTOMS W/O MCC,53385.47,5201.78
949 - AFTERCARE W CC/MCC,71446.03,19490.77
950 - AFTERCARE W/O CC/MCC,55570.86,12184.22
951 - OTHER FACTORS INFLUENCING HEALTH STATUS,19009.41,5110.25
956 - LIMB REATTACHMENT; HIP & FEMUR PROC FOR MULTIPLE SIGNIFICANT TRAUMA,129845.64,23225.09
957 - OTHER O.R. PROCEDURES FOR MULTIPLE SIGNIFICANT TRAUMA W MCC,168350.69,45257.47
959 - OTHER O.R. PROCEDURES FOR MULTIPLE SIGNIFICANT TRAUMA W/O CC/MCC,127565.87,No Medicare Payment Available
963 - OTHER MULTIPLE SIGNIFICANT TRAUMA W MCC,125355.41,17251.62
964 - OTHER MULTIPLE SIGNIFICANT TRAUMA W CC,81921.01,No Medicare Payment Available
965 - OTHER MULTIPLE SIGNIFICANT TRAUMA W/O CC/MCC,45498.3,No Medicare Payment Available
969 - HIV W EXTENSIVE O.R. PROCEDURE W MCC,176196.09,33980.3
974 - HIV W MAJOR RELATED CONDITION W MCC,268263.63,16487.62
975 - HIV W MAJOR RELATED CONDITION W CC,116961.44,No Medicare Payment Available
976 - HIV W MAJOR RELATED CONDITION W/O CC/MCC,144616.94,No Medicare Payment Available
977 - HIV W OR W/O OTHER RELATED CONDITION,55784.36,8606.01
981 - EXTENSIVE O.R. PROCEDURE UNRELATED TO PRINCIPAL DIAGNOSIS W MCC,415750.09,45121.59
982 - EXTENSIVE O.R. PROCEDURE UNRELATED TO PRINCIPAL DIAGNOSIS W CC,173831.51,16690.52
983 - EXTENSIVE O.R. PROCEDURE UNRELATED TO PRINCIPAL DIAGNOSIS W/O CC/MCC,98797.48,10072.32
987 - NON-EXTENSIVE O.R. PROC UNRELATED TO PRINCIPAL DIAGNOSIS W MCC,1035619.7,27567.74
988 - NON-EXTENSIVE O.R. PROC UNRELATED TO PRINCIPAL DIAGNOSIS W CC,184114.36,14272.01
989 - NON-EXTENSIVE O.R. PROC UNRELATED TO PRINCIPAL DIAGNOSIS W/O CC/MCC,54257.31,7687.68
