Charge Description,"Current
Price"
,
*CT 3D RECONSTRUCT W WRKSTATON,844
*CT 3D RECONSTRUCT WO WRKSTATO,547
*CT GUIDANCE NDL PLC SI,"1,108"
*CT UPR EXT IC LT,"1,201"
*ER US OPTH B SCAN LT,360
*ER US OPTH FRN BODY RT,294
*MG DUCTOGRAM MULT LT SI,879
*MG DUCTOGRAM SINGLE RT SI,814
*MG TOMOSYNTHESIS SCR BI,89
*MR UPR EXT NONJOINT WAW IC RT,"3,861"
*NM CSF FLOWSHUNT EVAL IMG,"1,336"
*SC CT ARTHROGRAM KNEE RT,938
*SC CT BX ASP BONE MARROW LT,"5,274"
*SC CT BX BONE MARROW RT,"4,688"
*SC CT BX BONE NDL DEEP,"6,923"
*SC CT BX LUNG OR MEDIASTINUM,"7,469"
*SC CT INJ ASP GANGLION CYST,367
*SC MG INJ DUCTOGRAM RT,265
*SC MR ARTHRO ELBOW RT,213
*SC MR ARTHRO SHOULDER RT,"4,077"
*SC MR ARTHRO WRIST RT,274
*SC SP ABLAT RF KIDNY TUM(S)LT,"8,095"
*SC SP ABLAT RF LIVER TUMOR(S),"15,520"
*SC SP ASP ABSC HEMATOMA CYST,"1,061"
*SC SP ASP BLAD VIA SPRPUB CAT,"4,736"
*SC SP ASP INTERVERT DISC DX,"4,447"
*SC SP BX BONE SUPERFICIAL,"4,723"
*SC SP BX PLEURA LT,"2,926"
*SC SP BX TRANSCATHETER,"9,161"
*SC SP CATH PORTAL VEIN,"5,746"
*SC SP CATH SVC OR IVC,"2,482"
*SC SP CHECK DRN CATH,"7,966"
*SC SP CHNG URETEROST TUB RT,"5,431"
*SC SP DECLOT VAD THROMBOLYTIC,996
*SC SP DILAT NEPHRO TRACT RT,"6,278"
*SC SP EMBLZ HEAD/NECK NON CNS,"10,676"
*SC SP EMBOLIZATION CNS,"14,677"
*SC SP EXCHANGE DRN CATH,"2,953"
*SC SP FIBRIN STRIP VAD SEP AC,"2,373"
*SC SP INJ ASP KIDNEY CYST RT,"4,555"
*SC SP INJ EPI BLD CLOT PATCH,"5,040"
*SC SP INJ EXT VENOGRAM LT,"4,477"
*SC SP INJ PERITONEOGRAM,514
*SC SP INJ SINUS TRACT DX,769
*SC SP INS 2 SEP TUN CVLINES,"5,944"
*SC SP INS CV PORT 5+YR,"4,479"
*SC SP INS IPRTNL CATH W PORT,"12,132"
*SC SP INS NON TUN CVLINE 5+YR,"2,586"
*SC SP INS PICC LES 5YR,"6,244"
*SC SP INS TUN CVLINE 5+YR,"8,061"
*SC SP INTRO LONG GI TUBE,"1,660"
*SC SP PUNCTURE SHUNT ASP INJ,"1,903"
*SC SP REPOSITION CVLINE FLUOR,"1,600"
*SC SP RMVL CV/PERIPH PORT,"9,127"
*SC SP RMVL IPRTNL CATH TUNN,"8,560"
*SC SP RMVL TUN CVLINE,"8,915"
*SC SP RPLC NON TUN CVLINE,"6,249"
*SC SP RPLC PICC,"8,514"
*SC SP RPLC TUN CV PORT,"7,838"
*SC SP RPLC TUN CVLINE,"6,471"
*SC SP RPR CV PORT/PUMP,"2,373"
*SC SP RPR CVLINE/PICC,"1,505"
*SC SP SEL CATH 1ST AB/PEL/LE,"4,642"
*SC SP SEL CATH 2ND AB/PE/LE,"8,767"
*SC SP SEL CATH 3RD+ AB/PE/LE,"9,658"
*SC SP SEL CATH ADDL 2+AB/P/LE,"2,693"
*SC SP SEL CATH PULM ART LT,"1,724"
*SC SP SEL CATH SEG/SSG PUL RT,"5,717"
*SC SP SEL CATH THO/BR 1ST ORD,"1,432"
*SC SP SEL CATH THO/BR 2ND ORD,"2,326"
*SC SP SEL CATH THO/BR 3+ ORD,"2,965"
*SC SP SEL CATH THO/BR ADDL 2+,318
*SC SP SEL CATH VENOUS 1ST ORD,"7,100"
*SC SP SEL CATH VENOUS 2+ ORD,"7,845"
*SC SP TUBE PERICARDIOSTOMY,"1,630"
*SC US ASP BRST CYST EA ADD RT,542
*SC US ASP BRST CYST LT,"2,460"
*SC US ASP INJ THYROID CYST,880
*SC US BX ABD RPRTNL MASS,"5,121"
*SC US BX KIDNEY LT,"7,464"
*SC US BX LIVER,"9,292"
*SC US BX LYMPH NODES SUPRF,"5,679"
*SC US BX SOFT TISSUE,"4,202"
*SC US BX THYROID,"6,414"
*SC US FNA,"2,695"
*SC US INJ EXT PSEUDOANEUR RT,"1,505"
*SC XR INJ SHUNTOGRAM VP,558
*SP ANG REN SSEL 2+ORD LT SISC,"8,048"
*SP ANGIO INT MAMMARY RT SI,"2,373"
*SP ANGIO PELVIC SEL SI,"4,380"
*SP ANGIO PULM SEL RT SI,"5,116"
*SP ANGIO SEL EA ADDL VES SI,"1,640"
*SP ANGIO SPINAL SEL SI,"4,380"
*SP ANGIO THRU EXIS CATH FU SI,"1,633"
*SP ANGIO VISCERAL SELECT SI,"8,048"
*SP AORTOGRAM ABDOMINAL SI,"4,323"
*SP BALLOON DIL URTR RT SISC,"7,883"
*SP BALOON OCCL A HED NEK SISC,"12,944"
*SP BX BILIARY SNGL MULT SISC,"6,369"
*SP BX TRANSCATH SI,"2,531"
*SP CATH FALLOPIAN TUBE LT SI,478
*SP CATH PORT CHECK SISC,"4,888"
*SP CHANGE DRN/OTHER TUBE SI,504
*SP CHNG DRNG CATH BILIARYSISC,"8,735"
*SP CHNG GASTROSTOMY TUB SISC,"6,799"
*SP CHNG NEPHRO CATH RT SISC,"4,601"
*SP CHOLANG EXISTNG T TUB SISC,"6,319"
*SP CHOLANG TRANSHEPATIC SISC,"6,836"
*SP CHOLANGIOPLAS WO STNT SISC,"5,186"
*SP CHOLECYSTOSTOMY SISC,"6,056"
*SP CONV EXT2EXINT BIL DRNSISC,"6,836"
*SP CONV NEP2NEP UR EXI RTSISC,"4,027"
*SP CONVERS G TO GJ TUB SISC,"4,978"
*SP CT GUID ABLAT VISC TISSUE,935
*SP CT LIMITED/FOLLOW UP STUDY,414
*SP DIL NEPH URETER URETHR SI,"1,905"
*SP DRN FLUID PRTNL RPRTN SISC,"3,807"
*SP DRN FLUID PRTNL TRTV SISC,"4,085"
*SP DRN FLUID SOFT TISS SISC,"2,947"
*SP DRN FLUID VISCERAL SISC,"3,801"
*SP DRN PLEURA W TUB RT SISC,"3,731"
*SP DRNG CATH BILIAR IN EXSISC,"6,836"
*SP DRNG CATH BILIARY EXT SISC,"6,836"
*SP EMBLZ ARTERY NON HEM SISC,"14,499"
*SP EMBLZ HEMORR LYMP EXT SISC,"20,143"
*SP EMBLZ TRNSCATH TX SI,"3,375"
*SP EMBLZ TUM ORG ISC INF SISC,"17,110"
*SP EMBLZ VENOUS NON HEM SISC,"13,343"
*SP EVAS ADM RX CRAN 1ST SISC,"12,412"
*SP EVAS ADM RX CRAN ADDL SISC,"5,275"
*SP EXCH URET STN PERC RT SISC,"8,105"
*SP FIBRIN STRIP VAD SEP AC SI,578
*SP FISTUL/SINUS TRAC STUDY SI,701
*SP FLUOR GUID CV CATH PROC SI,660
*SP HOSP OUTPT VISIT LEVEL I,200
*SP INFSN THROMB SUB CESS SISC,"4,410"
*SP INFSN THROMB SUBS SISC,"7,471"
*SP INFSN THROMB VEN INIT SISC,"4,479"
*SP INS GASTROSTOMY TUBE SISC,"3,379"
*SP INS IPRTNL CATH TUNN SISC,"9,828"
*SP INS IVC FILTER SISC,"11,257"
*SP INS TIPS SISC,"2,567"
*SP INTRO OF LONG G TUBE SI,350
*SP KYPHOPLSTY LUM 1ST SISC,"9,146"
*SP KYPHOPLSTY THO LUM ADDSISC,"3,801"
*SP KYPHOPLSTY THOR 1ST SISC,"9,829"
*SP NEPHROSTOGM EXIS AC RTSISC,"2,301"
*SP PARACENTESIS ABD SISC,"3,979"
*SP PERITONEOGRAM SI,"1,010"
*SP PLC NEP URT CAT NEW RTSISC,"6,492"
*SP PLC NEPHROST CATH RT SISC,"7,500"
*SP PLC STNT BIL EXIST ACCSISC,"13,692"
*SP PLC STNT CER CARO EPD SISC,"4,629"
*SP PLC STNT CER CAROT SISC,"4,310"
*SP PLC STNT EC/V 1ST SISC,"1,462"
*SP PRTGRM TRANSHEP W HD SI,"4,602"
*SP REVISION TIPS SISC,"10,119"
*SP RMVL BILIARY STONE SISC,"4,719"
*SP RMVL DRNG CATH BILIARYSISC,"2,013"
*SP RMVL IVC FILTER SISC,"10,887"
*SP RMVL NEPH TUB RT SISC,"7,259"
*SP RMVL URET STN PERC RT SISC,"3,756"
*SP RPLC DUOD/JEJUN TUB SISC,"5,446"
*SP RPLC GASTRO-JEJUN TUB SISC,"9,092"
*SP SCLEROTHERAPY NON VASCSISC,"4,039"
*SP SEL CC/BC CRAN ANG LT SISC,"10,631"
*SP SEL ECA ECA ANG RT SISC,"2,093"
*SP SEL IC BR IC/VE ANG RTSISC,"4,329"
*SP SEL ICA INTRCR ANG RT SISC,"8,048"
*SP SEL SUBC/BC VE ANG RT SISC,"5,642"
*SP SEL VER VE ANG LT SISC,"6,367"
*SP STNT URT NEW AC CAT LTSISC,"15,419"
*SP STNT URTR EXIST AC RT SISC,"9,190"
*SP STNT URTR NEW AC RT SISC,"12,027"
*SP THROMBE LYSE CRAN ART SISC,"18,618"
*SP THROMBEC VEIN(S) LYSE SISC,"4,558"
*SP THROMBEC VEIN(S) SUBS SISC,"4,479"
*SP TRANSC RETR INTRVS FB SISC,"11,499"
*SP UNCLOG FEEDING TUBE SISC,"1,660"
*SP US GUID ABLAT VISC TISSUE,423
*SP US GUID VASC ACCESS,682
*SP VEN SAMPLING THRU CATH SI,"8,048"
*SP VENOGRAM EXT BI SI,"1,947"
*SP VENOGRAM HEPAT W HD SI,"3,429"
*SP VENOGRAM IVC SI,"4,196"
*SP VENOGRAM KIDNEY SEL LT SI,"3,002"
*SP VERTBPLSTY LUMSAC 1ST SISC,"5,285"
*SP WADA ACTIVATION TEST,"2,945"
*US GUIDANCE NDL PLC SI,"1,073"
*US GUIDE PERC DRN W CATH SI,424
*US SONOHYSTEROGRAPHY SI,"2,065"
*XR ARTHROGRAPH KNEE RT,938
*XR SHUNTOGRAM VP SHUNT SI,558
17-HYDROXYPREGNENOLONE,153
17-HYDROXYPROGESTERONE-ESOTRX,207
2D TEE W W/O FOL W/CO INT,"2,809"
5 HIAA RANDOM URINE,138
50/50 COAGULATION STUDY,142
AB ELUTION (RBC) EA ELUTION,273
AB HIV-2 MULTISPOT BO,153
AB IDENTIFICATION RBC EA PANEL,768
AB SALMONELLA SALMAB BO,37
AB SCREEN RBC EACH SERUM TECH,274
ABG PUNCTURE,273
ABLA DSTN FROM PRIM ABLA,"8,902"
ABLATE AVNODE CREATE CHB,"8,541"
ACETYCHOLINE RECEPT AB RIA,320
ACHE AMNIOTIC FLUID,38
ACID FAST SMEAR BO,54
ACTH PLASMA,256
ACTIVATED PROTEIN C RESISTANCE,319
ACYLCARNITINE QUANT PLASMA,204
ACYLCARNITINES QUAL EA SPEC,93
AD ABLA/AF AFTER PV ISOL,"9,793"
ADAMTS13 ASSAY,215
"ADD TOOTH FULL DENT,EA TOOTH",205
ADD TOOTH TO PARTIAL DENTURE,248
ADENOVIRUS ANTIBODY,61
ADH (VASOPRESSIN),193
ADJ COMPLETE DENTURE-MAXILLARY,163
ADL 1:1 EA15 MIN OT,179
ADMIN INFLUENZA VACCINE,130
ADMIN PNEUMOCCOCAL VACCINE,130
ADMIN VACCINE  HEP B,130
ADMIN VACCINE TOXOID EA ADD,56
ADMIN VACCINE/TOXOID INTR/ORAL,130
AFB CULTURE BODY FLUID,95
AFP AND AFP-L3,304
AFP-AMNIOTIC FLUID (NTD),199
AHG DIRECT IGG,156
AHG INDIRECT EACH AB TITER,156
ALBUMIN OTHER SOURCE EA,23
ALBUMIN SERUM/PLASMA WB,39
ALCOHOL (ETHYL) LEVEL BLOOD,175
ALCOHOL/SUBSTANCE SBI 5-30MIN,48
ALDOLASE SERUM,214
ALDOSTERONE SERUM OR URINE,429
ALKALINE PHOSPHATASE,72
ALKALINE PHOSPHATASE ISOENZYME,182
ALLERG IGE PEANUT COMP PAN BO,54
ALLERG SPE IGE RFOODX,54
ALLERGEN IMMUNOTHERAPY >=2INJ,58
ALLERGEN IMMUNOTHERAPY 1 INJ,45
ALLERGY TST/DRUG/BIO,68
ALPHA 1 ANTITRYPSIN STOOL,249
ALPHA 2 ANTIPLASMIN,64
ALPHA-1 ANTITRYPSIN PHENO,156
ALPHA-1 ANTITRYPSIN SERUM,396
ALPHA-FETOPROTEIN TUMOR,194
ALT (SGPT) ALANINE AMINO,80
ALUMINUM PLASMA,153
ALVEOPLSTY W/O EXTRCT=>4/QUAD,363
AMALGAM >=4 SURF PRIM OR PERM,358
AMALGAM 1 SURF PRIMARY OR PERM,151
AMALGAM 2 SURF PRIMARY OR PERM,271
AMALGAM 3 SURF PRIMARY OR PERM,305
AMIKACIN LEVEL TROUGH,110
AMINO ACID SCREEN 6ORMORE PLAS,178
AMMONIA SERUM OR PLASMA,81
AMNIOCENTESIS DIAGNOSTIC,"1,610"
AMNIOCENTESIS THERP W US,"1,701"
AMYLASE SERUM,127
ANAEROBIC CULTURE BO,118
ANDROSTENEDIONE SERUM,325
ANESTHESIA SET-UP/SUP GEN,"1,853"
ANESTHESIA SET-UP/SUP GENERAL,"1,853"
ANESTHESIA SET-UP/SUP LOC,738
ANESTHESIA SET-UP/SUP LOCAL,738
ANESTHESIA SET-UP/SUP MAC,"1,385"
ANESTHESIA SET-UP/SUP REG,923
ANESTHESIA SET-UP/SUP REGIONAL,923
ANG COR ART+GRAFT,"8,774"
ANG COR LHC W WO VENT,"8,931"
ANG COR RHC LHC W WO VENT,"10,384"
ANG COR RHC,"9,361"
ANG COR+GFT LHC W WO VENT,"9,805"
ANG COR+GFT RHC,"10,635"
ANG COR+GFT RHCLHC WWO VT,"12,074"
ANGIO CORONARY ARTERY,"7,492"
ANGIO EXT BIILAT S&I,"6,344"
ANGIO EXT UNILAT S&I,"5,503"
ANGIO PULMONARY BI SI,"4,479"
ANGIO RENAL SEL SISC BI,"9,058"
ANGIO RENAL SEL SISC UNI,"7,245"
ANGIOTENSIN 1-CONVENZYME (ACE),132
ANGIOTENSIN II,83
ANL NEUROSTIM CRAN PROG 1ST HR,"1,773"
ANOSCOPY DX W WO SPECIMEN,294
ANTI DNA AB DOUBLE STR,142
ANTI DNASE B TITER,220
ANTI MICROBIAL ETEST SUSCEP,58
ANTI NEUTRO CYTO AB,192
ANTI NUCLEAR ANTIBODY,51
ANTI SMOOTH MUSCLE AB IFA,213
ANTI THYROID ANTIBODIES BO,298
ANTI THYROID PEROXIDASE AB,140
ANTIGEN VIII VW FACT ANTIGEN,621
ANTISTREPTOLYSIN O TITER,191
AOR ABD+BIL ILIOFEMORAL,"4,380"
APP CAST SHORT ARM RT,629
APP CAST SHORT LEG RT,434
APP CAST SHORT LEG WALKER RT,430
APTT PLASMA OR WHOLE BLD,63
ARRAY CGH MICROARRAY DELETION,"2,018"
ARTERIAL LINE INSERTION,812
ARTHROGRAM ANKLE LT+,"1,067"
ARTHROGRAM ELBOW LT+,"1,088"
ARTHROGRAM HIP RT+,"1,125"
ARTHROGRAM SHOULDER LT+,824
ASP HYD TUN VAG W WO INJ,"1,800"
ASPERGILLUS AG BAL,224
ASPERGILUS PRECIP BO,49
AST (SGOT) TRANS ASP AMINO,59
AT3 ACTIVITY/AG REFLEX,173
AT3 ANTIGEN ASSAY,194
ATHER TIBPER EA AD SISC,"4,746"
ATHER WWO PTCA EAAD MC,"11,043"
ATHER WWO PTCA MC,"13,343"
ATHEREC TIBPER INIT SIS,"17,042"
ATHERECT FEMPOP ART SIS,"14,575"
ATHERECT ILIAC ART SISC,"21,606"
ATHERECT VISCERL ART SISC,"11,374"
ATHR  DE STN/PTCA S MC/B,"33,065"
ATHR DE STN/PTCA EAD MCB,"24,799"
ATHR W STN/PTCA EAD MC/B,"11,288"
ATHR W STN/PTCA SGL MC/B,"15,787"
AUD PURE TONE THRES,195
B CELLS TOTAL COUNT,180
BABESIA IGG AND IGM AB,163
BACTERIAL VAGINOSIS PANEL,126
BASIC METABOLIC PANEL W/TOT CA,105
BCID PANEL BLOOD CULT PCR BO,356
BCKDHB GENE COM VAR BRL BO,235
BCR GENE STUDY MAJOR,"1,273"
BCR GENE STUDY MINOR,"1,261"
BETA 2 GLYCOPROTEIN 1 AB SCR,111
BETA 2 MICROGLOBULIN SERUM,115
BILE ACIDS CHOLYGLYCINE,253
BILE ACIDS FRACTIONATED,493
BILIRUBIN DIRECT BILITD BO,69
BILIRUBIN TOTAL,79
BILL HEAVY METAL CADMIUM,173
BIOPSY OF ORAL SOFT TISSUE,400
BIOPSY PENIS,"2,016"
BIPAP/CPAP SUBSEQUENT DAY,413
BLAD INSTIL ANTICA AGENT,"3,900"
BLADDER IRRIGATION,316
BLASTOMYCES ANTIBODY,68
BLD TYP AG SCRN REAG SRM PER U,444
BLD TYP RBC AG NOT ABO RH EA,444
BLD TYP RH PHENOTYP COMPLETE,70
BLM GENE BRL BO,189
BLOOD BANK-TRANS-REACT,623
BLOOD GAS ARTERIAL,217
BLOOD GAS O2 CONTENT PANEL MIX,166
BLOOD LINE DRAW VENOUS,394
BLOOD TYPING ABO,177
BLOOD TYPING RH (D),217
BONE MARROW SMR INTERP,"1,753"
BORDETELLA PERTUSSIS IGG,117
BRACHY PLAN C,"6,050"
BRACHY PLAN I,"3,751"
BRAF GENE V600 VAR BRL BO,725
BRUCELLA AB FEBRILE BO,50
BUN (UREA NITROGEN),32
BUNDLE OF HIS RECORDING,"8,020"
BX CERVIX/EXC LSN W WO FULGUR,"1,101"
BX SKN SQ/MUC MEM ADD LSN,211
BX SKN SQ/MUC MEM SINGLE LSN,486
BX VULVA/PERINEUM 1 LSN,807
BX VULVA/PERINEUM EA ADD LSN,376
C DIFFICILE GDH TOXIN A B EIA,75
C PEPTIDE,144
C3 NEPHT FT SERUM,163
C4 COMPLEMENT,127
CA 125,233
CA 19-9,204
CA 27-29,314
CA ADDL CELL CNTD EACH ST,371
CA ADDL KARYOTYPES EACH ST,465
CA AF CVS SNT 15CELL 1K BND,"1,273"
CA SCREEN PELVIC/ BREAST EXAM,177
CAFFEINE LEVEL,103
CALCITONIN BLOOD,185
CALCIUM 24 HOUR URINE,68
CALCIUM IONIZED WB,96
CALCULUS (STONE) QUANT,110
CALPROTECTIN FECAL,264
CALR GENE COM VAR EX9 BRL BO,280
CANDIDA AMP PROB VAGPLUS BO,120
CARBAMAZEPINE(TEGRET)LVL TOT,108
CARBON DIOXIDE (C02) BICARB,33
CARBOXYHEMOGLOBIN QUANTITATIVE,66
CARDIOLIPIN AB SCREEN/REFLEX,270
CARDIOMEMS W RT HRT CATH,"9,808"
CARDIOVERSION,"4,333"
CARNITINE QUANT,61
CAROTENE SERUM,72
CAROTID DUPLEX COMPLETE BILAT,"2,963"
CAROTID DUPLEX UNI/LIMITED LT,992
CASE MGMT PSY 45M,744
CAT SCRATCH BARTONELLA BO,105
CATECHOLAMINES URINE FRACT,217
CBC COMPLETE BLD COUNT,120
CBC W/O PLATELET,21
CD3,550
CD45,631
CDU OBSERVATION PER HR,575
CDU SUT DIGIT NERVE ADDL,"2,265"
CEA SERUM,177
CELIAC HLA DQ ASSOCIATION,313
CELL COUNT CSF W DIFF,108
CELL FUNC ASSAY CUINDEX BO3,405
CELL HARVEST PER COLLECT ALLO,"4,752"
CELL HARVEST PER COLLECT AUTO,"4,752"
CERULOPLASMIN SERUM,78
CERVIX CAUTERY ELECTRO/THERMAL,"5,000"
CFTR GENE DUP DEL VAR BRL BO,436
CFVANTAGE CYSTC FIBR EXPND SCR,"1,513"
CH50 COMPLEMENT,152
CHA CYSTOSTOMY TUBE SMPL,395
CHEM ADM SQ IM NONHRMNAL,"1,066"
CHEM CAUTER GRANU TISSUE,868
CHEMO ADM SQ IM HORMONAL,877
CHEMO ADMIN IVP EA ADD DRUG,"1,142"
CHEMO ADMIN IVP SNG/INIT DRUG,"1,665"
CHEMO IV INFUSION  EA ADD HR,"1,382"
CHEMO IV INFUSION INIT TO 1HR,"2,509"
CHEMODENRV TRUNK 6+ MUSC,"1,135"
CHEST PT/ PD INITIAL,203
CHEST PT/ PD SUBSEQUENT,127
CHLAM PN AMP PROBE RVPRAP BO3,368
CHLAMYDIA ANTIBODIES BO,55
CHLAMYDIA ANTIBODIES IGM BO,74
CHLM TRAC DNA PROB BO,172
CHLORIDE BLOOD,43
CHLORIDE STOOL,38
CHLORIDE URINE RANDOM,32
CHNG NEPH URET STN RT,"5,865"
CHOLESTEROL FLUID,75
CHOLESTEROL SERUM,71
CHOLINESTERASE PLASMA,56
CHORIONIC VILLUS SAMPLING,"1,610"
CHRO ANAL AF CNT6-12COL 1KRY,740
CHROM ANALYSIS 20-25 CELLS,"1,843"
CHROM IN SITU ANAL 10-30 CELL,465
CHROMIUM LEVEL,179
CHROMOGRANIN A,275
CIE HAEMOPHILUS INFLUENZA,106
CK ISOENZYMES,53
CK MB FRACTION,79
CK TOTAL,84
CLD5 INSERTION,"2,577"
CLINICAL EVAL SWALLOWING FUNC,228
CLOSTRIDIUM DIFFICILE BY PCR,277
CLOZAPINE LEVEL,148
CMG SIMPLE,485
CMG W UPPS VOIDING PRESSURE,"1,586"
CMG W VOIDING PRESSURE,"1,562"
CMV AMP PROBE TECH,228
CMV BY PCR QUANT,664
COCCIDIOIDES ANTIBODY,50
COLD AGGLUTININ TITER,32
COLLECT CAP BLOOD FIN HEEL EAR,266
COLPO CERVIX U/A VAG,779
COLPO CERVIX U/A VAG  LOOP BX,"5,000"
COLPO CERVIX U/A VAG  LOOP CON,"5,000"
COLPO CERVIX U/A VAG BX CERV,954
COLPO CERVIX U/A VAG BX CUR,"1,155"
COLPO CERVIX U/A VAG CER CUR,882
COLPO VAGINA&CERVIX,560
COLPO VAGINA&CERVIX W BX,990
COLPO VULVA,474
COLPO VULVA W BX,668
COMP EPS  W RA  PCE/RCD,"6,933"
COMP EPS EVL W ARR INDUCT,"15,192"
COMP EPS EVL W LT VNT REC,"5,562"
COMP EPS LA RCD  WWO PC,"5,178"
COMP PREVENT E/M EST >=65YR,588
COMP PREVENT E/M NEW >=65YR,591
COMPAT TEST EA U ANTIGLOBULIN,176
COMPAT TEST EA U ELECTRONIC,170
COMPAT TEST EA U IMMED SPIN,174
COMPLEX UROFLOUMETRY,287
"COMPOSITE, 1 SURFACE,ANTERIOR",244
"COMPOSITE, 2 SURFACES,ANTERIOR",315
"COMPOSITE, 3 SURFACE,POSTERIOR",423
"COMPOSITE, 3 SURFACES,ANTERIOR",368
"COMPOSITE,1 SURFACE,POSTERIOR",263
"COMPOSITE,2 SURFACE,POSTERIOR",315
"COMPOSITE>= 4SURFACES,ANTERIOR",414
"COMPOSITE>=4SURFACE,POSTERIOR",477
COMPREHENSIVE METABOLIC PANEL,254
COMPREHENSIVE ORAL EXAM,"1,242"
CONCENTRATION INFECT AGENT BO,40
CONSUL REP ON REFER SLIDES,538
CONSULT REP PREP OF SLIDES,396
CONT RAD  PHYS  WEEKLY,"1,431"
COPPER LEVEL,96
CORDOCENTESIS INTRAURTERINE,"1,066"
"CORE BUILDUP,INCLUDING PINS",375
CORTICOSTER BIND GLOB,101
CORTICOSTERONE SERUM,201
CORTISOL AM TOTAL SERUM,146
CORTISOL FREE SERUM,179
COXSACKIE A ANTIBODY BO,146
C-REACTIVE PROTEIN,76
CREATININE CLEARANCE,88
CREATININE RANDOM URINE,61
CROWN - PORC FUSED TO NOBLE,338
"CROWN,PORCELAIN FUSED TO NOBLE",400
"CROWN,PORCELAIN FUSED-HI NOBLE",467
"CROWN,PORCELAIN/CERAMIC SUBSTR",333
"CROWN,PORCELAN-HI NOBLE METAL",325
CRP HIGH SENS CARDIAC,230
CRYOFIBRINOGEN,29
CRYOGLOBULIN,107
CRYOPRES FREEZE STOR EACH,"1,595"
CRYPTOCOCCUS ANTIBODY,101
CRYPTOCOCUS AGGL SCRN AB CSF,71
CRYPTOSPORIDIUM ANTIGEN,25
CRYSTAL ID SYNOVIAL FLUID,51
CSF PCR PANEL,"1,432"
CT ABDOMEN AND PELVIS,"4,256"
CT ABDOMEN AND PELVIS OC IC,"5,848"
CT ABDOMEN AND PELVIS WAW IC,"6,712"
CT ABDOMEN ONLY,"1,145"
CT ABDOMEN ONLY OC IC,"1,433"
CT ABDOMEN ONLY WAW IC,"2,874"
CT ANGIO ABD AOR W RUN(W)AW IC,"1,346"
CT ANGIO ABD PELV (W)AW IC,"6,420"
CT ANGIO ABDOMEN ONLY (W)AW IC,"5,375"
CT ANGIO BRAIN (W)AW IC,"5,543"
CT ANGIO CHEST (W)AW IC,"5,515"
CT ANGIO LWR EXT (W)AW IC LT,"3,714"
CT ANGIO NECK (W)AW IC,"6,555"
CT ANGIO PELVIS ONLY (W)AW IC,"1,564"
CT ANGIO UPR EXT (W)AW IC RT,"1,418"
CT BRAIN,"2,037"
CT BRAIN IC,"2,662"
CT BRAIN WAW IC,"3,227"
CT CERVICAL SPINE,"1,509"
CT CERVICAL SPINE IC,"1,761"
CT CERVICAL SPINE WAW IC,"2,184"
CT CHEST,"1,687"
CT CHEST IC,"2,820"
CT CHEST WAW IC,"3,490"
CT COLONOGRAPHY DIAGNOSTIC,"1,476"
CT COLONOGRAPHY SCREENING,958
CT CREATININE BLOOD,116
CT HEART CALCIUM SCORE,291
CT HEART WITH CORONARIES,"3,930"
CT HEART WITHOUT CORONAR,"1,339"
CT IAC,"3,313"
CT IAC  WAW IC,"4,176"
CT IAC IC,"3,781"
CT KNEE ONLY LT,"1,401"
CT LDCT LUNG CA SCRN BASELINE,534
CT LUMBAR SPINE,"1,084"
CT LUMBAR SPINE IC,"1,462"
CT LUMBAR SPINE WAW IC,"1,736"
CT LWR EXT IC LT,"1,811"
CT LWR EXT WAW IC RT,"1,933"
CT MAXILLOFACIAL  IC,"4,451"
CT MAXILLOFACIAL WAW IC,"5,494"
CT NECK SOFT TISSUE,"3,506"
CT NECK SOFT TISSUE IC,"4,403"
CT NECK SOFT TISSUE WAW IC,"5,438"
CT PELVIS BONY ONLY,"1,305"
CT PELVIS ONLY IC,"2,136"
CT PELVIS ONLY WAW IC,"2,540"
CT PERFUSION W MAPS IC,853
CT SHOULDER ONLY RT,890
CT SINUSES,"3,959"
CT THORACIC  SPINE WAW IC,"2,456"
CT THORACIC SPINE,"1,316"
CT THORACIC SPINE IC,"1,804"
CT UPR EXT WAW IC RT,"1,550"
CUD5 INSERTION,"2,577"
CULTURE BLOOD,88
CULTURE BODY FLUID AER GRAM,96
CULTURE CHLAMYDIA,171
CULTURE FECES (STOOL),81
CULTURE MYCOPLASMA UREA PLASMA,154
CULTURE NOCARDIA,75
CULTURE THROAT SCREEN,188
CULTURE URINE COL COUNT,100
CYANIDE BLOOD,83
CYCLIC CITRULLINATED PEP AB,144
CYCLOSPORINE LEVEL,304
CYST FULG/RES SM TUM 0.5-2.0CM,"7,606"
CYST W  DIL  LOCAL ANEST,"3,756"
CYST W/FULG/OR RES SM TUM,"8,288"
CYSTATIN-C WITH EGFR,141
CYSTINE URINE QUANT SGL,128
CYSTO CHEMODEN BLADDER,"3,671"
CYSTO W DILURETHRA STRIC,"4,287"
CYSTO W IRRIG EVAC CLOTS,"3,100"
CYSTO W REMOVAL FB COMPL,"5,474"
CYSTO W REMVAL FB SIMPLE,"4,557"
CYSTOGRAM MIN 3 VIEWS+,684
CYSTOMETROGRAM COMPLEX,"1,083"
CYSTOURETH W/ FULGURATION,"9,188"
CYSTOURETHROSCOPY,"1,445"
CYSTOURETHROSCOPY W/ BX(S),"5,396"
CYTO CONCENTRATION TECH,235
CYTO FLUIDS WASH BRUSH,199
CYTO LIQUID BASED NON GYN,392
CYTOMEGALOVIRUS (CMV) IGG AB,102
CYTOMEGALOVIRUS (CMV) IGM,51
CYTO-PAP OTHER SOURCE W PREP,181
CYTOSCRN AUTO MAN RESCREEN,155
D&C DX/THERAPEUTIC NON OB,"6,951"
D-DIMER QUANTITATIVE,122
DE STN WWO PTCA EAD MC/B,"24,799"
DE STN WWO PTCA SGL MC/B,"33,065"
DEB NAILS >=6,232
DEB SQ TISSUE <= 20 SQ CM,"1,771"
DEBRID EPIDERM/DERM 20CM ORLES,818
DEBRID EPIDERM/DERM E AD 20CM,234
DEBRID NONSELECTIV PER SESSION,371
DECALCIFICATION,84
DENT RELIN COMP UPER LAB,250
DENT RELIN UP PART OFICE,522
DES LES PEN SMPL SUR EXC,"4,519"
DEST BENIGN <=14 LSN,298
DEST MAL TAL LSN .6-1CM,300
DEST N FACET C/T W FL EA JT LT,"1,127"
DEST N FACET C/T W FL S JT LT,"3,823"
DEST N FACET L/S W FL EA JT LT,983
DEST N FACET L/S W FL S JT LT,"3,770"
DEST NEUROL  INTERCOSTAL NRVE,"1,545"
DEST NEUROL OTH PERIPH NRVE,"3,128"
DEST PREMAL 1 LSN,261
DEST PREMAL 2-14 LSN,130
DEV COG SKILLS 1TO1 PER 15 MIN,252
DHEA,406
DHEA SULFATE,141
DIABETES TRAIN GROUP 30 MINS,81
DIABETES TRAIN IND 30 MINS,292
DIGOXIN LEVEL TOTAL,84
DIL URE STR W SND M INIT,412
DIL URE STRI W SND M SUB,175
DILANTIN (PHENYTOIN)TOT LVL,89
DILANTIN FREE (PHENYTOIN) LVL,75
DIPHTHERIA ANTIBODY,73
DNA ANTIBODY SINGLE STRANDED,123
DOP ECHO F/U LTD W/ SPEC ,"1,466"
DOP ECHO FET CARD CMPL,618
DOP ECHO FET CARD CMPL FU,401
DOP FETAL MID CERBRL ART,"1,133"
DOP FETAL UMBL ARTERY,366
DOPPL ECHO COLOR FLOW MAP,"1,476"
DOPPLER ECHO COMP W SPECT,"1,608"
DPYD GENE BO,56
DUPLEX EXT VEINS LOWER RT,"1,741"
DUPLEX HEMODIALYSIS ACCESS LT,877
DUPLEX LOW ARTERIES COMP BILAT,"1,938"
DUPLEX PENIL VESSEL COMP,835
DUPLEX SCAN EXT VEINS LOWER BI,"2,504"
DUPLEX UP ARTERIES COMP BILAT,"2,116"
DUPLEX UP EXT UNI LTD RT,"1,362"
E HISTOLYTICA AG EIA STOOL,111
E&M LEVEL 1 INIT RESP ASSESMNT,305
E/M 1 CONSULT 15 MIN,450
E/M 1 NEW/EST PATIENT,400
E/M 2 CONSULT 30 MIN,650
E/M 2 NEW/EST PATIENT,600
E/M 3 CONSULT 40 MIN,850
E/M 3 NEW/EST PATIENT,800
E/M 4 NEW PATIENT,"1,000"
E/M 5 CONSULT 80 MIN,"1,250"
E/M 5 NEW/EST PATIENT,"1,200"
EBV ANTIBODY PANEL BO,210
ECH TTE WO CON CMP WO DOP,"1,481"
ECHO TRANSESOPH W/O CON,"4,594"
ECHO TTE W/C COMP W/DOPP,"3,740"
ECHO TTE W/CON  F/U;LTD,"3,503"
ECHO TTE WO CON COMP WDO,"3,697"
ECMO INITIATION VA,"2,717"
ECMO INITIATION VV,"2,447"
ECMO MANAGEMENT PER DAY VA,"1,855"
ECMO MANAGEMENT PER DAY VV,"1,893"
EEG AWAKE AND ASLEEP,"3,427"
EEG CONTIN W/VIDEO EA 24 HRS,"11,240"
EEG EXTENDED >60 MIN,"3,376"
EEG EXTENDED 41-60 MIN,"2,857"
EEG-DIGITAL ANALYSIS,"1,561"
EGFR GENE COM VAR BRL BO,761
EKG HOLTR UP TO 48 HR REC,699
EKG ROUTINE,496
ELASTASE STOOL,224
ELECT BRACHY OTHER,"3,830"
ELECTROCONVULSIVE THERAPY,"2,013"
ELECTROLYTE PANEL,156
ELECTRON MICRO DX TC IN PC IN,"4,885"
"EMG ANAL/URETHRAL, NOT NEEDLE",582
EMG ANAL/URETHRL SPH ANY TECHN,441
END TIDAL C02,401
ENDO INJ IMPL URETHRA/BLAD,"8,201"
ENDOCERVICAL CURETTAGE,"1,379"
ENDOMETRIAL  BX WO CERV DILAT,383
ENGRAFT/CHIMER CD3/CD33 ENRICH,"1,280"
ENGRAFT/CHIMER POST TRANSPLANT,923
ENGRAFT/CHIMER PRE TRANSPLANT,702
ENTEROVIRUS PCR,451
EP EVAL TV PACING AICD,"9,213"
EPS EVL AICD LDS PULS GEN,"7,130"
EPS/AF ABLA PV ISOL,"42,894"
EPS/SVT ABLA AV PATHWY,"33,603"
EPS/VT ABLA 3D M/LV P/R,"43,632"
EPSTEIN-BARR VIR EBNA AB BO,254
EPSTEIN-BARR VIRUS EA AB BO,166
ER ABSCESS ID COMP OR MULT,"2,110"
ER ADJ TIS TRAN ENEL <=10SQCM,"4,126"
ER ADJ TIS TRAN FCMNHF 10.1-30,"5,560"
ER ADJ TIS TRAN FCMNHF<=10SQCM,"3,445"
ER ADJ TIS TRAN SAL <=10SQCM,"4,519"
ER ADJ TIS TRAN SAL 10.1-30SQ,"5,724"
ER ADJ TIS TRAN TRK <=10SQCM,"6,032"
ER ADJ TIS TRAN30.1-60SQ,"6,783"
ER ADJ TIS TRANS ADD30SQ,"5,737"
ER ADMIN VAC TOXOID,130
ER AMPUTAT FINGR DIR CLOS,"5,996"
ER APPL FINGR SPLNT STC,315
ER APPL LONG ARM SPLINT,561
ER APPL LONGLEG SPLINT,647
ER APPL SHORTLEG SPLINT,523
ER APPL SHRTARM SPLNT ST,626
ER ASP INJ MAJ JNT WO US,"1,716"
ER ASP INJ MED JNT WO US,895
ER AVULSN NAIL PLAT SNG,649
ER BURN INIT TX 1STDEGR,341
ER CANTHOTOMY,"4,910"
ER CHNG GASTROSTMY TUBE #,"1,106"
ER CLOS TX CALCNL FX WO M,743
ER CLOS TX D PHALAN FX W M,"1,950"
ER CLOS TX D PHALAN FX WO M,644
ER CLOS TX HIP DSLC TR WO A,846
ER CLOS TX HIP DSLC TRA AN,"3,893"
ER CLOS TX IP JNT DSLC W AN,"3,046"
ER CLOS TX IP JNT DSLC WO A,"1,839"
ER CLOS TX MCP DSLC WO ANE,933
ER CLOS TX MCP FX W M,919
ER CLOS TX MCP FX WO M,867
ER CLOS TX MTP JNT DSLC,267
ER CLOS TX PHAL SHFT FX W M,975
ER CLOS TX PHAL SHFT FXWO M,505
ER CLOSTX ANKL DSLC WO A,"1,140"
ER CLOSTX BIMLR FX W MAN,"2,938"
ER CLOSTX BIMLR FX WO MAN,942
ER CLOSTX CLAVICLE FX WOM,"1,099"
ER CLOSTX COLLESMITH FXWM,"4,284"
ER CLOSTX COLLESMITHFXWOM,"2,081"
ER CLOSTX D RADIULNR DSLC,881
ER CLOSTX DSTL FIB FX W M,"1,210"
ER CLOSTX DSTL FIB FXWO M,899
ER CLOSTX ELBOW DSLC W A,"3,360"
ER CLOSTX FX DST TIB W M,"1,650"
ER CLOSTX FX GT TOE W MN,947
ER CLOSTX FX GT TOE WO MN,794
ER CLOSTX FX KNEE,"1,403"
ER CLOSTX FX PHALNX MANIP,737
ER CLOSTX FX PHALNX WO M,620
ER CLOSTX HIP ARTH DSLC,"1,258"
ER CLOSTX HIP ARTH DSLC A,"5,463"
ER CLOSTX HUMER SCTCFXWOM,549
ER CLOSTX HUMER SHFT FXWM,"3,058"
ER CLOSTX HUMER SHFTFXWOM,774
ER CLOSTX HUMERL SCTCFX M,"3,945"
ER CLOSTX IP JNT DISLC,574
ER CLOSTX KNEE DSLC WOA,"4,578"
ER CLOSTX METATRS FX WO M,"1,127"
ER CLOSTX MONTEGGIA FX WM,"2,938"
ER CLOSTX NASAL FX WOM,716
ER CLOSTX NASAL FX WSTABL,"4,171"
ER CLOSTX NASAL FXWOSTBL,"4,678"
ER CLOSTX NASAL SEPTL FX,"5,753"
ER CLOSTX P MALLE FX W M,"2,938"
ER CLOSTX P MALLE FXWO M,888
ER CLOSTX PATELA DSLC WOA,"1,058"
ER CLOSTX PROX FIB FX W M,"2,938"
ER CLOSTX PROXHUMER FX WM,"4,748"
ER CLOSTX PROXHUMER FXWOM,"2,061"
ER CLOSTX PRX FIB FXWO M,871
ER CLOSTX RADIAL SHFFX WM,"1,618"
ER CLOSTX RADIAL SHFFXWOM,788
ER CLOSTX RADIAL ULN FX M,"2,938"
ER CLOSTX RADIALHD SBLXWM,650
ER CLOSTX SCAPULAR FX WM,"2,938"
ER CLOSTX SHLD DSL FXTUBR,"2,047"
ER CLOSTX SHLD DSLC WANES,"3,794"
ER CLOSTX SHLDR DSLC WOAN,"3,129"
ER CLOSTX TIB SHFT FX W M,"2,938"
ER CLOSTX TIB SHFT FXWO M,"1,052"
ER CLOSTX TIBIA FX PWO M,880
ER CLOSTX TMJ DSL INI SUB,424
ER CLOSTX TRIMLR FX W M,"3,448"
ER CLOSTX ULNA FX PROX WM,"1,618"
ER CLOSTX ULNA FX PROXWOM,761
ER CLOSTX ULNA SHFT FX WM,"1,425"
ER CLOSTXMED MALLE FX W M,"3,429"
ER CLOSTXMED MALLE FXWO M,"1,663"
ER CLOSTXRADIALHEADFX WOM,"1,418"
ER CONTRL NASALHEMRG A C,768
ER CONTRL NASALHEMRG A S,539
ER CONTRL NASALHEMRG P I,456
ER CPR,"1,248"
ER CRITICALCARE ADDL 30M,680
ER CRITICALCARE1ST30-74M,"2,637"
ER DEB SKN SQ MUS FA BN,"5,142"
ER DEBRID BONE 20SQCM OR LESS,"4,020"
ER DEBRID MUSFAS 20SQCM OR LES,"2,408"
ER DEBRID NAIL(S) 1-5,147
ER DEBRID OPNFX SKN ANS SQ TIS,"2,822"
ER DRAIN EXT EAR SMPL,"1,010"
ER DRESS DEBRID BURN SML,514
ER DRN DENTOALVEOLAR,814
ER DRN FINGR ABSC COMP,"2,489"
ER DRN FINGR ABSC SMPL,"1,112"
ER DRN SCROTAL WALL ABS,"1,585"
ER ENDOTRACHEAL INTUBATN,903
ER EVAC SUBUNG HEMATOMA,242
ER EXC BN LS TAL.6-1.0CM,877
ER EXC BNLS TAL1.1-2.0CM,968
ER EXC MULTI TAGS ANUS,"5,515"
ER EXC PILON CYST SMPLE,"5,142"
ER EXC THRMB HEMORRD EXT,"6,003"
ER EXPL WOUND EXTREM,"7,113"
ER FB REMOVE CONJUNCTIVA SUP,819
ER FB REMOVE CORNEA WO SLIT,634
ER FB REMOVE CORNEA WSLIT L,970
ER FULGRAFTFCCMNAGHF=<20,"3,347"
ER GASTRIC INTUB ASP MD,341
ER ID ABCES SMPL SNGL,"1,081"
ER ID ABSC PERIANL SPR,"2,740"
ER ID ABSCS PERITONSIL,"1,001"
ER ID BARTHOLIN GLAND ABSCE,371
ER ID HEMATOMA SEROMA,"8,476"
ER ID PERIRECTAL ABSC,"3,039"
ER ID THRMB HEMRRD EXT,786
ER ID VULVA PERINEAL ABSCES,766
ER INCIS RMV FB SQ COMP,"7,300"
ER INCISN RMV FB SQ SMPL,"2,993"
ER INJ ANES CERV PLEXUS,"2,200"
ER INJ ANES FEMORAL NRV,"1,795"
ER INJ ANES INTRCSTL NRV SNGL,"1,833"
ER INJ ANES PERIPH NERV,"1,228"
ER INJ ANES TRIGMNL NRV,"1,936"
ER INJ SQ IM,398
ER INJ(S) TENDON OR INS,739
ER INS NONTUN CVC MIN5Y #,"1,861"
ER INTRO NDL CATH VEIN,177
ER INTRORL ID SUBMAND SPC,"3,412"
ER IRRIG CORP CAVERN,527
ER IV INFUS ADDL SEQ 1HR,"1,009"
ER IV INFUS HYDR 31M-1HR,"1,290"
ER IV INFUS HYDR ADD HR,576
ER IV INFUSN CONCURRENT,387
ER IV INFUSN EA ADDL HR,664
ER IV INFUSN INIT 1HR,"1,452"
ER IVP E ADDL SAME DRUG,364
ER IVP E DIFFERENT DRUG,441
ER IVP INITIAL DRUG,666
ER LARYNGSCPY DIRCT DX,"5,198"
ER LARYNGSCPY FLX DX,"1,673"
ER LARYNGSCPY INDRCT DX,623
ER LARYNGSCPY INDRCTRMVFB,947
ER MOD SED DIF EA AD 15M,149
ER MOD SED DIFF 5YR 15M,571
ER MODSED DIFLES 5Y 15M,427
ER MON FLUID COMPARTSYND,"1,295"
ER MUSCL FASCA FLAP LO EX,"4,065"
ER NASAL ENDOSPY DX,416
ER OPEN TX DSTL PHLANG FX,"5,633"
ER OPENTX NASAL FX UNCOMP,"3,416"
ER OPENTX NASAL SEPTL FX,"5,633"
ER OPENTX NASALFXSEPTL FX,"5,221"
ER PARACENTESIS WO IMG,"2,716"
ER PILONIDAL CYST ID COMP,"1,321"
ER PILONIDAL CYST ID SIMPLE,949
ER PLC NDL INTRAOS INFS,505
ER PLEURA DRAIN INS CATH #,"2,998"
ER PREP RECIP FNOGHFD 1ST100SQ,"3,943"
ER REMOVE FB EAC WO ANES,431
ER REMV EMBED FB EYELID,"3,001"
ER REMV FECAL IMPACT FB,"3,039"
ER REPAIR NAIL BED,720
ER RHINOPLSTY PRIM TIP,"8,373"
ER RMV CERUMEN W INSTRMT,343
ER RMV FB FOOT SUBQ,"1,295"
ER RMV FB INTRANASAL,149
ER RMV FB PHARYNX,387
ER RMV IMPCT CERUMN IRIG,246
ER RPR BLOOD VESL LW EXT,"7,907"
ER RPR CMPX 1.1-2.5 CM,"1,733"
ER RPR CMPX 2.6-7.5 CM,"3,869"
ER RPR CMPX ADD 5CM,605
ER RPR CMPX ENEL ADD 5CM,"1,621"
ER RPR CMPX ENEL1.1-2.5CM,"4,948"
ER RPR CMPX ENEL2.6-7.5CM,"5,905"
ER RPR CMPX SAL ADD 5CM,721
ER RPR CMPX SAL1.1-2.5CM,"1,140"
ER RPR CMPX SAL2.6-7.5CM,"1,765"
ER RPR COL LIG MCP IP JNT,"8,376"
ER RPR EX TENDON FNGR WOG,"3,424"
ER RPR EX TENDON HAND WOG,"5,571"
ER RPR FLX TEN NOZON2 WOG,"8,135"
ER RPR INT FEENL7.6-12.5,"2,378"
ER RPR INT FEENLM <=2.5,"1,833"
ER RPR INT FEENLM 2.6-5,"2,186"
ER RPR INT FEENLM12.6-20,"3,262"
ER RPR INT FEENLM5.1-7.5,"2,330"
ER RPR INT NHFG <=2.5CM,"2,225"
ER RPR INT NHFG 12.6-20,"3,978"
ER RPR INT NHFG 2.6-7.5,"2,968"
ER RPR INT NHFG 7.6-12.5,"3,173"
ER RPR INT SATE <=2.5CM,"1,404"
ER RPR INT SATE 12.6-20,"2,200"
ER RPR INT SATE 2.6-7.5,"1,789"
ER RPR INT SATE 7.6-12.5,"1,904"
ER RPR LIP UPTOHALF HI,"2,079"
ER RPR LIP VERMILN ONLY,"2,012"
ER RPR SMP FEENL7.6-12.5,"1,383"
ER RPR SMP FEENLM <=2.5,980
ER RPR SMP FEENLM 2.6-5,"1,069"
ER RPR SMP FEENLM12.6-20,"1,982"
ER RPR SMP FEENLM5.1-7.5,"1,173"
ER RPR SMP SNAGT 12.6-20,"2,243"
ER RPR SMP SNAGT 7.6-12.5,"1,724"
ER RPR SMP SNAGT<=2.5CM,"1,306"
ER RPR SMP SNAGTE2.6-7.5,"1,456"
ER RPR SMP SNAGTE20.1-30,"2,763"
ER RPR TENDON EXTNSR FOOT,"6,668"
ER RPR TENMUS EX F ARM PR,"5,633"
ER RPR TONGUE A UP 2.56C,443
ER RPR TONGUE OVR 2.6CM,"2,665"
ER RPR VESTIBUL UPTO2.5C,523
ER SECONDRY CLOSUR WOUND,"7,806"
ER SIGMOIDOSCOPY DX,"1,616"
ER STRAIGHT CATH BLADR,376
ER STRAPPING ANKLE FOOT,535
ER TEMP BLADR CATH SMPL,702
ER TEMP TRANSCUT PACING,"1,165"
ER THORACENTESIS WO IMG,"2,105"
ER THROMBLYS CEREBRL IV,863
ER THROMBOLYS CORNRY IV,618
ER TRACH TUBE CHANGE #,475
ER TRACHEOBRONCHOSCOPY,"2,202"
ER TRAUMA LEV1 ACTV FULL,"6,816"
ER TTE LIMITED,"1,137"
ER TX CLOS ELBOWDSLC WOAN,"1,813"
ER TX DEHISCENCE SMPCLS,974
ER VENIPUNC MIN 3Y MD,54
ER VISIT E/M 1,"1,491"
ER VISIT E/M 2,"1,663"
ER VISIT E/M 3,"1,919"
ER VISIT E/M 4,"2,098"
ER VISIT E/M 5,"2,345"
ER WEDG EXC SKIN NAIL F,668
ERAMI MYOGLOBIN BO,131
ERYTHROPOIETIN LEVEL,217
ESTRADIOL,241
ESTRIOL BETA QUAD BO,106
ESTROGENS TOTAL,291
ESTRONE LEVEL,268
ETHYLENE GLYCOL LEVEL,64
EUGLOBULIN LYSIS,125
EV SPC SD PRD W EV LNG COM EXP,607
EVAL SPEECH SOUND PROD,360
EVAL USE/FIT VOICE PROSTHETIC,637
EVEROLIMUS WHOLE BLOOD,147
EX B L SNHFG 0.6-1.0 CM,"2,746"
EXC BN LSN NST SNHFG<=.5CM,"2,033"
EXC BN LSN NST SNHFG1.1-2CM,"3,380"
EXC NAIL & MATRIX,714
EXM RETR PATH FOR MOL ANAL,88
EXT CEPH VER W W/O TOCOLYSIS,"5,000"
EXTRACTABLE NUC AG EA AB BO D,128
EXTRACTION TOOTH/EXPOSE ROOT,"1,242"
EXTRACTION-SURGICAL,"1,242"
FACTOR II ASSAY,147
FACTOR INHIBITOR ASSAY BU,163
FACTOR IX ASSAY,219
FACTOR V (NOT MUTATION),241
FACTOR VII ASSAY,212
FACTOR VIII ASSAY,471
FACTOR X ASSAY,195
FACTOR XI ASSAY,433
FACTOR XII ASSAY,261
FACTOR XIII ACTIVITY,228
FACTOR XIII SCREEN,123
FANCC GENE COM VAR BO,56
FAT FECES QUAL,80
FAT FECES QUANT 24-72 HR,183
FATTY ACIDS NONESTERIFIED,142
FATTY ACIDS VERY LONG CHAIN,260
FDP FIBRIN SPLIT PROD SEMIQ,123
FECAL LEUKOCYTE QUAL,47
FECAL OCCULT BLOOD IMMUNOLOGY,55
FERRITIN SERUM,129
FETAL BPP W NONST EA FET,923
FETAL FIBRONECTIN SEMIQUANT,534
FETAL FLUID DRAINAGE INCL US,950
FETAL NON STRESS TEST,"1,490"
FIBRINOGEN ACTIVITY,100
FIBRINOGEN ANTIGEN,108
FISH GENETIC TEST 100-300,628
FIT/INSERT PESSARY/OTH SUP DEV,487
FLOW VOLUMN LOOP,463
FLT3 GENE ITD VAR BRL BO,555
FLT3 GENE TKD VAR BRL BO,208
FLU A B RSV DETECTION BY PCR,446
FLUORO-GUIDE LAP BAND ADJUST,"1,917"
FLURO EVAL SWALLOW/CINE OR VID,"1,208"
FLUSH VAD W SALINE/HEPARIN,438
FNA IMMED 1ST EVAL TECH EVAL,326
FNA INTERPRETATION REPORT,502
FOLIC ACID RBC,109
FOLIC ACID SERUM (FOLATE),150
FRAGILE X ANALYSIS,556
FRANCISELLA TULARENSIS AB,38
FREE T3 (TRIIODOTHYRONINE),212
FRETB TOT TESTOSTERONE BO,196
FROZEN SECTION 1ST BLOCK,399
FROZEN SECTION ADDL BLOCK,157
FRSKN MAN LYS ADH STRTCH,"1,083"
FRUCTOSAMINE GLYCATED PROT,84
FSH (FOLLICLE STIMU HORMONE),192
FUNGAL CULT BODY FLUID,108
FUNGAL CULTURE BLOOD,100
FUNGUS CUTANEOUS CULT,52
G6PC GENE COM VAR BRL BO,671
GABAPENTIN LEVEL,86
GAIT TRAINING 1TO1 E15M,110
GALACTOSE-1-PHOSPHATE QUANT,191
GAMMA (GGT) GLUTAMYLTRANSFERSE,74
GASTRIN,129
GBA GENE COM VAR BRL BO,200
GENTAMICIN LEVEL TROUGH,97
GI PCR PANEL STOOL,"1,258"
GI PROC RM 1ST 1/2 HOUR,"3,495"
GI PROC RM EACH ADDL 1/2 HOUR,"1,925"
GIARDIA ANTIGEN,81
GINGIVTOMY/PLASTY1-3TEETH QUAD,255
GLUCAGON,130
GLUCOSE 6-PHOSPHATE (G6PD),152
GLUCOSE BLD REAGENT STRIP,16
GLUCOSE CSF,36
GLUCOSE GEST SCREEN 1HR,38
GLUCOSE LACTOSE BEYOND 3 SPEC,31
GLUCOSE RALS,33
GLUCOSE TOLERANCE 3.0HR,115
GLUCOSE WHOLE BLOOD,38
GRAM STAIN,61
GROUP THERAPY,396
GROWTH HORMONE (HGH),152
GRP B BETA STREP DNA (PCR),120
H.PYLORI UREA BREATH TEST,365
HALDOL LEVEL,83
HAPTOGLOBIN QUANT,75
HCG (GONADOTROPIN) QUAL,189
HCG (GONADOTROPIN) QUANT,334
HCG FREE BETA CHAIN NTD BO,91
HD INPATIENT ESRD AKI,676
HDL CHOLESTEROL,102
HDR BRACHY 1 CHANNEL,"6,314"
HDR BRACHY 2-12 CHANNELS,"7,007"
HEAVY METAL BLOOD ARSENIC,146
HEAVY METAL MERC QUANT BO,133
HELICOBACTER PYLORI AB,117
HELICOBACTER PYLORI STOOL,142
HEMATOCRIT (HCT) WB,23
HEMOCHROMATOSIS,601
HEMOGLOBIN A1C (GLYCOSYL),163
HEMOGLOBIN HH,16
HEMOGLOBIN PLASMA,39
HEP B GENO AND DRUG RESISTANCE,"1,119"
HEP B VIRAL DNA PCR QUANT,360
HEPARIN ASSAY,172
HEPARIN INDUCED PLT AB,148
HEPATIC FUNCTION PANEL,68
HEPATITIS A ANTIBODY IGM,123
HEPATITIS A IGG W REFLEX HEP-M,113
HEPATITIS B CORE AB IGM,130
HEPATITIS B CORE AB TOTAL,89
HEPATITIS B SURFACE ANTIBODY,99
HEPATITIS B SURFACE ANTIGEN,94
HEPATITIS BE ANTIBODY,123
HEPATITIS BE ANTIGEN,117
HEPATITIS C ANTIBODY,131
HEPATITIS C GENOTYPING,974
HEPATITIS C RNA RT QUAL,224
HEPATITIS C RNA RT QUANT,453
HEPATITIS C VIRUS FIBROSURE,99
HEPATITIS D AB IGM,111
HEPATITIS E AB IGM,76
HEPATITIS PANEL ACUTE,290
HERPES 6 (HSV 6) PCR,518
HERPES SIMPLEX 1/2 AB BO,138
HERPES SIMPLEX IGM TORCH BO3,61
HERPES SIMPLEX TYPNG REFHTYPE,35
HERPES SIMPLX 1 AND 2 IGM SCRN,136
HEXA GENE COM VAR BRL BO,225
HEXAGONAL PHASE LUPUS ASSAY,164
HGB ELECT W INTRP AND REFLEX,93
HHV-6 CSF PCR,55
HIGH MOL WEIGHT KINOGEN SCRN,83
HIST STAIN FRZ SEC INTRP RPT,265
HISTAMINE,200
HISTOPLASMA AG URINE,130
HISTOPLASMA ANTIBODY,61
HIV 1 GENOSURE ARCHIVE,485
HIV 2 DNA RNA QUAL RT PCR,120
HIV-1 AND 2 AG-AB SCREEN CMIA,109
HIV1 GENO INTEGRAS HIVGSARCBO,933
HIV1 GENO RT PROT HIVGSARCBO,"1,058"
HIV-1 RNA BY TMA QUAL,382
HIV-1 RNA RT QUANT VIRAL LOAD,382
HLA I HR  COMPLETE HLA A-B-C,855
HLA I HR HLA-A,"1,064"
HLA I LR B27 SINGLE AG,317
HLA I LR COMPLETE TYPING (ABC),753
HLA I LR HLA-AB,425
HLA II HR HLADQ BO,814
HLA II HR HLA-DRB1,949
HLA MATCH ABC MULT AG PER UNT,493
HOME SLEEP TEST/TYPE III PORTA,705
HOME SLEEP TEST/TYPE IV PORTA,726
HOMOCYSTEINE SERUM,311
HOMOVANILIC ACID (HVA) 24HR U,191
HORMONE PELLET IMPLNT SQ,634
HPC PREP CRYO STORE ALLO,"1,484"
HPC PREP PLASMA  ALLO,720
HPC PREP RBC ALLO,720
HPC PREP THAW W/ WASH- ALLO,648
HPV GENO 1618/45 AMP NA PROBE,210
HPVHR GENO AMP NA PROBE,180
HSV 1 2 VZV PCR BO,208
HTLV I II AB SCREEN W CONFIRM,159
HYPERBAR 02 TX PER 30MIN,"1,538"
HYPERSENSITIVE PNEUMO PANEL,63
I & D INTRAORAL,181
IA OTHR THN INF MYOSITIS BO,177
IDH1 COM VAR BRL BO,440
IDH2 COM VAR BRL BO,440
IGVH MUTATION ANALYSIS,458
IKBKAP GENE COM VAR BRL BO,202
ILIAC ART ANG W/CARD CATH,"1,071"
IMMFLUO INI SGL AB T IN P IN,604
IMMSTN ADD SNGL AB T IN P IN,288
IMMSTN EA MULTIPLX T IN P IN,273
IMMSTN INIT SGL AB T IN P IN,"1,047"
IMMUNE COMPLEX PANEL,232
IMMUNOELECT WITH REFLEX,135
IMMUNOFIX ELECTRO FLUIDS,211
IMMUNOFIX ELECTROPHORESIS SER,178
IMMUNOFLUOR ADDL SGL AB,313
IMMUNOGLOB FREE LIGHT CHAINS,111
IMMUNOGLOB IG GAM EA,122
IMMUNOGLOBULIN IGE EA,135
IMMUNOGLOBULIN SUBCLASS EA,73
IMPLANT  CARD EVENT RECRD,"9,620"
IN RP IMP AICD W TV LD(S),"16,282"
INDIA INK STAIN,68
INDIV PSY TX 30M W E/M,438
INF THRM A NO COR IC SIS,"6,013"
INFLUENZA B RAPD SCREEN,78
INFLUENZA VIRUS AB,102
ING CHAL TST 1ST 120 MIN,938
INGEST CHAL TST EAAD60M,198
INJ ANES IING IHGA NRVS,"2,532"
INJ ANES LUMB/THOR,"3,085"
INJ ANES SUP HYPOGASTRIC PLEX,"3,917"
INJ ANEST PUDENDAL NERVE,"2,201"
INJ COR CAVE W PHRM AGNT,421
INJ EPI SUBA CERV THOR W IMAGE,"4,180"
INJ EPI SUBA LUMB SAC W IMAGE,"3,686"
INJ FACET FL/CT CER/TH 2ND LT,"1,332"
INJ FACET FL/CT CER/TH SGL LT,"2,636"
INJ FACET FL/CT CER/TH>=3RD LT,"1,734"
INJ FACET FL/CT LUM/SAC 2ND RT,802
INJ FACET FL/CT LUM/SAC SGL RT,"2,636"
INJ FACET FL/CT LUM/SAC>=3RDRT,"1,467"
INJ HC AORTOGRAPHY,"1,103"
INJ HC PULMONARY ANGIO,992
INJ INTRALESIONAL <=7 LSN,246
INJ PRO PEYRONIE DISEASE,584
INJ S M  TRG PT 1TO2 MUS,719
INJ S M TRG  PT 3OR> MUS,765
INJ SACROILIAC JT ART W FL LT,"2,501"
INJ URETGRM THRU TUB LT,"1,800"
INJ(S) ANES W IMG L/S EA AD LT,"1,630"
INJ(S) ANES W IMG L/S SGL RT,"3,511"
INJ(S) SGL TENDON/LIG APON,719
INJX THERP CARPAL TUNNEL,340
INS 1 LD TV PPM IMP AICD,"6,375"
INS LV LEAD W INS GEN,"9,476"
INS PICC AGE MIN 5 YRS OLD,"6,726"
INS PPM GEN W EXT D LEAD,"7,800"
INS PPM GEN W EXT M LEAD,"12,667"
INS PPM GEN W EXT S LEAD,"6,375"
INS PPM W ATRIAL LEAD,"8,650"
INS PPM W DUAL LEAD,"10,012"
INS PPM W VENT LEAD,"9,225"
INS RPL PERM IM S-ICD SYS,"16,007"
INS RPL PPM LEADLS V,"33,264"
INSECT ID MACRO EXAM,54
INSER VAD EC SNGL VENTR,"4,231"
INSERT CERVICAL DILATOR,324
INSERT IABP PERCUT,"1,009"
INSERT IUD,554
INSULIN ANTIBODIES,169
INSULIN FREE,92
INSULIN TOTAL,106
INTERIM PARTIAL DENT MAXILLARY,117
INTRA VENT/ATR TACHY,"2,206"
INTRA/POSTOP AUTOBLOOD SALVAGE,"1,998"
INTRA-ATRIAL PACING,"4,281"
INTRA-ATRIAL RECORDING,"4,310"
INTRACARDIAC ECHO,"6,643"
INTRADERMAL TESTS EXTRACTS,68
INTRAVENTRICULAR PACING,"4,281"
INTRCARD EPS 3D MAPPING,"15,391"
INTRINSIC FACTOR AB,124
INTRO NDL/INTRA EXT ART,929
INTRSTIM PROG REPROG,"1,092"
IRON SERUM,59
IRRADIATION BLOOD PRODUCT EA U,110
IRRIG VAG/APPL MEDICINE,189
ISH INIT SGL PRB TC IN PC IN,469
ISH MAN MULT BRL BO LNGALKROS,414
ISLET CELL ANTIBODY,129
IV DOP VELOCIT EA ADD VES,"1,939"
IV DOP VELOCITY-INIT VES,"2,907"
IVP W/O KUB W/O TOMO,547
IVUS INIT NONCOR VES SISC,"3,192"
JAK2 MUTATION GENE STUDY,"1,191"
JC VIRUS ANTIBODY SERUM,"1,024"
KEPPRA LEVEL,75
KETONE BODIES SERUM QUAL,59
KETONE B-OH SERUM QUANT,117
KIT GENE TARG SEQ ANAL BRL BO,331
KLEIHAUER BETKE OB RHOGAM,68
KOH CALCOFLUOR,35
KRAS GENE ADDL VAR BRL BO,365
KRAS GENE VAR EXON 2 BRL BO,580
LACTIC ACID WHOLE BLOOD,108
LACTOFERRIN FECAL QUANTITATIVE,185
LAMICTAL (LAMOTRIGINE) LEVEL,179
LDH ISOENZYMES,60
LDH TOTAL,72
LDL CHOLESTEROL,69
LDL HDL NMR W LIPIDS PLASMA,233
LEAD LEVEL,120
LEGIONELLA AB,170
LEGIONELLA AG (URINE),154
LEGIONELLA SPECIES PCR,367
LEPTOSPIRA ANTIBODY IGM,127
LEVEL 1 GROSS EXAM ONLY,144
LEVEL 2 GROSS AND MICRO,301
LEVEL 3 GROSS AND MICRO,369
LEVEL 4 GROSS AND MICRO,504
LEVEL 5 GROSS AND MICRO,954
LEVEL 6 GROSS AND MICRO,"1,401"
LH (LUTEINIZING HORMONE),164
LHC TRANSEPTAL API  PUNCT,"5,493"
LHC W WO VENT,"6,800"
LIDOCAINE LEVEL,51
LIMITED ORAL EXAM,140
LIPASE,205
LIPID PANEL,236
LIPOPROTEIN A,135
LISTERIA AB CF SERUM,158
LITHIUM LEVEL,119
LOW MOL WEIGHT HEPARIN ASSAY,163
LYME AB WESTERN BLOT CONFIRM,289
LYME DNA PCR,254
LYME VISE IGG IGM AB RFLX,173
MAG ANTIBODY WESTERN BLOT,174
MAGNESIUM,65
MAN TX JT MOB 1:1 EA 15 MIN OT,356
MANGANESE WHOLE BLOOD,165
MASSAGE THER 1:1 EA15 MIN OT,102
MCOLN1 GENE COM VAR BRL BO,237
MEASURE  URINE/BLAD CAP US,264
MED NEB,431
METANEPHRINES PLASMA,236
METHEMOGLOBIN QUANT,58
METHYLMALONIC ACID SERUM,217
MG LOCAL BRST 1STRT SISC,"2,695"
MG LOCAL BRST ADDRT SISC,644
MG MAMMO DIAG BI,"1,126"
MG MAMMO DIAG RT,930
MG MAMMO SCREEN BI,828
MG SPECIMEN RADIOGRAPH,996
MG STEREO BX 1ST RT SISC,"6,652"
MG STEREO BX ADD RT SISC,"5,499"
MG STEREO LOC 1ST RT SISC,"1,295"
MG TOMOSYNTHESIS DX BI,89
MICROALBUMIN URINE RANDOM,46
MICROSATELLITE INSTABILITY MSI,987
MITOCHOND FATTY ACIDS (C8-C18),142
MLH 1 PROMO METHYLATION,400
MOD SED SAME MD EA ADD15M,300
MOD SED SAME MD=>5 1ST15M,351
MOL CYTOGEN DNA PROBE EACH,540
MOLECULAR GEN STUD IGR KAP LT,"1,410"
MOLECULAR GEN STUDY TCR GAMMA,"1,521"
MOLECULAR GENE PROTHROMBIN,974
MOLECULAR GENE STUDY IGR HEAVY,"1,410"
MOLECULAR GENE STUDY TCR BETA,"1,636"
MOLECULAR GENETICS FACTOR V,484
MOLECULAR GENETICS MTHFR GENE,362
MONOSPOT HETEROPHILE AB,158
MOPATH PROC LEVEL 1 BRL BO,204
MOPATH PROC LEVEL 3 BRL BO,808
MOPATH PROC LEVEL 4 BRL BO,"1,098"
MOPATH PROC LEVEL 5 BRL BO,"1,198"
MOPATH PROC LEVEL 6 BRL BO,"1,297"
MORP MAN ADD SNGL EGFRFISH BO,198
MORPH ANAL ISH COMP ADDL SNGL,417
MR ABDOMEN,"2,341"
MR ABDOMEN IC,"3,779"
MR ABDOMEN WAW IC,"5,186"
MR ANGIO ABDOMEN,"1,593"
MR ANGIO ABDOMEN IC,"2,501"
MR ANGIO ABDOMEN WAW IC,"2,660"
MR ANGIO BRAIN,"4,984"
MR ANGIO BRAIN WAW IC,"7,420"
MR ANGIO CHEST NOT CARD,"3,660"
MR ANGIO CHEST NOT CARD IC,"4,476"
MR ANGIO CHEST NOT CARD WAW IC,"4,737"
MR ANGIO LWR EXT IC RT,"1,557"
MR ANGIO LWR EXT RT,"1,453"
MR ANGIO LWR EXT WAW IC LT,"5,928"
MR ANGIO NECK,"1,895"
MR ANGIO NECK IC,"2,503"
MR ANGIO NECK WAW IC,"3,344"
MR ANGIO PELVIS,"1,451"
MR ANGIO PELVIS WAW IC,"5,018"
MR ANGIO SPINAL CANAL,"1,264"
MR ANGIO SPINAL CANAL IC,"1,697"
MR ANGIO SPINAL CANAL WAW IC,"2,051"
MR ANGIO UPR EXT WAW IC RT,"1,603"
MR BRAIN,"5,165"
MR BRAIN FUNCTIONAL NO MD/PHD,"1,104"
MR BRAIN FUNCTIONAL W MD/PHD,547
MR BRAIN IC,"6,971"
MR BRAIN IC INTRACRANIAL PROC,"1,483"
MR BRAIN INTRACRANIAL PROC,"1,104"
MR BRAIN WAW IC,"7,892"
MR BREAST BI,"1,930"
MR BREAST IC BI,"3,831"
MR BREAST WAW IC BI,"4,405"
MR BREAST WAW IC RT,"2,364"
MR BX BRST 1ST LT SISC,"7,877"
MR BX BRST ADD RT SISC,"4,202"
MR CAD BREAST,538
MR CARD MORPH/FUNCTION,"2,151"
MR CARD MORPH/FUNCTION WAW IC,"8,833"
MR CARD VELOCITY FLOW MAPPING,551
MR CHEST,"3,745"
MR CHEST IC,"3,920"
MR CHEST WAW IC,"6,183"
MR FETAL SNGL OR 1ST GESTATION,"1,205"
MR FOOT IC RT,"4,481"
MR FOOT RT,"3,872"
MR FOOT WAW IC LT,"5,634"
MR HAND IC LT,"3,433"
MR HAND RT,"2,187"
MR HIP WAW IC RT,"5,277"
MR JOINT(S) TMJ,"1,285"
MR KNEE RT,"2,463"
MR LOCAL BRST 1STRT SISC,"2,266"
MR LOCAL BRST ADDLT SISC,350
MR LWR EXT JOINT IC RT,"4,371"
MR ORBIT FACE AND/OR NECK,"1,608"
MR ORBIT FACE AND/OR NECK IC,"2,486"
MR ORBIT FACE AND/ORNECK WAWIC,"2,639"
MR PELVIS BONY ONLY,"2,576"
MR PELVIS IC,"2,734"
MR PELVIS WAW IC,"3,732"
MR SHOULDER RT,"1,876"
MR SHOULDER WAW IC LT,"3,870"
MR SPECTROSCOPY,"2,386"
MR SPINE CERVICAL,"4,763"
MR SPINE CERVICAL IC,"6,642"
MR SPINE CERVICAL WAW IC,"2,289"
MR SPINE LUMBAR,"3,816"
MR SPINE LUMBAR IC,"5,202"
MR SPINE LUMBAR WAW IC,"2,729"
MR SPINE THORACIC,"4,559"
MR SPINE THORACIC IC,"5,797"
MR SPINE THORACIC WAW IC,"2,293"
MR UPR EXT JOINT IC RT,"3,175"
MR VENOGRAM BRAIN IC,"5,221"
MR VENOGRAM PELVIS IC,"3,764"
MRSA MSSA PCR,237
MRSA MSSA PCR BO,189
MSLT OR MWT MULTIPLE TRIALS,"2,747"
MTB PCR AND RIF RESISTANCE,250
MULTIFETAL PREGNANCY REDUCTION,"1,066"
MUMPS IGG ANTIBODY,126
MURAMIDASE LYSO SERUM,157
MYCOPHENOLATE LEVEL,184
MYCOPLAS AMP PROBE RVPRAP BO1,369
MYCOPLASMA IGM ANTIBODY,134
MYELIN BASIC PROTEIN CSF,319
MYELOPEROXIDASE STN (MPO),721
MYOCARDIAL BIOPSY,"6,055"
MYOCARDIAL SPECT MULTIPLE,"5,397"
MYOCARDIAL STRAIN IMAGING,"1,928"
NASAL SMEAR ESOSINOPHILS,17
NEG PRES WND TX GRT50 DME,709
NEG PRES WND TX TO 50 DME,371
NEISS GONO DNA PROB BO,177
NEPHROSTOMY TUBE CHECK,657
NEUROMUSC RE-ED 1:1 EA15 MN OT,401
NFLAM BOWL IMM NOS BO,97
NICKEL PLASMA,169
NICOTINE AND METABOLITES UR,175
NITRIC OXIDE EXHALED,205
NK CELLS TOTAL COUNT,141
NM AMYLOIDOSIS LOC LTD AREA,"1,212"
NM AMYLOIDOSIS LOC SPECT,"3,459"
NM BONE IMG 3 PHASE+,"4,475"
NM BONE IMG MULT AREA,"2,884"
NM BONE IMG WHOLE BODY+,"3,167"
NM BONE MARROW IMG LTD AREA,"1,022"
NM BONE MARROW IMG MULT AREAS,"1,310"
NM BONE MARROW IMG WHOLE BODY+,"1,472"
NM BONE SPECT,"2,693"
NM BRAIN IMG MIN 4 V W FLOW,"1,203"
NM BRAIN IMG SPECT+,"4,265"
NM CARDIAC SHUNT DETECTION,807
NM CSF FLOW CISTERNOGRAPHY+,"2,371"
NM CSF FLOW SPECT IMG,"2,756"
NM CSF LEAK,"2,756"
NM DOSIMETRY,"1,575"
NM GASTRIC EMPTY SOLID/LIQUID,"4,495"
NM GI BLEEDING IMG+,943
NM HEMANGIOMA STUDY W SPECT,"3,472"
NM HEPATOBILIARY IMG+,"2,079"
NM INFLAMMATORY LOC SPECT,"2,426"
NM INFLAMMATORY LOC WBC LTD,"2,756"
NM INFLAMMATORY LOC WBC WB,"2,805"
NM KIDNEY IMG  LASIX,"1,419"
NM KIDNEY IMG FLOW/FUNC WO RX,"2,256"
NM LIVER AND SPLEN IMG STATIC+,"1,225"
NM LIVER IMG SPECT,"2,073"
NM LYMPHOSCINTIGRAPHY+,"2,153"
NM MECKELS IMG+,"1,112"
NM MUGA RESTING STUDY+,"2,389"
NM PARATHY PLANR IMG W SPECT+,"1,689"
NM PARATHY PLANR IMG WSPECTCT+,"2,498"
NM PULM PERFUSION IMG+,"1,482"
NM PULM QUANT PERF (IMG)+,"1,503"
NM PULM VENTILATION IMG+,946
NM PULM VENTILATON/PERFUS IMG+,"2,033"
NM RAI TX  THYROID CA,"2,848"
NM SARCOID MYOCARD SPECT REST,"3,445"
NM THYROID IMG W UPTAKE(S),"2,379"
NM THYROID METS IMG WB,"2,225"
NM THYROID METS UPTAKE ADD ON,"1,519"
NM TUMOR LOC WB MIN 2 DAYS IMG,"10,936"
NM TUMOR LOC WB SNGL DAY IMG,"3,445"
NON OPTHALMIC FVA,"1,415"
NPHRSTGRM NEW AC LT SISC,"2,531"
NPM1 GENE EXON 12 VAR BRL BO,451
NRAS GENE VAR EXON 2 3 BRL BO,548
NSC TA UNI/BIL  A/SI,"11,375"
N-TELOPEPTIDES W CREATININE,164
NUCLEOTIDASE 5,90
NUTRITION THERA INITIL IND 15M,119
NUTRITION THERA REASS IND 15M,71
OBTAIN SCREENING PAP SMEAR,60
OCCLUSAL GUARD,"1,242"
OCCULT BLD FECES DX 1-3 SPEC,48
OCCULT BLD FECES SCR 1-3 SPEC,28
OCCULT BLOOD OTHER SOURCE,12
OLIGOCLONAL BANDS CSF,211
ONKOSIGHT MYELOID SEQ,301
OR TIME 1ST 1/2 HOUR,"5,790"
OR TIME EACH ADDL 1/2 HOUR,"1,916"
ORGANIC ACID SCR URINE QUAL,206
ORTHOT FIT/TRN INIT E15M OT,121
OSMOLALITY SERUM,53
OSMOLALITY URINE-RANDOM,55
OSTEOCALCIN,255
OT EVAL HIGH COMPLEXITY,620
OT EVAL LOW COMPLEXITY,512
OT EVAL MODERATE COMPLEXITY,563
OT RE EVALUATION,397
OVA AND PARASITES STOOL,81
OVARIAN MALIGNANCY RISK (ROMA),398
OXALATE TIMED URINE,90
OXCARBAZEPINE LEVEL,122
OXIMETRY; OVERNITE MONITORING,953
PAI-1 ANTIGEN,108
PALLIATIVE TX PAIN,131
PANORAMIC FILM,198
PAP SMEAR THIN LAYER DIAG,100
PARATHYROID HORMONE INTACT,343
PARVOVIRUS B19 IGG IGM,120
PATCH TESTS,534
PATHCONSULT-OR CYTO EXAM INIT,644
PATHCONSULT-OR CYTO EXM E ADD,144
PATIENT TEACHING MED DEVICE,225
PC COR THROMBECTOMY MECH,"3,071"
PC INSRT VAD ART S&I,"1,444"
PDGFRA GENE TARG SEQ BRL BO,331
PERC CLOSURE ASD W/ IMP,"16,829"
PERC CLOSURE VSD/ W IMP,"16,829"
PERC TAVR/TAVI PROS VALV,"15,000"
PERC TCATH LAA CLSR W IMP,"13,439"
PERCUTANEOUS TESTS EXTRACTS,534
PERI PROC EVAL LEADLS PM,151
PERIODIC ORAL EVALUATION,114
PERIODONTAL MAINTENANCE,150
PET BRAIN METABOLIC/NON COV+,"5,428"
PETCT BRAIN AMYLOID,"4,044"
PETCT SARCOID MYOCARD FDG,"6,774"
PETCT SKUL-THI ONC FDG SUBS+,"9,669"
PETCT WB ONC FDG SUBS+,"10,613"
PFM PONTIC,300
PH BODY FLUID NOS,25
PHENOBARBITAL LEVEL,162
PHOSPHATIDYLSERINE AB,178
PHOSPHOLIPASE A2 RECEPTOR AB,59
PHOSPHORUS,43
PHOSPHORUS RANDOM URINE,46
PHOTOPHERESIS EXTRACORPOREAL,"7,589"
PHYSICS CONSULT,"2,675"
PHYSIOL EXT LOW REST+STRESS BI,"1,114"
PHYSIOL EXTREM LOW 3+ LEV BI,"1,988"
PHYSIOL EXTREM LOW 3+ LEV LT,"1,203"
PLATELET AUTOMATED,35
PLC STNT REN VIS UE A 1ST,"12,727"
PLC STNT VEIN 1ST SISC,"10,913"
PLC STNT VEIN ADD SISC,"2,965"
PLD5 INSERTION,"2,450"
PLT FUNCTION P2Y12,198
PNEUM AB IMMUNO QUANT BO,165
PNEUMOCOCCAL ANTIBODY,51
POLYSOMN LES6Y MIN4 PARAM CPAP,"7,963"
POLYSOMN LES6Y MIN4 PARAMETERS,"7,205"
POLYSOMN MIN6Y MIN4 PARAM CPAP,"7,661"
POLYSOMN MIN6Y MIN4 PARAMETERS,"7,153"
PONTIC-PORC FUSED HIGH NOBLE,300
POOLING PLATELETS OTHR PRODCT,252
PORCELAIN VENEER LAB,600
PORPHOBILINOGEN RND UR QUANT,93
PORPHYRINS QUANT/FRACT RAND UR,142
POTASSIUM RANDOM URINE,33
POTASSIUM WHOLE BLD,35
PRE POST BRONCHODILATOR SPIROM,"1,471"
PREALBUMIN,77
PREFABRICATED POST & CORE,464
PREGNANCY URINE QUAL,77
PREGNENOLONE ESO,127
PREKALLIKREIN SCREEN,232
PREMAT RUPT MEMBRANES AMNISURE,350
PREP ANTIGENS IMMUNOTHERAPY,64
PRGM STM & PAC P-IV DRUG,"10,475"
PRIMIDONE (MYSOLINE) LEVEL,138
PRO BNP,328
PROCAINAMIDE W/NAPA LEVEL,58
PROCALCITONIN (PCT),370
PROGESTERONE,294
PROINSULIN,132
PROLACTIN,401
PROMETHEUS CHEMI ASSAY BO,97
PROPHYLAXIS - ADULT,230
PROPHYLAXIS - CHILD,112
PROSTATIC SPECIFIC AG BO,167
PROT TOTAL/CREAT RATIO UR,49
PROTEIN C ACTIVITY/AG REFLEX,238
PROTEIN C ANTIGEN,248
PROTEIN ELECT URN/INTERP/REFLX,150
PROTEIN ELECT/INTERP/REFLX,116
PROTEIN S ANTIGEN TOTAL,376
PROTEIN S FREE ANTIGEN,235
PROTEIN TOTAL CSF,47
PROTEIN TOTAL ELECTROPHOR BO,44
PROTHROMBIN TIME,50
PROTIME SUB PLASMA (50/50),77
PRX ABID ADSORPTION EACH,39
PSA FREE AND TOTAL,171
PSA SCREEN TOTAL,276
PSY DX EVAL W MED SERV,431
PSY DX INTERVIEW EXAM,383
PSYCHOTHRPY INDV  30M,505
PT EVAL HIGH COMPLEXITY,374
PT EVAL LOW COMPLEXITY,309
PT EVAL MODERATE COMPLEXITY,340
PT RE EVALUATION,263
PTA FEM POP ART SISC,"9,064"
PTA ILIAC ART EA ADD SISC,"3,677"
PTA ILIAC ART INIT SISC,"10,741"
PTA TIBPER ART INIT SISC,"15,258"
PTA TIBPR ART EA ADD SISC,"2,889"
PTCA EAAD MC/B,"7,019"
PTCA SGL MC/B+A1641,"10,474"
PTH CALCIUM BILL ONLY,47
PTH RELATED PROTEIN RIA,186
PUD5 INSERTION,"2,240"
PULM PROC RM 1ST 1/2 HOUR,"3,595"
PULM PROC RM EACH ADDL 1/2 HOUR,686
PULSE OX SINGLE,261
PURE TONE AUDIOMETRY AIR BONE,268
PYRUVATE,126
PYRUVATE KINASE,33
Q FEVER AB (COXIELLA BRUNETI),54
QUANTIFERON GOLD TB,238
QUINIDINE LEVEL,76
R&B - CCU,"14,475"
R&B - HOSPICE,"6,580"
R&B - ICU,"14,475"
R&B - NURSERY,"4,690"
R&B - PRIVATE,"8,830"
R&B - PSYCH,"6,070"
R&B - SEMI-PRIVATE,"8,200"
R&B - SEMI-PRIVATE OB,"8,830"
R&B - STEPDOWN,"13,160"
R&B - STEPDOWN PRIVATE,"13,725"
RABIES NEUTRALIZING AB,145
RAPID HIV-1 AND 2 AB,278
RCT ANTERIOR 1 CANAL,250
RCT BICUSPID 2 CANALS,275
RCT MOLAR 3 CANALS,325
RECEMENT CROWN,157
RECOVERY RM 1ST 1/2 HOUR,"1,425"
RECOVERY RM EACH ADDL 1/2 HOUR,224
REDUCING SUBSTANCES URINE,76
RELOC POCKET IMP AICD,"4,436"
REM IMPLNT CARD RECORD,"2,560"
REM TV PPM DUAL LEAD SY,"5,975"
REM W REI NONBIO DEL IMP,"2,000"
REMOVAL NONBIO DEL IMPL,"1,463"
RENAL FUNCTION PANEL,57
RENIN ACTIVITY PLASMA,233
REPO LEAD TV PM IMP AICD,"2,623"
REPOS IMPL S-ICD LEAD,"6,060"
REPOS LV LEAD EXT GEN,"5,598"
REPTILASE TEST,130
RETICULOCYTE MANUAL,25
RETROGR URETHROCYSTOGRAM,655
REV A/OC AMI DE S/A/P SV,"33,065"
REV A/OC AMI SAPT SGL V,"16,294"
REV BGR DE STN/ATH/PTCA,"33,065"
REV BGRT/STNT/ATH/PTCA,"19,246"
REV C/OC ABG DE SAP EAD,"24,799"
REV C/OC ABG S/A/P EAD,"11,288"
REV C/OC ABGR DE SAP SV,"33,065"
REV C/OC ABGR S/A/P S V,"15,408"
RHC LHC W WO VENT,"8,650"
RHEUMATOID FACTOR QUANT,88
RIGHT HEART CATH,"7,648"
RIGHT VENTRICULAR RECORD,"4,704"
RISTOCETIN COFAC VW FACT ACTIV,547
RMV TV PPM ELECT SNGL LD,"4,721"
RMVL CONTRACEP CAPSULE,683
RMVL IMP AICD GEN,"5,478"
RMVL IMPL AICD LEAD(S) TV,"5,975"
RMVL IUD,788
RMVL PPM GEN,"4,636"
RMVL RPL IMP AICD W D LD,"16,566"
RMVL RPL IMP AICD W M LD,"17,266"
RMVL RPL IMP AICD W S LD,"15,937"
RMVL S-ICD LEAD,"6,060"
RMVL W REPL PPM GEN DUAL,"12,236"
RMVL W REPL PPM GEN MULT,"16,457"
RMVL W REPL PPM GEN SGL,"9,625"
ROCK MTN SPOT FEVER IGG (IFA),115
ROTAVIRUS ANTIGEN,138
RPR RAPID PLASMA REAGIN,79
RPR TITER SYPHIL NON TREPO,43
RSV VIRUS ANTIBODY,74
RUBELLA ANTIBODY,132
RUBEOLA AB (MEASLES) IGG,124
RUSSELL VIP VEN TIME DILUTED,195
RVP RAPID 12-25 PCR,"2,643"
RX ADMIN W MEASUREMENTS,"1,348"
SC ARTHROCENTS/INJ SML JNT LT,426
SC ARTHROGRAM INJ ANKLE LT,"2,384"
SC ARTHROGRAM INJ HIP RT,"3,762"
SC BX PROSTATE SNGL  MULT,"3,114"
SC CC/IN UNI/IPS EC A/SI,"7,020"
SC CHA CYSTSTMY TU COMPL,956
SC HYSTEROSALPINGOGRAM NONRAD,"3,623"
SC INJ CYSTOURETHR RETRO,805
SC INJECTION LOOPOGRAM,"5,387"
SC INST THRU REN TUBE LT,516
SC URETHRA CATH CMPLICTD,"1,110"
SC&RPLANING>=4TEETH QUAD,444
SC&RPLANING1-3TEETH QUAD,404
SC-CYSTOGRAPHY INJ,"6,220"
SC-INTRO CATH AORTA,"3,892"
SC-PERICARDIOCENTESIS INT,"2,549"
SC-SPINAL TAP DIAGNOSTIC+,"5,575"
SC-SPINAL TAP THERAPEUTIC+,"2,700"
SEALANT PER TOOTH,40
SED RATE AUTOMATED,89
SELENIUM LEVEL,149
SENSITIVITY MIC EACH,96
SENSORY INTEGRATE 1:1 EA 15-OT,158
SEROTONIN LEVEL WB,496
SEX HORMONE BINDING GLOBULIN,173
SHIGA TOXIN,30
SHV LSN SINGLE SNHFG .6-1CM,288
SHV LSN SINGLE TAL<=.5CM,371
SICKLE CELL REDUCTON PER UNIT,35
"SIGNAL-AVERAGED ECG, W/WO ECG",238
SIMULATION COMPLEX,"7,200"
SIROLIMUS LEVEL,229
SIX MINUTE WALK,568
SKIN TEST TB INTRADERMAL,53
SLEEP STUDY UNATT HR O2  RESP,630
SMEAR BLOOD PARASITES,179
SMPD1 GENE COM VAR BRL BO,201
SODIUM RANDOM URINE,34
SODIUM STOOL PEDS,30
SODIUM WHOLE BLOOD,37
SOMATOMEDIN C (ILGF-1),245
SOMATOSTATIN,254
SP FISTULOGRAM SISC,"2,707"
SP PTA ART INITIAL SISC,"14,786"
SP PTA DIAYLS CIRC C SEG SISC,"7,603"
SP PTA DIAYLS CIRC P SEG SISC,"14,786"
SP PTA VEIN INITIAL SISC,"14,786"
SP THRM PTA DIAL CIR P SE SISC,"24,015"
SP THRM STN DIAL CIR P SE SISC,"30,291"
SP THROMB ANY DIALYS CIRC SISC,"14,786"
SPEC STAIN GR I TC IN PC IN,415
SPEC STAIN GR II TC IN PC IN,517
SPEC TX PROCEDURES,"4,484"
SPECIFIC GRAVITY FLUID,19
SPINAL MUSCULAR ATROPHY,753
SPIROMETRY BEDSIDE,527
SPT THER IND 0-30MIN,485
STEM CELLS TOTAL COUNT CD34,431
STENT ATH TIBPR INT SISC,"21,791"
STENT FEMPOP ART SISC,"13,353"
STENT ILIAC A EA AD SISC,"4,214"
STENT ILIAC ART INIT SISC,"13,343"
STENT TIBPER ART INT SISC,"16,829"
STENT TIBPER EA ADD SISC,"3,980"
STENT W ATHER FEMPOP SISC,"17,392"
STENT WWO PTCA EAD MC/B,"3,764"
STENT WWO PTCA SGL MC/B,"12,709"
STNT DIALYS CIRC P SEG,"24,015"
STOOL PATH ADDL EACH PLATE,69
STRAPPING UNNA BOOT RT,610
STREP RAPID GROUP A,124
STREP THROAT PCR,121
STRESS ECHO W/ CON W/EKG,"3,532"
STRESS ECHO W/O CON W/EKG,"2,826"
STRESS TEST TRACING ONLY,"1,557"
STRONGYLOIDIASIS AB,110
SUCTIONING NASOTRACHEAL ONLY,232
SUSCEPTIBILITY BY KIRBY BAUER,118
SWAN-GANZ PLACEMENT,"6,232"
SYPHILIS SCR TREPO PALLIDUM,60
T B LYMPH TRANS MIT DIF PROFIL,361
T3 TOTAL (TT-3),170
T3 UPTAKE,69
T4 (THYROXINE) TOTAL,91
T4 THYROXINE FREE,154
TACROLIMUS LEVEL,174
TCATH MV REPR PERC ADD,"1,365"
TCATH MV REPR PERC INIT,"5,825"
TEAM CONFERENCE W/O PT/FAM30+M,190
TEE CONGENITAL W/O CON,"1,256"
TEE GD TCIC OR GV STRUCT,"2,379"
TEMP TRNSVNS PCMKR E/C,"6,756"
TESTOSTERONE BIOAVAIL DIRECT,366
TESTOSTERONE FREE AND TOTAL,216
TETANUS ANTIBODY,77
THALLIUM URINE QUANT,120
THEOPHYLLINE LEVEL,88
THERAPEUTIC APHERESIS PLASMA,"4,943"
THERAPEUTIC APHERESIS RBC,"4,998"
THERAPEUTIC APHERESIS WBC,"4,943"
THERAPEUTIC PHLEBOTOMY,"1,016"
THIOCYANATE LEVEL,41
THROMB ART NO COR/IC INIT,"8,048"
THROMB ART NO COR/IC SUB,"2,167"
THROMB SEC ART NO COR/IC,"3,500"
THROMBIN TIME PLASMA,95
THYROGLOBULIN,327
THYROID CANCER MUTATION PANEL,"3,385"
THYROID STIM HORMONE(TSH),285
THYROID STIM IMMUNO (TSI),403
THYROXINE BINDING GLOBULIN,132
TIBC IRON BINDING CAPACITY,63
TICK BORNE AB PANEL SERUM,176
TILT TABLE EVALUATION,"10,048"
TISSUE CUL CHROM BONE MARROW,"1,021"
TISSUE CULT AMNIOTIC FLUID,576
TISSUE CULT NON-NEO LYMPH,382
TISSUE CULTURE NON-NEO OTHER,"1,181"
TISSUE ISH INTER EA ADDL SNGL,322
TMNT SWALLOW DYSFNCTN 30 MIN,506
TOBRAMYCIN LEVEL TROUGH,125
TOPICAL APPL FLUORIDE,82
TOPIRAMATE LEVEL,139
TOXOPLASMA AB IGG,94
TOXOPLASMA IGM ANTIBODY,142
TPMT ENZYME,289
TPMT GENOTYPE,440
TRANSCATH PLAC RT DVC/COR,"3,305"
TRANSCRANIAL DOPPLER; COMPLETE,"1,171"
TRANSCRANIAL DOPPLER; LIMITED,554
TRANSFERRIN,103
TRANSFUSION BLOOD/COMPONENT,"2,631"
TRICH VAG AMP PROB VAGPLUS BO,80
TRIGLYCERIDES,30
TROPONIN-T QUANT,138
TSH RECEPTOR AB,534
TTE CONGNT COMP W/O CON,"2,149"
TUMOR IHC TC IN PC IN,828
TX ACTIVITIES 1TO1 E15M,290
TX EXCERCS 1TO1 1/MOR AREAE15M,382
UGI SINGLE W/O KUB,619
UGI W/AIR NO KUB,336
ULTRA SCREEN TWO,166
ULTRASOUND TRANSRECTAL,437
UNIVERSAL CARRIER SCREEN,56
UREA NITROGEN RANDOM URINE,39
URIC ACID,45
URIC ACID RANDOM URINE,44
URINALYSIS AUTO W/O MICRO,154
URINALYSIS NON AUTO WO MICRO,32
URINALYSIS SPECIFIC GRAVITY,28
URINALYSIS WITH MICROSCOPIC,106
US ABDOMEN COMPLETE,"1,711"
US ABDOMEN IC,"1,043"
US ABDOMEN RT UPR QUADRANT,"1,368"
US BRAIN,311
US BREAST COMPLETE RT,"1,556"
US BREAST LIMITED LT,953
US BX BRST 1ST LT SISC,"7,416"
US BX BRST ADD LT SISC,"4,970"
US CHEST,"1,118"
US DPLX ABD PELV LTD,"2,121"
US DPLX AORTA IVC ILIAC LTD,"1,792"
US DPLX AORTA IVC ILIACS COMPL,"2,093"
US DPLX LWR EXT ARTS LTD RT,"1,242"
US DPLX PELVIC,"3,031"
US ELASTOGRAPHY,"2,023"
US EXAM AAA SCREENING,491
US GUIDANCE INTRAOPERATIVE NR,503
US GUIDE AMNIOCENT S&I,230
US GUIDE CHOR VIL SAMPL S&I,700
US GUIDE FET TRANFUS/CORD S&I,148
US INFANT HIPS DYNAMIC W MANIP,"1,000"
US INFANT HIPS STATIC LTD,525
US INJ ASP JNT BUR LGE RT SISC,"2,284"
US INJ ASP JNT BUR MED RT SISC,"1,271"
US INJ ASP JNT BUR SML LT SISC,560
US INJ(S) PRP ANY SITE SISC,"3,782"
US INTVS CORON EA ADD V/G,"3,425"
US INTVSC CORON INT VS,"4,828"
US JOINT COMPLETE RT,"1,274"
US JOINT NONVASC EXT LTD RT,631
US KIDNEY TRANSPLANT W DOPP RT,810
US KIDNEY(S),729
US KIDNEYS AND BLADDER,"1,914"
US LOCAL BRST 1STLT SISC,"2,266"
US LOCAL BRST ADDRT SISC,263
US OB >1ST TRIM EA ADD GEST,251
US OB EARLY FETUS(ES),"1,311"
US OB F/U EA FETUS,"1,350"
US OB FETALBIOPHYS WO NONSTRES,653
US OB FNTM 1TR SGL/1G,340
US OB GRT THAN 14 WKS 1ST GES,709
US OB LES THAN 14 WKS 1ST GES,602
US OB LES THAN 14WK EA ADD GES,415
US OB MDFA EVL 1TR EA AD G,379
US OB MDFA EVL 1TR SGL/1G,817
US OB TRANSVAGINAL,619
US PELVIC COMPLETE,"1,942"
US PLC LOC SOFTIS 1ST LES SISC,"2,342"
US SCROTUM AND CONTENTS,"1,802"
US SPINAL CANAL AND CONTENTS,479
US THORACENTESIS RT SISC,"2,898"
US THYROID PARATHYROID,"1,891"
US TRANSVAGINAL,"1,918"
US URINARY BLADDER,679
VALPROIC ACID LEVEL FREE,47
VALPROIC ACID LEVEL TOTAL,146
VALVULOPLASTY-AORTA VALVE,"7,755"
VANCOMYCIN LEVEL TROUGH,102
VARICELLA ZOSTER AB IGG,82
"VASECTOMY, UNIL/BIL ","6,733"
VENIPUNCTURE-CLCT VENOUS BLOOD,87
VENOGRAPHY EXT UNI SI,"1,881"
VENTILATOR FIRST DAY,833
VENTILATOR SUBSEQUENT DAY,719
VIP VASOACT INT PEPT,166
VIRAL CULTURE NON RESPIRATORY,590
VIRAL CULTURE-HERPES,249
VIRUS ISOLATE HSV BO,173
VISCOSITY SERUM,80
VITAL CAPACITY,269
VITAMIN A,110
VITAMIN B1 THIAMINE,312
VITAMIN B12 BINDING,177
VITAMIN B12 SERUM,117
VITAMIN B-2 RIBOFLAVIN,144
VITAMIN B3 NIACIN,104
VITAMIN B6 (PYRIDOXAL PHOSPH),257
VITAMIN C (ASCORBIC ACID),103
VITAMIN D 1-25 DIHYDROXY,241
VITAMIN D 25 HYDROXY,234
VITAMIN E TOCOPHEROL ALPHA,182
VITAMIN K,254
VLDL CHOLESTEROL,45
VMA QUANT 24HR URINE,166
VOIDING CYSTOURETHROGRAM+,"1,928"
"VOIDING PRESURE,INTRA ABDOMNAL",582
VWF MULTIMER ANALYSIS,417
WBC COUNT AUTO,67
WEST NILE VIRUS CSF,178
WEST NILE VIRUS CSF BO,116
WHEELCHAIR MNGMT EA 15MIN,169
XR ABDOMEN 2V,459
XR ABDOMEN 3 POSITION W CHEST,694
XR ABDOMEN MINIMUM 3V,535
XR ABDOMEN PORTABLE URGENT 1V,384
XR AC JNTS W OR WO WEIGHTS BI,628
XR ANKLE COMP MIN 3 VIEWS RT,851
XR ANKLE POST RED 2 VIEWS RT,539
XR BONE AGE STUDY,477
XR BONE DENS AXIAL W VERT FX,"1,218"
XR BONE DENSITY APPENDICULAR,557
XR BONE DENSITY AXIAL,779
XR BONE DENSITY VERTEBRAL FX,220
XR BONE SURVEY COMPLETE,374
XR BONE SURVEY LIMITED,343
XR C SPINE AP LAT ONLY 2-3V,950
XR C SPINE COMPLETE 4-5 VIEWS,"1,335"
XR C SPINE FLEX EXT 6+V,"1,552"
XR CALCANEOUS MIN 2 VIEWS LT,578
XR CHEST PA LAT 2V,589
XR CHEST PA LAT W LORDOTIC 3V,749
XR CHEST PA LAT W OBLIQUES 4V,770
XR CHEST PORTABLE URGENT 1V,321
XR CHOLANGIOGRAM INTRAOP SI NR,636
XR CISTERNOGRAPHY POS CON SI,"1,088"
XR CLAVICLE COMPLETE LT,543
XR ELBOW 2 VIEWS RT,708
XR ELBOW COMP MIN 3V LT,837
XR EPIDUROGRAPHY SI,454
XR ERCP CATH BIL PAN DUC SI NR,676
XR ERCP CATH BILE DUCT SI NR,599
XR ERCP CATH PANCR DUCT SI NR,739
XR ESOPHAGUS,590
XR EYE FOREIGN BODY LT,182
XR FACIAL BONE COMP 3V OR MORE,429
XR FEEDING TUBE CHECK SISC,"1,976"
XR FEMUR 1 VIEW LT,268
XR FEMUR 2 VIEWS RT,317
XR FINGER(S) MIN 2 VIEWS RT,495
XR FLUORO GDE SPN INJ EP SA,"1,114"
XR FLUORO GRT 1 HOUR,839
XR FLUORO TO 1 HR NR,879
XR FOOT 2 VIEWS RT,398
XR FOOT COMP MIN 3 VIEWS RT,816
XR FOREARM 2 VIEWS LT,702
XR FOREIGN BODY EXAM CHILD 1V,234
XR HAND 2 VIEWS LT,843
XR HAND MIN 3 VIEWS RT,993
XR HIP 1V RT,335
XR HIP 2-3V RT,445
XR HIPS BI WITH PELV 2V,443
XR HIPS BI WITH PELV 3-4V,533
XR HIPS BI WITH PELV MIN 5V,639
XR HUMERUS MIN 2 VIEWS RT,612
XR HYPAQUE ENEMA,879
XR HYSTEROSALPINGOGRAM SI NR,"1,579"
XR KNEE 1-2 VIEWS RT,303
XR KNEE AP LAT OBL 3 VIEWS RT,404
XR KNEE COMP 4+ VIEWS RT,425
XR KNEES AP STANDING BI,329
XR LEG LENGTH STUDY,353
XR LS SPINE AP LAT 2-3 VIEWS,674
XR LS SPINE MIN 4 VIEWS,967
XR LS SPINE W BEND MIN 6 VIEWS,"1,199"
XR LS SPINE W BEND ONLY 2-3V,691
XR LWR EXT INFANT MIN 2V LT,872
XR MANDIBLE LESS THAN 4V,339
XR MANDIBLE MIN 4 VIEWS,464
XR MODIFIED BARIUM SWALLOW,410
XR MYELOGRAPHY CERVICAL SISC,"1,141"
XR MYELOGRAPHY LUMBOSAC SISC,"1,125"
XR MYELOGRAPHY LUMBOSACRAL SI,"1,439"
XR MYELOGRAPHY MULT REG SISC,"1,173"
XR MYELOGRAPHY THORACIC SISC,"1,157"
XR NASAL BONES MIN 3 VIEWS,453
XR NECK SOFT TISSUE,278
XR NG TUBE PLC W FLUORO SISC,724
XR ORBITS MIN 4 VIEWS COMP,343
XR PELVIS AP ONLY 1-2 VIEWS,343
XR PELVIS COMPLETE MIN 3 VIEWS,400
XR PYELOGRAM RETROGRADE NR,"1,078"
XR RIBS 2 VIEWS LT,533
XR RIBS 3 VIEWS BI,515
XR RIBS W PA CHEST 3 VIEWS  LT,682
XR RIBS W PA CHEST MIN 4V BI,594
XR SACROILIAC JNTS 3+ VIEWS,616
XR SACROILIAC JNTS LES 3 VIEWS,343
XR SACRUM COCCYX MIN 2 VIEWS,348
XR SCAPULA COMPLETE LT,592
XR SHOULDER AXILLARY 1 VIEW RT,453
XR SHOULDER COMP MIN 2V RT,771
XR SINUSES PARANASAL LES 3V,234
XR SINUSES PARANASAL MIN 3 V,393
XR SKULL COMP MIN 4 VIEWS,"1,004"
XR SKULL LATERAL,719
XR SMALL BOWEL ONLY,360
XR SPINE 1 VIEW,245
XR SPINE ENTIRE THOR LUM 2-3V,605
XR SPINE ENTIRE THOR LUM MIN6V,786
XR SPINE ENTIRE THOR LUM4-5,656
XR SPINE THOR LUM JUNCTION 2V,492
XR STERNOCLAVCLR JNT(S) MIN 3V,276
XR STERNUM MIN 2 VIEWS,201
XR T SPINE 2 VIEWS,500
XR T SPINE AP LAT SWIM 3 VIEWS,523
XR T SPINE MIN 4 VIEWS,617
XR TIB FIB AP LAT 2 VIEWS LT,926
XR TMJ BI,211
XR TOE(S) MIN 2 VIEWS LT,686
XR UGI AIR CONTRAST W KUB,432
XR UGI SINGLE W KUB,957
XR UGI W SMALL BOWEL,"1,307"
XR UROGRAPHY IVP,500
XR WRIST COMP MIN 3 VIEWS LT,803
XR WRIST POST RED AP LAT 2V LT,691
X-RAY BITEWING 1 FILM,930
X-RAY BITEWINGS 3 FILMS,"1,366"
"X-RAY, BITEWINGS, 2 FILMS","1,242"
"X-RAY, BITEWINGS, 4 FILMS","1,503"
"X-RAY, PERIAPICAL 1ST FILM",50
"X-RAY,PERIAPICAL EA ADD'L FILM",28
"X-RAYS, FULL MOUTH SERIES",236
ZIKA IGM,76
ZIKA PCR SERUM,628
ZINC LEVEL,106
ZONISAMIDE LEVEL,63
